order_id,product_id,category,quantity,unit_price,discount,line_total
ORD000001,P0009,Electronics,1,236.37,0.15,200.91
ORD000001,P0002,Electronics,1,282.77,0.0,282.77
ORD000002,P0074,Sports,2,200.27,0.1,360.49
ORD000003,P0002,Electronics,1,282.77,0.0,282.77
ORD000004,P0050,Fashion,1,175.37,0.0,175.37
ORD000004,P0042,Fashion,1,113.53,0.05,107.85
ORD000004,P0095,Beauty,1,30.92,0.0,30.92
ORD000005,P0020,Electronics,2,781.45,0.0,1562.9
ORD000005,P0043,Fashion,2,83.9,0.0,167.8
ORD000005,P0061,Sports,2,272.82,0.0,545.64
ORD000006,P0053,Fashion,1,62.69,0.0,62.69
ORD000006,P0089,Beauty,3,20.66,0.05,58.88
ORD000006,P0036,Home & Garden,1,64.58,0.0,64.58
ORD000007,P0112,Books & Media,2,36.19,0.2,57.9
ORD000008,P0020,Electronics,2,781.45,0.0,1562.9
ORD000009,P0086,Beauty,1,112.91,0.0,112.91
ORD000009,P0093,Beauty,1,54.29,0.1,48.86
ORD000010,P0026,Home & Garden,1,101.99,0.0,101.99
ORD000010,P0006,Electronics,3,234.84,0.0,704.52
ORD000010,P0045,Fashion,1,34.55,0.0,34.55
ORD000011,P0096,Beauty,1,56.41,0.0,56.41
ORD000012,P0055,Fashion,2,92.6,0.0,185.2
ORD000012,P0015,Electronics,1,769.37,0.0,769.37
ORD000013,P0001,Electronics,1,592.51,0.1,533.26
ORD000013,P0036,Home & Garden,3,64.58,0.0,193.74
ORD000014,P0070,Sports,1,273.9,0.0,273.9
ORD000015,P0046,Fashion,1,37.54,0.0,37.54
ORD000015,P0024,Home & Garden,1,38.74,0.0,38.74
ORD000016,P0089,Beauty,2,20.66,0.05,39.25
ORD000017,P0070,Sports,1,273.9,0.0,273.9
ORD000017,P0008,Electronics,1,601.4,0.0,601.4
ORD000018,P0089,Beauty,1,20.66,0.0,20.66
ORD000019,P0004,Electronics,1,807.35,0.0,807.35
ORD000020,P0023,Home & Garden,1,33.75,0.0,33.75
ORD000020,P0101,Books & Media,1,58.39,0.0,58.39
ORD000020,P0006,Electronics,1,234.84,0.0,234.84
ORD000021,P0091,Beauty,1,90.2,0.1,81.18
ORD000021,P0076,Sports,1,348.42,0.05,331.0
ORD000021,P0085,Beauty,1,33.57,0.0,33.57
ORD000021,P0043,Fashion,1,83.9,0.0,83.9
ORD000022,P0003,Electronics,2,675.0,0.0,1350.0
ORD000023,P0111,Books & Media,2,58.37,0.0,116.74
ORD000024,P0104,Books & Media,2,28.85,0.0,57.7
ORD000025,P0002,Electronics,2,282.77,0.0,565.54
ORD000026,P0077,Sports,1,167.38,0.1,150.64
ORD000027,P0108,Books & Media,2,57.78,0.05,109.78
ORD000027,P0042,Fashion,1,113.53,0.1,102.18
ORD000028,P0084,Beauty,1,36.18,0.05,34.37
ORD000028,P0115,Books & Media,1,16.19,0.0,16.19
ORD000029,P0016,Electronics,3,735.06,0.1,1984.66
ORD000029,P0050,Fashion,2,175.37,0.0,350.74
ORD000030,P0076,Sports,3,348.42,0.1,940.73
ORD000031,P0035,Home & Garden,1,89.13,0.0,89.13
ORD000032,P0050,Fashion,1,175.37,0.0,175.37
ORD000033,P0086,Beauty,1,112.91,0.0,112.91
ORD000034,P0044,Fashion,1,179.61,0.05,170.63
ORD000034,P0038,Home & Garden,2,169.03,0.0,338.06
ORD000035,P0034,Home & Garden,1,68.83,0.0,68.83
ORD000036,P0047,Fashion,1,146.73,0.1,132.06
ORD000036,P0066,Sports,1,124.94,0.0,124.94
ORD000036,P0041,Fashion,2,109.82,0.05,208.66
ORD000037,P0110,Books & Media,2,16.05,0.2,25.68
ORD000037,P0058,Fashion,1,166.02,0.0,166.02
ORD000037,P0052,Fashion,1,129.07,0.15,109.71
ORD000038,P0020,Electronics,1,781.45,0.0,781.45
ORD000039,P0008,Electronics,1,601.4,0.0,601.4
ORD000040,P0069,Sports,1,47.49,0.1,42.74
ORD000040,P0091,Beauty,1,90.2,0.1,81.18
ORD000040,P0002,Electronics,2,282.77,0.1,508.99
ORD000041,P0066,Sports,3,124.94,0.0,374.82
ORD000042,P0089,Beauty,1,20.66,0.0,20.66
ORD000042,P0119,Books & Media,1,54.29,0.0,54.29
ORD000043,P0112,Books & Media,1,36.19,0.0,36.19
ORD000044,P0010,Electronics,2,737.02,0.0,1474.04
ORD000044,P0099,Beauty,1,70.54,0.05,67.01
ORD000045,P0099,Beauty,2,70.54,0.2,112.86
ORD000045,P0076,Sports,1,348.42,0.0,348.42
ORD000046,P0089,Beauty,2,20.66,0.0,41.32
ORD000047,P0015,Electronics,1,769.37,0.0,769.37
ORD000047,P0060,Fashion,1,117.44,0.1,105.7
ORD000048,P0039,Home & Garden,1,229.92,0.05,218.42
ORD000049,P0044,Fashion,1,179.61,0.0,179.61
ORD000050,P0017,Electronics,3,504.79,0.05,1438.65
ORD000051,P0019,Electronics,3,753.99,0.0,2261.97
ORD000052,P0082,Beauty,2,35.18,0.05,66.84
ORD000052,P0059,Fashion,1,67.75,0.05,64.36
ORD000052,P0115,Books & Media,1,16.19,0.15,13.76
ORD000052,P0062,Sports,1,278.05,0.05,264.15
ORD000052,P0058,Fashion,1,166.02,0.0,166.02
ORD000053,P0045,Fashion,1,34.55,0.0,34.55
ORD000054,P0062,Sports,2,278.05,0.05,528.29
ORD000055,P0085,Beauty,3,33.57,0.05,95.67
ORD000056,P0088,Beauty,1,98.82,0.0,98.82
ORD000057,P0047,Fashion,1,146.73,0.15,124.72
ORD000058,P0015,Electronics,2,769.37,0.1,1384.87
ORD000058,P0020,Electronics,1,781.45,0.0,781.45
ORD000059,P0073,Sports,1,162.52,0.05,154.39
ORD000059,P0071,Sports,1,179.47,0.0,179.47
ORD000059,P0063,Sports,1,25.19,0.0,25.19
ORD000060,P0008,Electronics,1,601.4,0.0,601.4
ORD000060,P0029,Home & Garden,2,55.22,0.0,110.44
ORD000060,P0059,Fashion,1,67.75,0.2,54.2
ORD000060,P0022,Home & Garden,1,68.56,0.05,65.13
ORD000061,P0070,Sports,1,273.9,0.0,273.9
ORD000061,P0109,Books & Media,1,36.9,0.0,36.9
ORD000062,P0040,Home & Garden,2,77.25,0.0,154.5
ORD000063,P0107,Books & Media,1,31.66,0.0,31.66
ORD000063,P0055,Fashion,3,92.6,0.0,277.8
ORD000063,P0008,Electronics,1,601.4,0.2,481.12
ORD000064,P0005,Electronics,2,407.63,0.0,815.26
ORD000064,P0056,Fashion,2,160.14,0.05,304.27
ORD000064,P0022,Home & Garden,1,68.56,0.0,68.56
ORD000065,P0071,Sports,3,179.47,0.05,511.49
ORD000065,P0008,Electronics,1,601.4,0.1,541.26
ORD000065,P0035,Home & Garden,1,89.13,0.1,80.22
ORD000066,P0063,Sports,1,25.19,0.15,21.41
ORD000067,P0058,Fashion,2,166.02,0.0,332.04
ORD000067,P0060,Fashion,1,117.44,0.0,117.44
ORD000068,P0042,Fashion,2,113.53,0.05,215.71
ORD000068,P0039,Home & Garden,1,229.92,0.0,229.92
ORD000069,P0112,Books & Media,1,36.19,0.15,30.76
ORD000070,P0070,Sports,1,273.9,0.0,273.9
ORD000070,P0001,Electronics,1,592.51,0.05,562.88
ORD000071,P0034,Home & Garden,2,68.83,0.0,137.66
ORD000071,P0119,Books & Media,1,54.29,0.1,48.86
ORD000072,P0053,Fashion,1,62.69,0.05,59.56
ORD000072,P0015,Electronics,1,769.37,0.0,769.37
ORD000073,P0039,Home & Garden,1,229.92,0.05,218.42
ORD000074,P0001,Electronics,1,592.51,0.0,592.51
ORD000074,P0045,Fashion,1,34.55,0.05,32.82
ORD000074,P0058,Fashion,1,166.02,0.0,166.02
ORD000075,P0001,Electronics,1,592.51,0.0,592.51
ORD000075,P0091,Beauty,2,90.2,0.05,171.38
ORD000075,P0067,Sports,1,310.35,0.0,310.35
ORD000076,P0079,Sports,1,134.88,0.05,128.14
ORD000077,P0002,Electronics,1,282.77,0.0,282.77
ORD000077,P0091,Beauty,2,90.2,0.0,180.4
ORD000078,P0031,Home & Garden,1,247.54,0.0,247.54
ORD000078,P0060,Fashion,1,117.44,0.05,111.57
ORD000079,P0068,Sports,3,52.84,0.05,150.59
ORD000079,P0017,Electronics,2,504.79,0.1,908.62
ORD000079,P0120,Books & Media,1,38.91,0.15,33.07
ORD000080,P0022,Home & Garden,2,68.56,0.0,137.12
ORD000080,P0023,Home & Garden,3,33.75,0.0,101.25
ORD000080,P0060,Fashion,1,117.44,0.05,111.57
ORD000081,P0003,Electronics,1,675.0,0.05,641.25
ORD000081,P0033,Home & Garden,1,213.07,0.2,170.46
ORD000081,P0026,Home & Garden,1,101.99,0.05,96.89
ORD000082,P0060,Fashion,1,117.44,0.0,117.44
ORD000082,P0010,Electronics,1,737.02,0.15,626.47
ORD000082,P0017,Electronics,1,504.79,0.2,403.83
ORD000082,P0029,Home & Garden,2,55.22,0.1,99.4
ORD000082,P0060,Fashion,2,117.44,0.05,223.14
ORD000083,P0099,Beauty,1,70.54,0.1,63.49
ORD000083,P0070,Sports,2,273.9,0.05,520.41
ORD000084,P0068,Sports,2,52.84,0.0,105.68
ORD000084,P0030,Home & Garden,1,53.4,0.0,53.4
ORD000085,P0043,Fashion,2,83.9,0.05,159.41
ORD000085,P0044,Fashion,3,179.61,0.1,484.95
ORD000085,P0071,Sports,1,179.47,0.1,161.52
ORD000086,P0092,Beauty,1,118.26,0.15,100.52
ORD000086,P0047,Fashion,2,146.73,0.05,278.79
ORD000086,P0036,Home & Garden,1,64.58,0.05,61.35
ORD000087,P0032,Home & Garden,1,145.88,0.0,145.88
ORD000087,P0002,Electronics,2,282.77,0.05,537.26
ORD000088,P0064,Sports,1,31.33,0.0,31.33
ORD000088,P0043,Fashion,1,83.9,0.15,71.32
ORD000088,P0019,Electronics,1,753.99,0.0,753.99
ORD000088,P0001,Electronics,1,592.51,0.0,592.51
ORD000089,P0111,Books & Media,1,58.37,0.1,52.53
ORD000090,P0004,Electronics,1,807.35,0.1,726.62
ORD000091,P0015,Electronics,3,769.37,0.1,2077.3
ORD000092,P0044,Fashion,1,179.61,0.0,179.61
ORD000092,P0110,Books & Media,1,16.05,0.2,12.84
ORD000093,P0089,Beauty,1,20.66,0.2,16.53
ORD000094,P0104,Books & Media,2,28.85,0.15,49.04
ORD000095,P0003,Electronics,1,675.0,0.1,607.5
ORD000096,P0043,Fashion,1,83.9,0.1,75.51
ORD000097,P0028,Home & Garden,2,167.29,0.0,334.58
ORD000097,P0026,Home & Garden,2,101.99,0.15,173.38
ORD000097,P0099,Beauty,1,70.54,0.0,70.54
ORD000097,P0025,Home & Garden,1,164.39,0.0,164.39
ORD000098,P0004,Electronics,3,807.35,0.0,2422.05
ORD000099,P0063,Sports,1,25.19,0.05,23.93
ORD000100,P0018,Electronics,1,370.75,0.0,370.75
ORD000101,P0021,Home & Garden,1,180.57,0.0,180.57
ORD000101,P0064,Sports,3,31.33,0.0,93.99
ORD000101,P0059,Fashion,2,67.75,0.0,135.5
ORD000102,P0098,Beauty,3,58.74,0.0,176.22
ORD000102,P0066,Sports,1,124.94,0.1,112.45
ORD000102,P0090,Beauty,1,56.59,0.0,56.59
ORD000103,P0006,Electronics,1,234.84,0.0,234.84
ORD000103,P0069,Sports,1,47.49,0.1,42.74
ORD000104,P0011,Electronics,1,733.95,0.15,623.86
ORD000104,P0038,Home & Garden,1,169.03,0.0,169.03
ORD000104,P0058,Fashion,3,166.02,0.0,498.06
ORD000104,P0011,Electronics,2,733.95,0.0,1467.9
ORD000104,P0044,Fashion,1,179.61,0.15,152.67
ORD000105,P0004,Electronics,2,807.35,0.05,1533.96
ORD000105,P0088,Beauty,1,98.82,0.0,98.82
ORD000105,P0047,Fashion,1,146.73,0.0,146.73
ORD000106,P0100,Beauty,1,119.92,0.1,107.93
ORD000106,P0002,Electronics,1,282.77,0.2,226.22
ORD000106,P0110,Books & Media,3,16.05,0.0,48.15
ORD000107,P0067,Sports,1,310.35,0.0,310.35
ORD000108,P0084,Beauty,2,36.18,0.05,68.74
ORD000108,P0106,Books & Media,1,21.79,0.0,21.79
ORD000108,P0022,Home & Garden,2,68.56,0.0,137.12
ORD000109,P0051,Fashion,1,21.84,0.0,21.84
ORD000109,P0079,Sports,1,134.88,0.0,134.88
ORD000110,P0055,Fashion,2,92.6,0.0,185.2
ORD000111,P0051,Fashion,1,21.84,0.15,18.56
ORD000112,P0072,Sports,1,111.14,0.05,105.58
ORD000112,P0105,Books & Media,1,27.71,0.0,27.71
ORD000112,P0076,Sports,1,348.42,0.05,331.0
ORD000113,P0110,Books & Media,1,16.05,0.0,16.05
ORD000113,P0069,Sports,2,47.49,0.05,90.23
ORD000114,P0077,Sports,2,167.38,0.0,334.76
ORD000115,P0080,Sports,1,99.79,0.2,79.83
ORD000116,P0018,Electronics,1,370.75,0.0,370.75
ORD000116,P0053,Fashion,2,62.69,0.2,100.3
ORD000116,P0019,Electronics,1,753.99,0.0,753.99
ORD000117,P0099,Beauty,2,70.54,0.0,141.08
ORD000117,P0020,Electronics,1,781.45,0.0,781.45
ORD000118,P0047,Fashion,2,146.73,0.05,278.79
ORD000119,P0040,Home & Garden,1,77.25,0.2,61.8
ORD000119,P0117,Books & Media,2,38.94,0.15,66.2
ORD000120,P0007,Electronics,1,71.56,0.05,67.98
ORD000121,P0027,Home & Garden,3,77.74,0.1,209.9
ORD000122,P0092,Beauty,1,118.26,0.05,112.35
ORD000123,P0098,Beauty,2,58.74,0.1,105.73
ORD000124,P0020,Electronics,1,781.45,0.0,781.45
ORD000124,P0096,Beauty,2,56.41,0.2,90.26
ORD000125,P0048,Fashion,1,30.16,0.1,27.14
ORD000125,P0017,Electronics,1,504.79,0.05,479.55
ORD000126,P0011,Electronics,1,733.95,0.15,623.86
ORD000126,P0055,Fashion,3,92.6,0.0,277.8
ORD000126,P0047,Fashion,1,146.73,0.05,139.39
ORD000126,P0077,Sports,1,167.38,0.0,167.38
ORD000126,P0037,Home & Garden,1,220.95,0.05,209.9
ORD000127,P0030,Home & Garden,1,53.4,0.0,53.4
ORD000127,P0077,Sports,1,167.38,0.0,167.38
ORD000127,P0086,Beauty,1,112.91,0.0,112.91
ORD000128,P0028,Home & Garden,1,167.29,0.0,167.29
ORD000129,P0068,Sports,1,52.84,0.0,52.84
ORD000130,P0005,Electronics,1,407.63,0.0,407.63
ORD000130,P0031,Home & Garden,1,247.54,0.15,210.41
ORD000130,P0005,Electronics,1,407.63,0.1,366.87
ORD000130,P0107,Books & Media,3,31.66,0.0,94.98
ORD000130,P0048,Fashion,1,30.16,0.0,30.16
ORD000131,P0057,Fashion,2,100.09,0.15,170.15
ORD000131,P0106,Books & Media,1,21.79,0.0,21.79
ORD000132,P0039,Home & Garden,1,229.92,0.0,229.92
ORD000132,P0037,Home & Garden,2,220.95,0.0,441.9
ORD000132,P0037,Home & Garden,1,220.95,0.2,176.76
ORD000133,P0033,Home & Garden,1,213.07,0.1,191.76
ORD000134,P0055,Fashion,1,92.6,0.0,92.6
ORD000134,P0066,Sports,1,124.94,0.1,112.45
ORD000134,P0051,Fashion,1,21.84,0.05,20.75
ORD000134,P0082,Beauty,1,35.18,0.0,35.18
ORD000135,P0086,Beauty,3,112.91,0.0,338.73
ORD000135,P0087,Beauty,1,61.99,0.15,52.69
ORD000135,P0067,Sports,1,310.35,0.05,294.83
ORD000135,P0049,Fashion,2,179.38,0.0,358.76
ORD000135,P0003,Electronics,1,675.0,0.0,675.0
ORD000136,P0061,Sports,1,272.82,0.0,272.82
ORD000136,P0012,Electronics,1,338.21,0.0,338.21
ORD000137,P0019,Electronics,3,753.99,0.2,1809.58
ORD000137,P0036,Home & Garden,2,64.58,0.0,129.16
ORD000137,P0095,Beauty,2,30.92,0.0,61.84
ORD000137,P0088,Beauty,1,98.82,0.0,98.82
ORD000138,P0036,Home & Garden,2,64.58,0.0,129.16
ORD000138,P0098,Beauty,1,58.74,0.05,55.8
ORD000138,P0013,Electronics,1,862.63,0.1,776.37
ORD000139,P0043,Fashion,1,83.9,0.1,75.51
ORD000140,P0103,Books & Media,1,33.25,0.0,33.25
ORD000141,P0054,Fashion,1,37.85,0.2,30.28
ORD000141,P0092,Beauty,2,118.26,0.05,224.69
ORD000141,P0063,Sports,1,25.19,0.0,25.19
ORD000142,P0063,Sports,1,25.19,0.05,23.93
ORD000143,P0055,Fashion,1,92.6,0.0,92.6
ORD000144,P0017,Electronics,1,504.79,0.05,479.55
ORD000145,P0114,Books & Media,2,34.15,0.0,68.3
ORD000145,P0045,Fashion,1,34.55,0.1,31.1
ORD000146,P0006,Electronics,2,234.84,0.0,469.68
ORD000147,P0017,Electronics,1,504.79,0.0,504.79
ORD000147,P0061,Sports,3,272.82,0.0,818.46
ORD000147,P0020,Electronics,1,781.45,0.05,742.38
ORD000147,P0057,Fashion,1,100.09,0.0,100.09
ORD000147,P0111,Books & Media,1,58.37,0.05,55.45
ORD000148,P0032,Home & Garden,1,145.88,0.0,145.88
ORD000149,P0007,Electronics,1,71.56,0.0,71.56
ORD000149,P0027,Home & Garden,1,77.74,0.05,73.85
ORD000150,P0023,Home & Garden,1,33.75,0.1,30.38
ORD000151,P0090,Beauty,1,56.59,0.1,50.93
ORD000151,P0019,Electronics,1,753.99,0.1,678.59
ORD000152,P0117,Books & Media,1,38.94,0.1,35.05
ORD000153,P0003,Electronics,2,675.0,0.0,1350.0
ORD000154,P0079,Sports,1,134.88,0.0,134.88
ORD000154,P0003,Electronics,1,675.0,0.0,675.0
ORD000154,P0047,Fashion,1,146.73,0.1,132.06
ORD000154,P0097,Beauty,3,37.48,0.05,106.82
ORD000154,P0018,Electronics,1,370.75,0.15,315.14
ORD000155,P0109,Books & Media,1,36.9,0.2,29.52
ORD000155,P0014,Electronics,2,127.83,0.05,242.88
ORD000155,P0002,Electronics,3,282.77,0.0,848.31
ORD000155,P0034,Home & Garden,2,68.83,0.15,117.01
ORD000155,P0025,Home & Garden,1,164.39,0.05,156.17
ORD000156,P0040,Home & Garden,1,77.25,0.0,77.25
ORD000156,P0021,Home & Garden,1,180.57,0.05,171.54
ORD000156,P0049,Fashion,2,179.38,0.0,358.76
ORD000156,P0118,Books & Media,3,20.23,0.0,60.69
ORD000156,P0117,Books & Media,1,38.94,0.2,31.15
ORD000157,P0016,Electronics,1,735.06,0.0,735.06
ORD000157,P0030,Home & Garden,1,53.4,0.05,50.73
ORD000157,P0112,Books & Media,1,36.19,0.1,32.57
ORD000158,P0026,Home & Garden,1,101.99,0.0,101.99
ORD000159,P0113,Books & Media,1,10.97,0.0,10.97
ORD000159,P0082,Beauty,2,35.18,0.0,70.36
ORD000159,P0101,Books & Media,1,58.39,0.0,58.39
ORD000160,P0001,Electronics,2,592.51,0.15,1007.27
ORD000161,P0025,Home & Garden,1,164.39,0.0,164.39
ORD000161,P0080,Sports,1,99.79,0.15,84.82
ORD000162,P0083,Beauty,1,104.56,0.0,104.56
ORD000163,P0075,Sports,1,90.37,0.1,81.33
ORD000163,P0042,Fashion,1,113.53,0.1,102.18
ORD000163,P0062,Sports,1,278.05,0.0,278.05
ORD000164,P0083,Beauty,2,104.56,0.0,209.12
ORD000165,P0056,Fashion,1,160.14,0.1,144.13
ORD000165,P0075,Sports,1,90.37,0.0,90.37
ORD000165,P0115,Books & Media,1,16.19,0.1,14.57
ORD000166,P0082,Beauty,1,35.18,0.05,33.42
ORD000167,P0081,Beauty,1,17.81,0.0,17.81
ORD000168,P0101,Books & Media,1,58.39,0.1,52.55
ORD000169,P0119,Books & Media,1,54.29,0.0,54.29
ORD000170,P0040,Home & Garden,3,77.25,0.0,231.75
ORD000171,P0012,Electronics,3,338.21,0.05,963.9
ORD000172,P0051,Fashion,1,21.84,0.05,20.75
ORD000172,P0012,Electronics,1,338.21,0.0,338.21
ORD000172,P0032,Home & Garden,1,145.88,0.0,145.88
ORD000173,P0103,Books & Media,1,33.25,0.0,33.25
ORD000174,P0109,Books & Media,1,36.9,0.0,36.9
ORD000174,P0059,Fashion,2,67.75,0.05,128.72
ORD000175,P0063,Sports,1,25.19,0.15,21.41
ORD000175,P0010,Electronics,3,737.02,0.0,2211.06
ORD000175,P0060,Fashion,1,117.44,0.1,105.7
ORD000176,P0035,Home & Garden,1,89.13,0.05,84.67
ORD000176,P0007,Electronics,1,71.56,0.1,64.4
ORD000177,P0045,Fashion,1,34.55,0.05,32.82
ORD000177,P0034,Home & Garden,2,68.83,0.0,137.66
ORD000178,P0059,Fashion,2,67.75,0.0,135.5
ORD000179,P0059,Fashion,1,67.75,0.0,67.75
ORD000180,P0076,Sports,1,348.42,0.0,348.42
ORD000180,P0072,Sports,2,111.14,0.0,222.28
ORD000181,P0018,Electronics,2,370.75,0.0,741.5
ORD000182,P0059,Fashion,1,67.75,0.0,67.75
ORD000182,P0067,Sports,2,310.35,0.1,558.63
ORD000183,P0015,Electronics,1,769.37,0.0,769.37
ORD000184,P0011,Electronics,1,733.95,0.0,733.95
ORD000184,P0040,Home & Garden,1,77.25,0.0,77.25
ORD000184,P0023,Home & Garden,2,33.75,0.0,67.5
ORD000184,P0069,Sports,1,47.49,0.0,47.49
ORD000185,P0057,Fashion,2,100.09,0.0,200.18
ORD000185,P0028,Home & Garden,1,167.29,0.0,167.29
ORD000186,P0120,Books & Media,1,38.91,0.1,35.02
ORD000187,P0106,Books & Media,2,21.79,0.1,39.22
ORD000187,P0011,Electronics,1,733.95,0.15,623.86
ORD000187,P0043,Fashion,2,83.9,0.0,167.8
ORD000188,P0001,Electronics,1,592.51,0.0,592.51
ORD000189,P0110,Books & Media,1,16.05,0.0,16.05
ORD000189,P0038,Home & Garden,1,169.03,0.0,169.03
ORD000189,P0035,Home & Garden,1,89.13,0.15,75.76
ORD000189,P0058,Fashion,1,166.02,0.0,166.02
ORD000190,P0044,Fashion,3,179.61,0.2,431.06
ORD000191,P0102,Books & Media,1,52.13,0.15,44.31
ORD000191,P0008,Electronics,1,601.4,0.0,601.4
ORD000191,P0003,Electronics,1,675.0,0.05,641.25
ORD000191,P0079,Sports,1,134.88,0.05,128.14
ORD000192,P0111,Books & Media,1,58.37,0.0,58.37
ORD000193,P0018,Electronics,2,370.75,0.05,704.42
ORD000193,P0052,Fashion,2,129.07,0.0,258.14
ORD000193,P0091,Beauty,1,90.2,0.0,90.2
ORD000193,P0051,Fashion,2,21.84,0.0,43.68
ORD000193,P0075,Sports,1,90.37,0.15,76.81
ORD000194,P0055,Fashion,1,92.6,0.0,92.6
ORD000194,P0104,Books & Media,1,28.85,0.15,24.52
ORD000195,P0030,Home & Garden,1,53.4,0.05,50.73
ORD000195,P0105,Books & Media,2,27.71,0.1,49.88
ORD000195,P0104,Books & Media,1,28.85,0.2,23.08
ORD000195,P0003,Electronics,2,675.0,0.1,1215.0
ORD000196,P0067,Sports,1,310.35,0.1,279.32
ORD000196,P0085,Beauty,1,33.57,0.15,28.53
ORD000196,P0052,Fashion,1,129.07,0.1,116.16
ORD000197,P0077,Sports,1,167.38,0.05,159.01
ORD000198,P0013,Electronics,3,862.63,0.0,2587.89
ORD000199,P0097,Beauty,1,37.48,0.0,37.48
ORD000200,P0052,Fashion,1,129.07,0.0,129.07
ORD000201,P0003,Electronics,2,675.0,0.1,1215.0
ORD000202,P0081,Beauty,2,17.81,0.05,33.84
ORD000202,P0005,Electronics,1,407.63,0.0,407.63
ORD000202,P0022,Home & Garden,1,68.56,0.05,65.13
ORD000202,P0008,Electronics,1,601.4,0.0,601.4
ORD000202,P0031,Home & Garden,1,247.54,0.05,235.16
ORD000203,P0073,Sports,1,162.52,0.0,162.52
ORD000203,P0004,Electronics,1,807.35,0.0,807.35
ORD000204,P0034,Home & Garden,1,68.83,0.0,68.83
ORD000204,P0017,Electronics,2,504.79,0.0,1009.58
ORD000204,P0026,Home & Garden,1,101.99,0.0,101.99
ORD000204,P0037,Home & Garden,2,220.95,0.1,397.71
ORD000205,P0057,Fashion,2,100.09,0.15,170.15
ORD000206,P0035,Home & Garden,1,89.13,0.0,89.13
ORD000207,P0077,Sports,1,167.38,0.0,167.38
ORD000208,P0044,Fashion,1,179.61,0.0,179.61
ORD000208,P0104,Books & Media,1,28.85,0.1,25.97
ORD000209,P0027,Home & Garden,1,77.74,0.0,77.74
ORD000209,P0025,Home & Garden,1,164.39,0.0,164.39
ORD000209,P0059,Fashion,1,67.75,0.1,60.98
ORD000210,P0007,Electronics,1,71.56,0.0,71.56
ORD000210,P0029,Home & Garden,2,55.22,0.0,110.44
ORD000211,P0026,Home & Garden,2,101.99,0.0,203.98
ORD000211,P0095,Beauty,1,30.92,0.0,30.92
ORD000212,P0088,Beauty,1,98.82,0.0,98.82
ORD000212,P0009,Electronics,2,236.37,0.0,472.74
ORD000213,P0008,Electronics,1,601.4,0.2,481.12
ORD000213,P0023,Home & Garden,1,33.75,0.1,30.38
ORD000213,P0038,Home & Garden,1,169.03,0.15,143.68
ORD000214,P0066,Sports,1,124.94,0.15,106.2
ORD000214,P0005,Electronics,2,407.63,0.05,774.5
ORD000215,P0024,Home & Garden,1,38.74,0.0,38.74
ORD000216,P0064,Sports,2,31.33,0.05,59.53
ORD000216,P0020,Electronics,1,781.45,0.0,781.45
ORD000216,P0078,Sports,1,64.33,0.0,64.33
ORD000217,P0072,Sports,1,111.14,0.0,111.14
ORD000218,P0068,Sports,1,52.84,0.2,42.27
ORD000219,P0111,Books & Media,1,58.37,0.05,55.45
ORD000219,P0050,Fashion,1,175.37,0.0,175.37
ORD000220,P0118,Books & Media,1,20.23,0.0,20.23
ORD000220,P0011,Electronics,1,733.95,0.0,733.95
ORD000220,P0003,Electronics,2,675.0,0.0,1350.0
ORD000221,P0039,Home & Garden,1,229.92,0.05,218.42
ORD000222,P0043,Fashion,1,83.9,0.0,83.9
ORD000223,P0007,Electronics,1,71.56,0.05,67.98
ORD000223,P0022,Home & Garden,2,68.56,0.15,116.55
ORD000223,P0052,Fashion,1,129.07,0.0,129.07
ORD000224,P0039,Home & Garden,2,229.92,0.0,459.84
ORD000225,P0088,Beauty,1,98.82,0.05,93.88
ORD000226,P0065,Sports,1,310.58,0.05,295.05
ORD000226,P0033,Home & Garden,1,213.07,0.1,191.76
ORD000226,P0074,Sports,1,200.27,0.0,200.27
ORD000227,P0062,Sports,1,278.05,0.05,264.15
ORD000227,P0055,Fashion,1,92.6,0.0,92.6
ORD000227,P0076,Sports,1,348.42,0.0,348.42
ORD000227,P0019,Electronics,1,753.99,0.0,753.99
ORD000227,P0062,Sports,1,278.05,0.0,278.05
ORD000228,P0064,Sports,2,31.33,0.2,50.13
ORD000228,P0056,Fashion,1,160.14,0.1,144.13
ORD000228,P0095,Beauty,1,30.92,0.15,26.28
ORD000229,P0010,Electronics,1,737.02,0.15,626.47
ORD000230,P0009,Electronics,1,236.37,0.05,224.55
ORD000231,P0024,Home & Garden,1,38.74,0.0,38.74
ORD000231,P0082,Beauty,2,35.18,0.0,70.36
ORD000231,P0013,Electronics,1,862.63,0.0,862.63
ORD000231,P0063,Sports,2,25.19,0.05,47.86
ORD000232,P0017,Electronics,1,504.79,0.0,504.79
ORD000232,P0057,Fashion,1,100.09,0.0,100.09
ORD000233,P0014,Electronics,1,127.83,0.2,102.26
ORD000233,P0079,Sports,1,134.88,0.0,134.88
ORD000234,P0116,Books & Media,2,12.17,0.0,24.34
ORD000234,P0032,Home & Garden,1,145.88,0.0,145.88
ORD000234,P0070,Sports,1,273.9,0.1,246.51
ORD000234,P0070,Sports,1,273.9,0.05,260.2
ORD000234,P0100,Beauty,1,119.92,0.0,119.92
ORD000235,P0019,Electronics,1,753.99,0.05,716.29
ORD000235,P0087,Beauty,2,61.99,0.0,123.98
ORD000235,P0094,Beauty,2,104.78,0.0,209.56
ORD000236,P0007,Electronics,1,71.56,0.0,71.56
ORD000237,P0103,Books & Media,2,33.25,0.0,66.5
ORD000238,P0060,Fashion,1,117.44,0.0,117.44
ORD000239,P0034,Home & Garden,1,68.83,0.0,68.83
ORD000239,P0001,Electronics,1,592.51,0.0,592.51
ORD000240,P0008,Electronics,1,601.4,0.0,601.4
ORD000240,P0086,Beauty,2,112.91,0.0,225.82
ORD000240,P0023,Home & Garden,1,33.75,0.0,33.75
ORD000240,P0064,Sports,1,31.33,0.0,31.33
ORD000240,P0067,Sports,1,310.35,0.0,310.35
ORD000241,P0039,Home & Garden,1,229.92,0.2,183.94
ORD000241,P0053,Fashion,3,62.69,0.0,188.07
ORD000241,P0009,Electronics,1,236.37,0.0,236.37
ORD000242,P0035,Home & Garden,1,89.13,0.05,84.67
ORD000242,P0009,Electronics,1,236.37,0.0,236.37
ORD000243,P0023,Home & Garden,1,33.75,0.1,30.38
ORD000243,P0118,Books & Media,1,20.23,0.1,18.21
ORD000243,P0114,Books & Media,1,34.15,0.1,30.74
ORD000243,P0019,Electronics,1,753.99,0.2,603.19
ORD000244,P0027,Home & Garden,1,77.74,0.0,77.74
ORD000245,P0109,Books & Media,1,36.9,0.0,36.9
ORD000245,P0018,Electronics,3,370.75,0.0,1112.25
ORD000245,P0057,Fashion,1,100.09,0.0,100.09
ORD000246,P0003,Electronics,1,675.0,0.0,675.0
ORD000246,P0020,Electronics,1,781.45,0.0,781.45
ORD000247,P0107,Books & Media,1,31.66,0.0,31.66
ORD000247,P0084,Beauty,1,36.18,0.0,36.18
ORD000247,P0066,Sports,2,124.94,0.05,237.39
ORD000247,P0004,Electronics,2,807.35,0.05,1533.96
ORD000248,P0001,Electronics,1,592.51,0.2,474.01
ORD000249,P0043,Fashion,1,83.9,0.0,83.9
ORD000250,P0087,Beauty,1,61.99,0.0,61.99
ORD000251,P0079,Sports,1,134.88,0.0,134.88
ORD000251,P0083,Beauty,1,104.56,0.05,99.33
ORD000252,P0001,Electronics,2,592.51,0.0,1185.02
ORD000252,P0018,Electronics,3,370.75,0.0,1112.25
ORD000253,P0065,Sports,1,310.58,0.05,295.05
ORD000253,P0050,Fashion,3,175.37,0.05,499.8
ORD000254,P0086,Beauty,2,112.91,0.0,225.82
ORD000255,P0035,Home & Garden,3,89.13,0.0,267.39
ORD000256,P0105,Books & Media,1,27.71,0.05,26.32
ORD000257,P0098,Beauty,1,58.74,0.0,58.74
ORD000257,P0021,Home & Garden,2,180.57,0.0,361.14
ORD000258,P0113,Books & Media,1,10.97,0.05,10.42
ORD000258,P0108,Books & Media,1,57.78,0.15,49.11
ORD000259,P0107,Books & Media,2,31.66,0.05,60.15
ORD000259,P0114,Books & Media,1,34.15,0.0,34.15
ORD000260,P0071,Sports,1,179.47,0.0,179.47
ORD000260,P0046,Fashion,1,37.54,0.1,33.79
ORD000260,P0023,Home & Garden,1,33.75,0.0,33.75
ORD000261,P0084,Beauty,2,36.18,0.1,65.12
ORD000262,P0057,Fashion,1,100.09,0.0,100.09
ORD000263,P0037,Home & Garden,1,220.95,0.0,220.95
ORD000264,P0007,Electronics,1,71.56,0.1,64.4
ORD000264,P0095,Beauty,1,30.92,0.0,30.92
ORD000264,P0086,Beauty,2,112.91,0.0,225.82
ORD000264,P0034,Home & Garden,1,68.83,0.0,68.83
ORD000265,P0030,Home & Garden,2,53.4,0.1,96.12
ORD000265,P0020,Electronics,2,781.45,0.0,1562.9
ORD000266,P0118,Books & Media,1,20.23,0.1,18.21
ORD000266,P0073,Sports,2,162.52,0.0,325.04
ORD000267,P0092,Beauty,1,118.26,0.05,112.35
ORD000267,P0011,Electronics,2,733.95,0.0,1467.9
ORD000267,P0103,Books & Media,2,33.25,0.0,66.5
ORD000268,P0059,Fashion,1,67.75,0.05,64.36
ORD000269,P0096,Beauty,1,56.41,0.0,56.41
ORD000269,P0008,Electronics,1,601.4,0.2,481.12
ORD000269,P0091,Beauty,2,90.2,0.0,180.4
ORD000269,P0056,Fashion,1,160.14,0.0,160.14
ORD000269,P0056,Fashion,2,160.14,0.0,320.28
ORD000270,P0091,Beauty,1,90.2,0.1,81.18
ORD000270,P0112,Books & Media,3,36.19,0.2,86.86
ORD000271,P0080,Sports,2,99.79,0.15,169.64
ORD000272,P0017,Electronics,1,504.79,0.05,479.55
ORD000273,P0049,Fashion,1,179.38,0.05,170.41
ORD000273,P0057,Fashion,1,100.09,0.15,85.08
ORD000273,P0079,Sports,2,134.88,0.0,269.76
ORD000274,P0009,Electronics,1,236.37,0.15,200.91
ORD000274,P0010,Electronics,1,737.02,0.1,663.32
ORD000274,P0102,Books & Media,1,52.13,0.0,52.13
ORD000275,P0055,Fashion,1,92.6,0.0,92.6
ORD000275,P0081,Beauty,1,17.81,0.05,16.92
ORD000276,P0111,Books & Media,2,58.37,0.1,105.07
ORD000276,P0041,Fashion,1,109.82,0.0,109.82
ORD000277,P0030,Home & Garden,1,53.4,0.05,50.73
ORD000277,P0040,Home & Garden,1,77.25,0.2,61.8
ORD000277,P0097,Beauty,1,37.48,0.0,37.48
ORD000277,P0017,Electronics,1,504.79,0.0,504.79
ORD000278,P0075,Sports,3,90.37,0.05,257.55
ORD000278,P0003,Electronics,1,675.0,0.05,641.25
ORD000278,P0016,Electronics,2,735.06,0.0,1470.12
ORD000279,P0028,Home & Garden,1,167.29,0.0,167.29
ORD000279,P0048,Fashion,1,30.16,0.05,28.65
ORD000279,P0064,Sports,1,31.33,0.0,31.33
ORD000280,P0058,Fashion,1,166.02,0.0,166.02
ORD000280,P0003,Electronics,1,675.0,0.1,607.5
ORD000280,P0003,Electronics,1,675.0,0.1,607.5
ORD000281,P0063,Sports,1,25.19,0.0,25.19
ORD000282,P0036,Home & Garden,1,64.58,0.0,64.58
ORD000283,P0021,Home & Garden,2,180.57,0.1,325.03
ORD000283,P0075,Sports,1,90.37,0.05,85.85
ORD000284,P0075,Sports,2,90.37,0.0,180.74
ORD000284,P0041,Fashion,1,109.82,0.0,109.82
ORD000284,P0068,Sports,1,52.84,0.0,52.84
ORD000285,P0003,Electronics,1,675.0,0.1,607.5
ORD000286,P0025,Home & Garden,1,164.39,0.0,164.39
ORD000286,P0096,Beauty,1,56.41,0.05,53.59
ORD000286,P0036,Home & Garden,1,64.58,0.0,64.58
ORD000286,P0089,Beauty,2,20.66,0.0,41.32
ORD000287,P0104,Books & Media,1,28.85,0.05,27.41
ORD000288,P0113,Books & Media,1,10.97,0.2,8.78
ORD000289,P0022,Home & Garden,1,68.56,0.1,61.7
ORD000290,P0046,Fashion,1,37.54,0.0,37.54
ORD000290,P0104,Books & Media,1,28.85,0.05,27.41
ORD000290,P0095,Beauty,1,30.92,0.05,29.37
ORD000290,P0104,Books & Media,3,28.85,0.1,77.9
ORD000291,P0011,Electronics,1,733.95,0.0,733.95
ORD000291,P0092,Beauty,1,118.26,0.1,106.43
ORD000292,P0007,Electronics,1,71.56,0.15,60.83
ORD000293,P0088,Beauty,1,98.82,0.0,98.82
ORD000293,P0011,Electronics,1,733.95,0.0,733.95
ORD000294,P0039,Home & Garden,2,229.92,0.0,459.84
ORD000295,P0017,Electronics,3,504.79,0.0,1514.37
ORD000295,P0118,Books & Media,1,20.23,0.1,18.21
ORD000295,P0059,Fashion,1,67.75,0.0,67.75
ORD000295,P0049,Fashion,1,179.38,0.1,161.44
ORD000296,P0056,Fashion,2,160.14,0.0,320.28
ORD000296,P0015,Electronics,1,769.37,0.1,692.43
ORD000296,P0049,Fashion,1,179.38,0.1,161.44
ORD000297,P0030,Home & Garden,1,53.4,0.0,53.4
ORD000297,P0001,Electronics,1,592.51,0.0,592.51
ORD000297,P0100,Beauty,1,119.92,0.0,119.92
ORD000298,P0093,Beauty,1,54.29,0.0,54.29
ORD000299,P0039,Home & Garden,2,229.92,0.0,459.84
ORD000299,P0004,Electronics,2,807.35,0.1,1453.23
ORD000299,P0036,Home & Garden,2,64.58,0.05,122.7
ORD000300,P0013,Electronics,3,862.63,0.0,2587.89
ORD000301,P0056,Fashion,1,160.14,0.15,136.12
ORD000301,P0060,Fashion,1,117.44,0.0,117.44
ORD000302,P0013,Electronics,1,862.63,0.15,733.24
ORD000302,P0016,Electronics,1,735.06,0.05,698.31
ORD000303,P0004,Electronics,1,807.35,0.0,807.35
ORD000304,P0040,Home & Garden,1,77.25,0.05,73.39
ORD000305,P0032,Home & Garden,2,145.88,0.1,262.58
ORD000305,P0055,Fashion,1,92.6,0.1,83.34
ORD000305,P0108,Books & Media,3,57.78,0.05,164.67
ORD000306,P0008,Electronics,1,601.4,0.0,601.4
ORD000306,P0038,Home & Garden,1,169.03,0.05,160.58
ORD000307,P0073,Sports,1,162.52,0.0,162.52
ORD000308,P0027,Home & Garden,1,77.74,0.1,69.97
ORD000308,P0107,Books & Media,2,31.66,0.1,56.99
ORD000308,P0039,Home & Garden,1,229.92,0.0,229.92
ORD000309,P0097,Beauty,2,37.48,0.0,74.96
ORD000310,P0051,Fashion,1,21.84,0.0,21.84
ORD000311,P0078,Sports,1,64.33,0.0,64.33
ORD000311,P0073,Sports,1,162.52,0.2,130.02
ORD000312,P0053,Fashion,1,62.69,0.15,53.29
ORD000313,P0003,Electronics,1,675.0,0.0,675.0
ORD000314,P0105,Books & Media,1,27.71,0.0,27.71
ORD000314,P0118,Books & Media,2,20.23,0.0,40.46
ORD000315,P0004,Electronics,2,807.35,0.2,1291.76
ORD000316,P0081,Beauty,1,17.81,0.05,16.92
ORD000316,P0054,Fashion,1,37.85,0.05,35.96
ORD000317,P0119,Books & Media,1,54.29,0.0,54.29
ORD000317,P0103,Books & Media,2,33.25,0.0,66.5
ORD000317,P0118,Books & Media,1,20.23,0.1,18.21
ORD000317,P0067,Sports,2,310.35,0.05,589.66
ORD000317,P0027,Home & Garden,1,77.74,0.0,77.74
ORD000318,P0052,Fashion,3,129.07,0.05,367.85
ORD000318,P0009,Electronics,1,236.37,0.0,236.37
ORD000318,P0071,Sports,1,179.47,0.0,179.47
ORD000319,P0044,Fashion,3,179.61,0.0,538.83
ORD000320,P0037,Home & Garden,2,220.95,0.0,441.9
ORD000320,P0044,Fashion,1,179.61,0.0,179.61
ORD000321,P0010,Electronics,2,737.02,0.0,1474.04
ORD000321,P0023,Home & Garden,2,33.75,0.0,67.5
ORD000322,P0089,Beauty,1,20.66,0.0,20.66
ORD000323,P0117,Books & Media,1,38.94,0.2,31.15
ORD000323,P0085,Beauty,1,33.57,0.0,33.57
ORD000324,P0011,Electronics,1,733.95,0.05,697.25
ORD000325,P0005,Electronics,1,407.63,0.05,387.25
ORD000325,P0028,Home & Garden,2,167.29,0.0,334.58
ORD000326,P0005,Electronics,2,407.63,0.05,774.5
ORD000326,P0094,Beauty,1,104.78,0.1,94.3
ORD000327,P0063,Sports,1,25.19,0.1,22.67
ORD000327,P0094,Beauty,2,104.78,0.0,209.56
ORD000327,P0090,Beauty,1,56.59,0.0,56.59
ORD000328,P0056,Fashion,1,160.14,0.0,160.14
ORD000328,P0038,Home & Garden,2,169.03,0.0,338.06
ORD000328,P0018,Electronics,3,370.75,0.05,1056.64
ORD000328,P0084,Beauty,1,36.18,0.0,36.18
ORD000328,P0103,Books & Media,1,33.25,0.05,31.59
ORD000329,P0046,Fashion,2,37.54,0.0,75.08
ORD000329,P0017,Electronics,1,504.79,0.0,504.79
ORD000330,P0085,Beauty,1,33.57,0.0,33.57
ORD000331,P0066,Sports,3,124.94,0.0,374.82
ORD000332,P0106,Books & Media,1,21.79,0.0,21.79
ORD000332,P0092,Beauty,1,118.26,0.0,118.26
ORD000333,P0023,Home & Garden,2,33.75,0.0,67.5
ORD000333,P0018,Electronics,1,370.75,0.15,315.14
ORD000334,P0008,Electronics,2,601.4,0.0,1202.8
ORD000334,P0072,Sports,3,111.14,0.1,300.08
ORD000335,P0064,Sports,1,31.33,0.1,28.2
ORD000336,P0030,Home & Garden,1,53.4,0.0,53.4
ORD000337,P0074,Sports,1,200.27,0.0,200.27
ORD000337,P0092,Beauty,2,118.26,0.1,212.87
ORD000337,P0056,Fashion,1,160.14,0.05,152.13
ORD000337,P0003,Electronics,1,675.0,0.0,675.0
ORD000338,P0034,Home & Garden,1,68.83,0.0,68.83
ORD000338,P0039,Home & Garden,1,229.92,0.0,229.92
ORD000338,P0053,Fashion,1,62.69,0.15,53.29
ORD000339,P0049,Fashion,1,179.38,0.0,179.38
ORD000340,P0004,Electronics,1,807.35,0.1,726.62
ORD000341,P0076,Sports,1,348.42,0.0,348.42
ORD000342,P0012,Electronics,2,338.21,0.0,676.42
ORD000343,P0032,Home & Garden,2,145.88,0.1,262.58
ORD000343,P0042,Fashion,1,113.53,0.0,113.53
ORD000343,P0106,Books & Media,2,21.79,0.0,43.58
ORD000344,P0042,Fashion,2,113.53,0.0,227.06
ORD000345,P0089,Beauty,1,20.66,0.0,20.66
ORD000345,P0007,Electronics,1,71.56,0.1,64.4
ORD000345,P0077,Sports,3,167.38,0.0,502.14
ORD000346,P0079,Sports,3,134.88,0.0,404.64
ORD000346,P0050,Fashion,1,175.37,0.1,157.83
ORD000347,P0008,Electronics,1,601.4,0.0,601.4
ORD000348,P0023,Home & Garden,3,33.75,0.15,86.06
ORD000349,P0082,Beauty,3,35.18,0.0,105.54
ORD000349,P0005,Electronics,1,407.63,0.2,326.1
ORD000350,P0065,Sports,1,310.58,0.0,310.58
ORD000351,P0083,Beauty,1,104.56,0.1,94.1
ORD000351,P0107,Books & Media,1,31.66,0.05,30.08
ORD000351,P0062,Sports,2,278.05,0.0,556.1
ORD000352,P0045,Fashion,2,34.55,0.15,58.73
ORD000352,P0050,Fashion,1,175.37,0.0,175.37
ORD000353,P0050,Fashion,1,175.37,0.2,140.3
ORD000354,P0045,Fashion,1,34.55,0.05,32.82
ORD000354,P0022,Home & Garden,2,68.56,0.0,137.12
ORD000355,P0017,Electronics,1,504.79,0.05,479.55
ORD000355,P0102,Books & Media,1,52.13,0.0,52.13
ORD000356,P0078,Sports,2,64.33,0.05,122.23
ORD000357,P0035,Home & Garden,2,89.13,0.05,169.35
ORD000357,P0008,Electronics,1,601.4,0.0,601.4
ORD000358,P0003,Electronics,1,675.0,0.05,641.25
ORD000359,P0040,Home & Garden,1,77.25,0.0,77.25
ORD000359,P0067,Sports,2,310.35,0.15,527.6
ORD000359,P0034,Home & Garden,1,68.83,0.05,65.39
ORD000359,P0075,Sports,1,90.37,0.0,90.37
ORD000360,P0039,Home & Garden,1,229.92,0.05,218.42
ORD000360,P0035,Home & Garden,2,89.13,0.15,151.52
ORD000360,P0003,Electronics,2,675.0,0.0,1350.0
ORD000361,P0028,Home & Garden,2,167.29,0.0,334.58
ORD000361,P0013,Electronics,1,862.63,0.0,862.63
ORD000362,P0011,Electronics,1,733.95,0.0,733.95
ORD000363,P0072,Sports,3,111.14,0.1,300.08
ORD000363,P0015,Electronics,1,769.37,0.0,769.37
ORD000364,P0078,Sports,2,64.33,0.0,128.66
ORD000364,P0083,Beauty,1,104.56,0.0,104.56
ORD000365,P0005,Electronics,1,407.63,0.1,366.87
ORD000366,P0059,Fashion,1,67.75,0.0,67.75
ORD000366,P0041,Fashion,1,109.82,0.0,109.82
ORD000366,P0033,Home & Garden,2,213.07,0.05,404.83
ORD000367,P0033,Home & Garden,1,213.07,0.0,213.07
ORD000367,P0061,Sports,3,272.82,0.15,695.69
ORD000367,P0069,Sports,3,47.49,0.1,128.22
ORD000368,P0019,Electronics,1,753.99,0.0,753.99
ORD000368,P0094,Beauty,3,104.78,0.0,314.34
ORD000368,P0034,Home & Garden,2,68.83,0.15,117.01
ORD000368,P0032,Home & Garden,2,145.88,0.1,262.58
ORD000369,P0059,Fashion,1,67.75,0.1,60.98
ORD000369,P0067,Sports,1,310.35,0.0,310.35
ORD000370,P0106,Books & Media,1,21.79,0.15,18.52
ORD000371,P0001,Electronics,1,592.51,0.0,592.51
ORD000372,P0007,Electronics,2,71.56,0.0,143.12
ORD000372,P0016,Electronics,1,735.06,0.1,661.55
ORD000372,P0100,Beauty,1,119.92,0.05,113.92
ORD000372,P0069,Sports,2,47.49,0.05,90.23
ORD000373,P0042,Fashion,1,113.53,0.05,107.85
ORD000374,P0013,Electronics,1,862.63,0.0,862.63
ORD000375,P0107,Books & Media,1,31.66,0.1,28.49
ORD000375,P0021,Home & Garden,1,180.57,0.0,180.57
ORD000375,P0074,Sports,2,200.27,0.05,380.51
ORD000376,P0017,Electronics,1,504.79,0.0,504.79
ORD000376,P0052,Fashion,2,129.07,0.0,258.14
ORD000377,P0075,Sports,1,90.37,0.0,90.37
ORD000377,P0089,Beauty,1,20.66,0.0,20.66
ORD000377,P0067,Sports,1,310.35,0.05,294.83
ORD000377,P0047,Fashion,2,146.73,0.0,293.46
ORD000378,P0080,Sports,1,99.79,0.1,89.81
ORD000379,P0052,Fashion,2,129.07,0.05,245.23
ORD000379,P0021,Home & Garden,2,180.57,0.0,361.14
ORD000379,P0026,Home & Garden,1,101.99,0.1,91.79
ORD000379,P0099,Beauty,2,70.54,0.0,141.08
ORD000380,P0076,Sports,1,348.42,0.1,313.58
ORD000381,P0005,Electronics,1,407.63,0.2,326.1
ORD000382,P0015,Electronics,1,769.37,0.05,730.9
ORD000382,P0101,Books & Media,1,58.39,0.15,49.63
ORD000383,P0025,Home & Garden,1,164.39,0.15,139.73
ORD000383,P0031,Home & Garden,2,247.54,0.15,420.82
ORD000384,P0069,Sports,1,47.49,0.0,47.49
ORD000384,P0087,Beauty,2,61.99,0.0,123.98
ORD000384,P0088,Beauty,1,98.82,0.05,93.88
ORD000384,P0053,Fashion,2,62.69,0.1,112.84
ORD000385,P0017,Electronics,1,504.79,0.1,454.31
ORD000385,P0016,Electronics,1,735.06,0.0,735.06
ORD000386,P0014,Electronics,1,127.83,0.0,127.83
ORD000387,P0094,Beauty,1,104.78,0.0,104.78
ORD000388,P0072,Sports,1,111.14,0.0,111.14
ORD000389,P0009,Electronics,1,236.37,0.0,236.37
ORD000389,P0073,Sports,1,162.52,0.0,162.52
ORD000389,P0067,Sports,1,310.35,0.0,310.35
ORD000389,P0017,Electronics,2,504.79,0.1,908.62
ORD000390,P0007,Electronics,1,71.56,0.05,67.98
ORD000391,P0017,Electronics,2,504.79,0.0,1009.58
ORD000392,P0006,Electronics,1,234.84,0.05,223.1
ORD000392,P0064,Sports,1,31.33,0.0,31.33
ORD000392,P0044,Fashion,1,179.61,0.2,143.69
ORD000393,P0058,Fashion,2,166.02,0.0,332.04
ORD000393,P0029,Home & Garden,2,55.22,0.0,110.44
ORD000394,P0026,Home & Garden,1,101.99,0.0,101.99
ORD000395,P0080,Sports,1,99.79,0.0,99.79
ORD000396,P0108,Books & Media,1,57.78,0.2,46.22
ORD000396,P0019,Electronics,1,753.99,0.15,640.89
ORD000397,P0005,Electronics,1,407.63,0.0,407.63
ORD000398,P0028,Home & Garden,1,167.29,0.1,150.56
ORD000398,P0044,Fashion,2,179.61,0.0,359.22
ORD000398,P0005,Electronics,1,407.63,0.0,407.63
ORD000399,P0060,Fashion,1,117.44,0.0,117.44
ORD000399,P0006,Electronics,2,234.84,0.0,469.68
ORD000400,P0018,Electronics,1,370.75,0.0,370.75
ORD000400,P0013,Electronics,1,862.63,0.0,862.63
ORD000401,P0107,Books & Media,1,31.66,0.0,31.66
ORD000401,P0056,Fashion,1,160.14,0.0,160.14
ORD000401,P0004,Electronics,2,807.35,0.05,1533.96
ORD000401,P0045,Fashion,1,34.55,0.05,32.82
ORD000401,P0010,Electronics,1,737.02,0.0,737.02
ORD000402,P0095,Beauty,1,30.92,0.0,30.92
ORD000402,P0117,Books & Media,1,38.94,0.0,38.94
ORD000402,P0042,Fashion,2,113.53,0.0,227.06
ORD000402,P0005,Electronics,1,407.63,0.0,407.63
ORD000403,P0065,Sports,1,310.58,0.0,310.58
ORD000403,P0012,Electronics,1,338.21,0.05,321.3
ORD000404,P0062,Sports,1,278.05,0.0,278.05
ORD000404,P0022,Home & Garden,1,68.56,0.0,68.56
ORD000405,P0083,Beauty,1,104.56,0.0,104.56
ORD000405,P0032,Home & Garden,1,145.88,0.0,145.88
ORD000406,P0059,Fashion,2,67.75,0.1,121.95
ORD000406,P0029,Home & Garden,1,55.22,0.0,55.22
ORD000407,P0095,Beauty,1,30.92,0.15,26.28
ORD000408,P0050,Fashion,1,175.37,0.0,175.37
ORD000408,P0017,Electronics,1,504.79,0.0,504.79
ORD000408,P0008,Electronics,2,601.4,0.05,1142.66
ORD000409,P0111,Books & Media,2,58.37,0.0,116.74
ORD000409,P0020,Electronics,1,781.45,0.0,781.45
ORD000409,P0045,Fashion,1,34.55,0.0,34.55
ORD000409,P0002,Electronics,2,282.77,0.0,565.54
ORD000410,P0072,Sports,3,111.14,0.2,266.74
ORD000410,P0036,Home & Garden,1,64.58,0.15,54.89
ORD000411,P0028,Home & Garden,1,167.29,0.1,150.56
ORD000412,P0004,Electronics,1,807.35,0.0,807.35
ORD000412,P0066,Sports,2,124.94,0.05,237.39
ORD000413,P0119,Books & Media,1,54.29,0.05,51.58
ORD000413,P0115,Books & Media,1,16.19,0.05,15.38
ORD000414,P0054,Fashion,2,37.85,0.05,71.92
ORD000414,P0031,Home & Garden,1,247.54,0.0,247.54
ORD000414,P0004,Electronics,2,807.35,0.05,1533.96
ORD000415,P0050,Fashion,1,175.37,0.0,175.37
ORD000415,P0083,Beauty,1,104.56,0.0,104.56
ORD000415,P0086,Beauty,1,112.91,0.0,112.91
ORD000416,P0019,Electronics,1,753.99,0.0,753.99
ORD000417,P0108,Books & Media,3,57.78,0.1,156.01
ORD000418,P0039,Home & Garden,1,229.92,0.2,183.94
ORD000419,P0016,Electronics,3,735.06,0.0,2205.18
ORD000420,P0114,Books & Media,2,34.15,0.0,68.3
ORD000420,P0068,Sports,3,52.84,0.0,158.52
ORD000420,P0018,Electronics,1,370.75,0.05,352.21
ORD000420,P0013,Electronics,1,862.63,0.0,862.63
ORD000420,P0079,Sports,2,134.88,0.0,269.76
ORD000421,P0053,Fashion,2,62.69,0.05,119.11
ORD000421,P0064,Sports,1,31.33,0.1,28.2
ORD000422,P0051,Fashion,1,21.84,0.0,21.84
ORD000422,P0041,Fashion,1,109.82,0.2,87.86
ORD000422,P0015,Electronics,2,769.37,0.1,1384.87
ORD000423,P0071,Sports,1,179.47,0.05,170.5
ORD000423,P0096,Beauty,3,56.41,0.1,152.31
ORD000424,P0070,Sports,1,273.9,0.0,273.9
ORD000425,P0051,Fashion,1,21.84,0.05,20.75
ORD000426,P0044,Fashion,1,179.61,0.05,170.63
ORD000427,P0037,Home & Garden,1,220.95,0.15,187.81
ORD000427,P0103,Books & Media,3,33.25,0.05,94.76
ORD000427,P0021,Home & Garden,1,180.57,0.15,153.48
ORD000428,P0084,Beauty,1,36.18,0.0,36.18
ORD000429,P0046,Fashion,1,37.54,0.0,37.54
ORD000429,P0054,Fashion,3,37.85,0.1,102.2
ORD000430,P0033,Home & Garden,2,213.07,0.0,426.14
ORD000431,P0040,Home & Garden,1,77.25,0.05,73.39
ORD000431,P0023,Home & Garden,1,33.75,0.15,28.69
ORD000431,P0011,Electronics,1,733.95,0.15,623.86
ORD000432,P0117,Books & Media,1,38.94,0.0,38.94
ORD000433,P0111,Books & Media,1,58.37,0.15,49.61
ORD000434,P0045,Fashion,1,34.55,0.0,34.55
ORD000434,P0056,Fashion,1,160.14,0.15,136.12
ORD000435,P0111,Books & Media,1,58.37,0.0,58.37
ORD000436,P0112,Books & Media,1,36.19,0.05,34.38
ORD000436,P0027,Home & Garden,2,77.74,0.0,155.48
ORD000436,P0044,Fashion,1,179.61,0.0,179.61
ORD000437,P0116,Books & Media,2,12.17,0.2,19.47
ORD000437,P0026,Home & Garden,1,101.99,0.05,96.89
ORD000438,P0019,Electronics,1,753.99,0.15,640.89
ORD000439,P0120,Books & Media,1,38.91,0.05,36.96
ORD000439,P0028,Home & Garden,1,167.29,0.05,158.93
ORD000440,P0087,Beauty,1,61.99,0.0,61.99
ORD000440,P0118,Books & Media,1,20.23,0.1,18.21
ORD000441,P0098,Beauty,2,58.74,0.0,117.48
ORD000441,P0035,Home & Garden,1,89.13,0.05,84.67
ORD000442,P0073,Sports,1,162.52,0.0,162.52
ORD000442,P0035,Home & Garden,2,89.13,0.1,160.43
ORD000443,P0046,Fashion,2,37.54,0.0,75.08
ORD000444,P0098,Beauty,1,58.74,0.05,55.8
ORD000444,P0010,Electronics,2,737.02,0.05,1400.34
ORD000445,P0120,Books & Media,1,38.91,0.05,36.96
ORD000446,P0037,Home & Garden,2,220.95,0.1,397.71
ORD000447,P0016,Electronics,1,735.06,0.0,735.06
ORD000447,P0039,Home & Garden,3,229.92,0.2,551.81
ORD000448,P0049,Fashion,1,179.38,0.05,170.41
ORD000448,P0119,Books & Media,3,54.29,0.0,162.87
ORD000448,P0050,Fashion,1,175.37,0.1,157.83
ORD000448,P0048,Fashion,1,30.16,0.0,30.16
ORD000449,P0038,Home & Garden,1,169.03,0.1,152.13
ORD000449,P0014,Electronics,1,127.83,0.1,115.05
ORD000450,P0026,Home & Garden,1,101.99,0.0,101.99
ORD000451,P0085,Beauty,1,33.57,0.1,30.21
ORD000451,P0091,Beauty,2,90.2,0.05,171.38
ORD000452,P0089,Beauty,2,20.66,0.0,41.32
ORD000452,P0005,Electronics,2,407.63,0.0,815.26
ORD000452,P0008,Electronics,1,601.4,0.0,601.4
ORD000453,P0107,Books & Media,1,31.66,0.0,31.66
ORD000454,P0018,Electronics,1,370.75,0.1,333.68
ORD000455,P0052,Fashion,2,129.07,0.1,232.33
ORD000455,P0052,Fashion,1,129.07,0.0,129.07
ORD000455,P0005,Electronics,1,407.63,0.0,407.63
ORD000456,P0044,Fashion,1,179.61,0.05,170.63
ORD000456,P0055,Fashion,1,92.6,0.0,92.6
ORD000457,P0017,Electronics,1,504.79,0.05,479.55
ORD000457,P0044,Fashion,1,179.61,0.0,179.61
ORD000458,P0035,Home & Garden,1,89.13,0.1,80.22
ORD000459,P0092,Beauty,1,118.26,0.0,118.26
ORD000459,P0021,Home & Garden,1,180.57,0.0,180.57
ORD000459,P0047,Fashion,2,146.73,0.0,293.46
ORD000459,P0104,Books & Media,1,28.85,0.0,28.85
ORD000460,P0046,Fashion,1,37.54,0.0,37.54
ORD000460,P0103,Books & Media,1,33.25,0.15,28.26
ORD000461,P0004,Electronics,2,807.35,0.0,1614.7
ORD000462,P0041,Fashion,1,109.82,0.1,98.84
ORD000463,P0036,Home & Garden,3,64.58,0.15,164.68
ORD000464,P0051,Fashion,1,21.84,0.0,21.84
ORD000464,P0110,Books & Media,1,16.05,0.05,15.25
ORD000464,P0063,Sports,2,25.19,0.0,50.38
ORD000464,P0120,Books & Media,1,38.91,0.0,38.91
ORD000464,P0114,Books & Media,1,34.15,0.0,34.15
ORD000465,P0020,Electronics,2,781.45,0.15,1328.46
ORD000466,P0093,Beauty,1,54.29,0.1,48.86
ORD000466,P0101,Books & Media,1,58.39,0.0,58.39
ORD000467,P0056,Fashion,1,160.14,0.0,160.14
ORD000468,P0095,Beauty,1,30.92,0.05,29.37
ORD000468,P0079,Sports,1,134.88,0.0,134.88
ORD000468,P0115,Books & Media,1,16.19,0.1,14.57
ORD000468,P0047,Fashion,1,146.73,0.0,146.73
ORD000469,P0062,Sports,3,278.05,0.1,750.74
ORD000470,P0014,Electronics,1,127.83,0.0,127.83
ORD000470,P0114,Books & Media,1,34.15,0.0,34.15
ORD000470,P0074,Sports,1,200.27,0.05,190.26
ORD000471,P0119,Books & Media,2,54.29,0.0,108.58
ORD000472,P0042,Fashion,1,113.53,0.0,113.53
ORD000472,P0033,Home & Garden,1,213.07,0.0,213.07
ORD000473,P0037,Home & Garden,1,220.95,0.0,220.95
ORD000474,P0029,Home & Garden,3,55.22,0.0,165.66
ORD000474,P0019,Electronics,1,753.99,0.2,603.19
ORD000475,P0084,Beauty,2,36.18,0.0,72.36
ORD000476,P0108,Books & Media,1,57.78,0.0,57.78
ORD000476,P0062,Sports,1,278.05,0.0,278.05
ORD000476,P0018,Electronics,1,370.75,0.0,370.75
ORD000477,P0071,Sports,1,179.47,0.1,161.52
ORD000477,P0010,Electronics,3,737.02,0.15,1879.4
ORD000477,P0022,Home & Garden,1,68.56,0.1,61.7
ORD000478,P0104,Books & Media,1,28.85,0.1,25.97
ORD000479,P0113,Books & Media,1,10.97,0.05,10.42
ORD000480,P0041,Fashion,1,109.82,0.15,93.35
ORD000480,P0008,Electronics,2,601.4,0.0,1202.8
ORD000481,P0035,Home & Garden,1,89.13,0.0,89.13
ORD000482,P0067,Sports,1,310.35,0.0,310.35
ORD000482,P0033,Home & Garden,1,213.07,0.15,181.11
ORD000482,P0004,Electronics,1,807.35,0.0,807.35
ORD000482,P0036,Home & Garden,1,64.58,0.15,54.89
ORD000483,P0054,Fashion,1,37.85,0.0,37.85
ORD000483,P0019,Electronics,1,753.99,0.0,753.99
ORD000484,P0007,Electronics,2,71.56,0.1,128.81
ORD000484,P0037,Home & Garden,1,220.95,0.0,220.95
ORD000484,P0052,Fashion,1,129.07,0.0,129.07
ORD000485,P0023,Home & Garden,1,33.75,0.0,33.75
ORD000486,P0023,Home & Garden,2,33.75,0.0,67.5
ORD000486,P0017,Electronics,1,504.79,0.0,504.79
ORD000487,P0060,Fashion,1,117.44,0.0,117.44
ORD000488,P0046,Fashion,1,37.54,0.0,37.54
ORD000489,P0006,Electronics,2,234.84,0.0,469.68
ORD000489,P0082,Beauty,1,35.18,0.05,33.42
ORD000489,P0089,Beauty,1,20.66,0.05,19.63
ORD000489,P0021,Home & Garden,1,180.57,0.05,171.54
ORD000490,P0035,Home & Garden,1,89.13,0.0,89.13
ORD000491,P0080,Sports,1,99.79,0.0,99.79
ORD000492,P0003,Electronics,1,675.0,0.05,641.25
ORD000493,P0007,Electronics,1,71.56,0.2,57.25
ORD000494,P0073,Sports,1,162.52,0.1,146.27
ORD000494,P0077,Sports,2,167.38,0.0,334.76
ORD000495,P0006,Electronics,1,234.84,0.15,199.61
ORD000495,P0036,Home & Garden,2,64.58,0.0,129.16
ORD000496,P0068,Sports,2,52.84,0.0,105.68
ORD000497,P0038,Home & Garden,1,169.03,0.05,160.58
ORD000497,P0094,Beauty,3,104.78,0.0,314.34
ORD000498,P0008,Electronics,1,601.4,0.1,541.26
ORD000498,P0099,Beauty,1,70.54,0.1,63.49
ORD000498,P0047,Fashion,2,146.73,0.1,264.11
ORD000499,P0015,Electronics,1,769.37,0.0,769.37
ORD000499,P0015,Electronics,1,769.37,0.0,769.37
ORD000499,P0057,Fashion,2,100.09,0.1,180.16
ORD000500,P0009,Electronics,1,236.37,0.1,212.73
ORD000501,P0008,Electronics,1,601.4,0.1,541.26
ORD000502,P0044,Fashion,2,179.61,0.0,359.22
ORD000503,P0026,Home & Garden,1,101.99,0.1,91.79
ORD000504,P0113,Books & Media,1,10.97,0.0,10.97
ORD000504,P0071,Sports,3,179.47,0.15,457.65
ORD000504,P0117,Books & Media,1,38.94,0.0,38.94
ORD000505,P0030,Home & Garden,2,53.4,0.0,106.8
ORD000505,P0017,Electronics,1,504.79,0.0,504.79
ORD000505,P0091,Beauty,2,90.2,0.0,180.4
ORD000506,P0085,Beauty,2,33.57,0.05,63.78
ORD000506,P0046,Fashion,3,37.54,0.05,106.99
ORD000507,P0029,Home & Garden,1,55.22,0.0,55.22
ORD000508,P0037,Home & Garden,1,220.95,0.05,209.9
ORD000509,P0089,Beauty,1,20.66,0.0,20.66
ORD000509,P0020,Electronics,2,781.45,0.0,1562.9
ORD000510,P0029,Home & Garden,1,55.22,0.0,55.22
ORD000510,P0060,Fashion,2,117.44,0.2,187.9
ORD000510,P0120,Books & Media,1,38.91,0.0,38.91
ORD000511,P0095,Beauty,2,30.92,0.0,61.84
ORD000511,P0034,Home & Garden,1,68.83,0.0,68.83
ORD000511,P0039,Home & Garden,2,229.92,0.0,459.84
ORD000511,P0036,Home & Garden,3,64.58,0.05,184.05
ORD000512,P0060,Fashion,1,117.44,0.0,117.44
ORD000512,P0118,Books & Media,1,20.23,0.1,18.21
ORD000513,P0055,Fashion,2,92.6,0.0,185.2
ORD000513,P0034,Home & Garden,2,68.83,0.0,137.66
ORD000514,P0012,Electronics,2,338.21,0.1,608.78
ORD000514,P0097,Beauty,2,37.48,0.15,63.72
ORD000515,P0062,Sports,1,278.05,0.0,278.05
ORD000515,P0073,Sports,1,162.52,0.1,146.27
ORD000516,P0069,Sports,1,47.49,0.0,47.49
ORD000516,P0018,Electronics,3,370.75,0.15,945.41
ORD000516,P0107,Books & Media,1,31.66,0.0,31.66
ORD000516,P0083,Beauty,1,104.56,0.0,104.56
ORD000516,P0042,Fashion,1,113.53,0.1,102.18
ORD000517,P0074,Sports,1,200.27,0.0,200.27
ORD000517,P0044,Fashion,1,179.61,0.05,170.63
ORD000518,P0076,Sports,2,348.42,0.05,662.0
ORD000519,P0057,Fashion,3,100.09,0.0,300.27
ORD000520,P0021,Home & Garden,3,180.57,0.1,487.54
ORD000520,P0051,Fashion,2,21.84,0.1,39.31
ORD000521,P0020,Electronics,1,781.45,0.2,625.16
ORD000522,P0107,Books & Media,2,31.66,0.05,60.15
ORD000522,P0060,Fashion,3,117.44,0.1,317.09
ORD000523,P0095,Beauty,1,30.92,0.0,30.92
ORD000524,P0001,Electronics,2,592.51,0.0,1185.02
ORD000525,P0071,Sports,2,179.47,0.0,358.94
ORD000525,P0065,Sports,3,310.58,0.0,931.74
ORD000526,P0075,Sports,2,90.37,0.0,180.74
ORD000527,P0086,Beauty,1,112.91,0.1,101.62
ORD000528,P0039,Home & Garden,1,229.92,0.0,229.92
ORD000528,P0006,Electronics,1,234.84,0.0,234.84
ORD000529,P0031,Home & Garden,1,247.54,0.0,247.54
ORD000529,P0027,Home & Garden,1,77.74,0.0,77.74
ORD000530,P0051,Fashion,2,21.84,0.0,43.68
ORD000531,P0033,Home & Garden,1,213.07,0.0,213.07
ORD000531,P0107,Books & Media,1,31.66,0.1,28.49
ORD000532,P0006,Electronics,1,234.84,0.0,234.84
ORD000532,P0092,Beauty,1,118.26,0.0,118.26
ORD000533,P0051,Fashion,1,21.84,0.0,21.84
ORD000533,P0020,Electronics,1,781.45,0.0,781.45
ORD000534,P0028,Home & Garden,1,167.29,0.05,158.93
ORD000534,P0055,Fashion,1,92.6,0.0,92.6
ORD000535,P0002,Electronics,3,282.77,0.05,805.89
ORD000536,P0008,Electronics,1,601.4,0.0,601.4
ORD000537,P0052,Fashion,1,129.07,0.0,129.07
ORD000537,P0043,Fashion,1,83.9,0.0,83.9
ORD000537,P0104,Books & Media,1,28.85,0.05,27.41
ORD000537,P0048,Fashion,1,30.16,0.0,30.16
ORD000537,P0061,Sports,1,272.82,0.05,259.18
ORD000538,P0114,Books & Media,1,34.15,0.0,34.15
ORD000539,P0008,Electronics,3,601.4,0.05,1713.99
ORD000539,P0067,Sports,1,310.35,0.2,248.28
ORD000540,P0069,Sports,1,47.49,0.0,47.49
ORD000541,P0012,Electronics,1,338.21,0.0,338.21
ORD000542,P0027,Home & Garden,1,77.74,0.0,77.74
ORD000542,P0027,Home & Garden,3,77.74,0.1,209.9
ORD000543,P0038,Home & Garden,1,169.03,0.0,169.03
ORD000543,P0006,Electronics,1,234.84,0.1,211.36
ORD000543,P0056,Fashion,3,160.14,0.0,480.42
ORD000544,P0033,Home & Garden,1,213.07,0.05,202.42
ORD000544,P0050,Fashion,1,175.37,0.0,175.37
ORD000544,P0079,Sports,1,134.88,0.0,134.88
ORD000545,P0063,Sports,1,25.19,0.0,25.19
ORD000546,P0086,Beauty,1,112.91,0.1,101.62
ORD000547,P0034,Home & Garden,1,68.83,0.0,68.83
ORD000547,P0018,Electronics,1,370.75,0.15,315.14
ORD000547,P0066,Sports,2,124.94,0.0,249.88
ORD000548,P0085,Beauty,1,33.57,0.05,31.89
ORD000548,P0049,Fashion,1,179.38,0.1,161.44
ORD000548,P0042,Fashion,3,113.53,0.05,323.56
ORD000549,P0074,Sports,1,200.27,0.0,200.27
ORD000550,P0045,Fashion,3,34.55,0.1,93.28
ORD000551,P0057,Fashion,1,100.09,0.0,100.09
ORD000552,P0041,Fashion,2,109.82,0.15,186.69
ORD000552,P0019,Electronics,1,753.99,0.05,716.29
ORD000552,P0059,Fashion,1,67.75,0.1,60.98
ORD000553,P0113,Books & Media,1,10.97,0.1,9.87
ORD000554,P0005,Electronics,1,407.63,0.0,407.63
ORD000554,P0097,Beauty,2,37.48,0.05,71.21
ORD000554,P0070,Sports,2,273.9,0.1,493.02
ORD000554,P0022,Home & Garden,1,68.56,0.0,68.56
ORD000555,P0002,Electronics,1,282.77,0.0,282.77
ORD000555,P0013,Electronics,1,862.63,0.0,862.63
ORD000556,P0034,Home & Garden,1,68.83,0.0,68.83
ORD000556,P0111,Books & Media,1,58.37,0.15,49.61
ORD000556,P0007,Electronics,1,71.56,0.0,71.56
ORD000557,P0108,Books & Media,1,57.78,0.0,57.78
ORD000557,P0018,Electronics,1,370.75,0.2,296.6
ORD000558,P0066,Sports,3,124.94,0.05,356.08
ORD000559,P0062,Sports,2,278.05,0.0,556.1
ORD000559,P0111,Books & Media,2,58.37,0.0,116.74
ORD000559,P0021,Home & Garden,2,180.57,0.05,343.08
ORD000560,P0091,Beauty,1,90.2,0.0,90.2
ORD000560,P0102,Books & Media,1,52.13,0.05,49.52
ORD000561,P0097,Beauty,1,37.48,0.0,37.48
ORD000562,P0101,Books & Media,1,58.39,0.0,58.39
ORD000563,P0082,Beauty,3,35.18,0.0,105.54
ORD000563,P0009,Electronics,2,236.37,0.1,425.47
ORD000563,P0101,Books & Media,1,58.39,0.05,55.47
ORD000564,P0016,Electronics,2,735.06,0.1,1323.11
ORD000564,P0032,Home & Garden,1,145.88,0.0,145.88
ORD000565,P0006,Electronics,2,234.84,0.0,469.68
ORD000566,P0064,Sports,1,31.33,0.0,31.33
ORD000566,P0098,Beauty,2,58.74,0.05,111.61
ORD000567,P0120,Books & Media,1,38.91,0.0,38.91
ORD000568,P0020,Electronics,2,781.45,0.05,1484.76
ORD000568,P0023,Home & Garden,1,33.75,0.1,30.38
ORD000568,P0065,Sports,1,310.58,0.1,279.52
ORD000569,P0066,Sports,1,124.94,0.15,106.2
ORD000570,P0003,Electronics,2,675.0,0.05,1282.5
ORD000571,P0062,Sports,1,278.05,0.0,278.05
ORD000572,P0019,Electronics,1,753.99,0.1,678.59
ORD000573,P0092,Beauty,1,118.26,0.05,112.35
ORD000573,P0071,Sports,1,179.47,0.1,161.52
ORD000574,P0016,Electronics,1,735.06,0.0,735.06
ORD000574,P0070,Sports,2,273.9,0.0,547.8
ORD000575,P0012,Electronics,1,338.21,0.0,338.21
ORD000575,P0081,Beauty,1,17.81,0.15,15.14
ORD000575,P0099,Beauty,2,70.54,0.0,141.08
ORD000576,P0040,Home & Garden,1,77.25,0.2,61.8
ORD000576,P0060,Fashion,2,117.44,0.1,211.39
ORD000577,P0049,Fashion,1,179.38,0.0,179.38
ORD000578,P0087,Beauty,1,61.99,0.0,61.99
ORD000578,P0006,Electronics,1,234.84,0.05,223.1
ORD000578,P0056,Fashion,2,160.14,0.0,320.28
ORD000579,P0009,Electronics,1,236.37,0.0,236.37
ORD000579,P0017,Electronics,3,504.79,0.0,1514.37
ORD000580,P0098,Beauty,1,58.74,0.05,55.8
ORD000581,P0112,Books & Media,1,36.19,0.0,36.19
ORD000582,P0009,Electronics,1,236.37,0.0,236.37
ORD000583,P0032,Home & Garden,1,145.88,0.0,145.88
ORD000583,P0017,Electronics,1,504.79,0.05,479.55
ORD000584,P0048,Fashion,1,30.16,0.0,30.16
ORD000584,P0062,Sports,1,278.05,0.0,278.05
ORD000585,P0046,Fashion,1,37.54,0.1,33.79
ORD000585,P0106,Books & Media,1,21.79,0.1,19.61
ORD000585,P0073,Sports,1,162.52,0.05,154.39
ORD000585,P0105,Books & Media,2,27.71,0.2,44.34
ORD000586,P0012,Electronics,1,338.21,0.0,338.21
ORD000587,P0086,Beauty,1,112.91,0.05,107.26
ORD000587,P0020,Electronics,1,781.45,0.0,781.45
ORD000588,P0026,Home & Garden,2,101.99,0.05,193.78
ORD000588,P0116,Books & Media,1,12.17,0.15,10.34
ORD000589,P0012,Electronics,1,338.21,0.1,304.39
ORD000589,P0065,Sports,2,310.58,0.0,621.16
ORD000589,P0112,Books & Media,1,36.19,0.0,36.19
ORD000590,P0032,Home & Garden,1,145.88,0.05,138.59
ORD000590,P0071,Sports,3,179.47,0.1,484.57
ORD000591,P0002,Electronics,1,282.77,0.05,268.63
ORD000591,P0021,Home & Garden,1,180.57,0.15,153.48
ORD000592,P0010,Electronics,1,737.02,0.0,737.02
ORD000592,P0044,Fashion,2,179.61,0.0,359.22
ORD000593,P0059,Fashion,1,67.75,0.0,67.75
ORD000594,P0080,Sports,1,99.79,0.0,99.79
ORD000594,P0092,Beauty,3,118.26,0.0,354.78
ORD000595,P0043,Fashion,2,83.9,0.0,167.8
ORD000595,P0030,Home & Garden,1,53.4,0.1,48.06
ORD000595,P0039,Home & Garden,2,229.92,0.0,459.84
ORD000596,P0043,Fashion,1,83.9,0.15,71.32
ORD000597,P0082,Beauty,2,35.18,0.05,66.84
ORD000597,P0038,Home & Garden,1,169.03,0.1,152.13
ORD000597,P0031,Home & Garden,1,247.54,0.1,222.79
ORD000598,P0119,Books & Media,1,54.29,0.05,51.58
ORD000598,P0015,Electronics,2,769.37,0.0,1538.74
ORD000598,P0010,Electronics,1,737.02,0.1,663.32
ORD000599,P0118,Books & Media,1,20.23,0.0,20.23
ORD000599,P0069,Sports,1,47.49,0.1,42.74
ORD000599,P0107,Books & Media,2,31.66,0.15,53.82
ORD000600,P0113,Books & Media,1,10.97,0.0,10.97
ORD000601,P0102,Books & Media,1,52.13,0.0,52.13
ORD000601,P0023,Home & Garden,1,33.75,0.15,28.69
ORD000602,P0108,Books & Media,1,57.78,0.0,57.78
ORD000603,P0084,Beauty,1,36.18,0.0,36.18
ORD000604,P0073,Sports,1,162.52,0.1,146.27
ORD000604,P0035,Home & Garden,1,89.13,0.0,89.13
ORD000605,P0063,Sports,2,25.19,0.05,47.86
ORD000606,P0113,Books & Media,3,10.97,0.05,31.26
ORD000606,P0001,Electronics,1,592.51,0.0,592.51
ORD000606,P0068,Sports,1,52.84,0.1,47.56
ORD000606,P0042,Fashion,1,113.53,0.0,113.53
ORD000607,P0098,Beauty,1,58.74,0.1,52.87
ORD000608,P0004,Electronics,1,807.35,0.0,807.35
ORD000609,P0083,Beauty,1,104.56,0.0,104.56
ORD000610,P0023,Home & Garden,1,33.75,0.0,33.75
ORD000611,P0010,Electronics,1,737.02,0.0,737.02
ORD000612,P0067,Sports,1,310.35,0.1,279.32
ORD000613,P0064,Sports,1,31.33,0.0,31.33
ORD000614,P0043,Fashion,1,83.9,0.0,83.9
ORD000614,P0113,Books & Media,3,10.97,0.0,32.91
ORD000615,P0057,Fashion,1,100.09,0.0,100.09
ORD000616,P0080,Sports,1,99.79,0.0,99.79
ORD000617,P0115,Books & Media,1,16.19,0.0,16.19
ORD000617,P0093,Beauty,1,54.29,0.0,54.29
ORD000618,P0018,Electronics,1,370.75,0.1,333.68
ORD000618,P0002,Electronics,1,282.77,0.15,240.35
ORD000618,P0057,Fashion,2,100.09,0.1,180.16
ORD000619,P0028,Home & Garden,3,167.29,0.0,501.87
ORD000619,P0034,Home & Garden,2,68.83,0.0,137.66
ORD000619,P0007,Electronics,3,71.56,0.2,171.74
ORD000619,P0039,Home & Garden,1,229.92,0.0,229.92
ORD000620,P0085,Beauty,1,33.57,0.2,26.86
ORD000620,P0007,Electronics,1,71.56,0.0,71.56
ORD000620,P0016,Electronics,1,735.06,0.15,624.8
ORD000621,P0056,Fashion,1,160.14,0.1,144.13
ORD000621,P0045,Fashion,3,34.55,0.05,98.47
ORD000621,P0029,Home & Garden,1,55.22,0.1,49.7
ORD000622,P0098,Beauty,1,58.74,0.0,58.74
ORD000623,P0105,Books & Media,1,27.71,0.0,27.71
ORD000623,P0029,Home & Garden,2,55.22,0.0,110.44
ORD000623,P0077,Sports,1,167.38,0.0,167.38
ORD000624,P0042,Fashion,1,113.53,0.15,96.5
ORD000625,P0009,Electronics,1,236.37,0.0,236.37
ORD000625,P0067,Sports,1,310.35,0.05,294.83
ORD000625,P0048,Fashion,2,30.16,0.05,57.3
ORD000625,P0053,Fashion,1,62.69,0.2,50.15
ORD000626,P0091,Beauty,1,90.2,0.0,90.2
ORD000626,P0035,Home & Garden,2,89.13,0.0,178.26
ORD000626,P0045,Fashion,1,34.55,0.0,34.55
ORD000627,P0011,Electronics,1,733.95,0.05,697.25
ORD000627,P0018,Electronics,3,370.75,0.05,1056.64
ORD000628,P0088,Beauty,1,98.82,0.0,98.82
ORD000629,P0076,Sports,1,348.42,0.0,348.42
ORD000630,P0019,Electronics,2,753.99,0.15,1281.78
ORD000631,P0052,Fashion,2,129.07,0.15,219.42
ORD000631,P0053,Fashion,1,62.69,0.05,59.56
ORD000632,P0006,Electronics,2,234.84,0.15,399.23
ORD000632,P0051,Fashion,1,21.84,0.1,19.66
ORD000633,P0105,Books & Media,2,27.71,0.1,49.88
ORD000633,P0118,Books & Media,2,20.23,0.1,36.41
ORD000633,P0099,Beauty,2,70.54,0.0,141.08
ORD000634,P0017,Electronics,1,504.79,0.0,504.79
ORD000634,P0043,Fashion,1,83.9,0.1,75.51
ORD000635,P0010,Electronics,1,737.02,0.0,737.02
ORD000635,P0070,Sports,3,273.9,0.0,821.7
ORD000635,P0072,Sports,2,111.14,0.15,188.94
ORD000636,P0098,Beauty,3,58.74,0.15,149.79
ORD000637,P0040,Home & Garden,1,77.25,0.1,69.53
ORD000637,P0046,Fashion,1,37.54,0.0,37.54
ORD000638,P0101,Books & Media,1,58.39,0.05,55.47
ORD000639,P0038,Home & Garden,3,169.03,0.0,507.09
ORD000640,P0089,Beauty,2,20.66,0.05,39.25
ORD000640,P0005,Electronics,1,407.63,0.0,407.63
ORD000640,P0010,Electronics,1,737.02,0.0,737.02
ORD000641,P0040,Home & Garden,1,77.25,0.0,77.25
ORD000642,P0028,Home & Garden,2,167.29,0.0,334.58
ORD000643,P0050,Fashion,1,175.37,0.0,175.37
ORD000644,P0046,Fashion,1,37.54,0.0,37.54
ORD000645,P0019,Electronics,2,753.99,0.05,1432.58
ORD000646,P0091,Beauty,1,90.2,0.1,81.18
ORD000646,P0101,Books & Media,3,58.39,0.0,175.17
ORD000646,P0017,Electronics,1,504.79,0.0,504.79
ORD000647,P0035,Home & Garden,1,89.13,0.0,89.13
ORD000647,P0097,Beauty,1,37.48,0.0,37.48
ORD000647,P0107,Books & Media,1,31.66,0.0,31.66
ORD000648,P0035,Home & Garden,1,89.13,0.0,89.13
ORD000648,P0016,Electronics,1,735.06,0.0,735.06
ORD000648,P0068,Sports,1,52.84,0.05,50.2
ORD000648,P0053,Fashion,1,62.69,0.0,62.69
ORD000649,P0035,Home & Garden,1,89.13,0.0,89.13
ORD000649,P0040,Home & Garden,1,77.25,0.0,77.25
ORD000650,P0072,Sports,1,111.14,0.1,100.03
ORD000650,P0067,Sports,2,310.35,0.0,620.7
ORD000650,P0086,Beauty,1,112.91,0.0,112.91
ORD000650,P0119,Books & Media,1,54.29,0.0,54.29
ORD000650,P0025,Home & Garden,1,164.39,0.0,164.39
ORD000651,P0070,Sports,3,273.9,0.2,657.36
ORD000652,P0038,Home & Garden,1,169.03,0.05,160.58
ORD000653,P0111,Books & Media,1,58.37,0.0,58.37
ORD000654,P0115,Books & Media,1,16.19,0.05,15.38
ORD000655,P0018,Electronics,1,370.75,0.1,333.68
ORD000655,P0020,Electronics,2,781.45,0.2,1250.32
ORD000655,P0048,Fashion,1,30.16,0.05,28.65
ORD000656,P0001,Electronics,2,592.51,0.0,1185.02
ORD000657,P0110,Books & Media,3,16.05,0.15,40.93
ORD000658,P0046,Fashion,2,37.54,0.05,71.33
ORD000659,P0028,Home & Garden,3,167.29,0.0,501.87
ORD000659,P0054,Fashion,1,37.85,0.0,37.85
ORD000660,P0019,Electronics,1,753.99,0.15,640.89
ORD000661,P0053,Fashion,1,62.69,0.0,62.69
ORD000661,P0008,Electronics,2,601.4,0.05,1142.66
ORD000661,P0013,Electronics,2,862.63,0.05,1639.0
ORD000662,P0021,Home & Garden,2,180.57,0.0,361.14
ORD000663,P0010,Electronics,3,737.02,0.05,2100.51
ORD000663,P0027,Home & Garden,1,77.74,0.0,77.74
ORD000663,P0020,Electronics,1,781.45,0.15,664.23
ORD000663,P0015,Electronics,1,769.37,0.1,692.43
ORD000663,P0081,Beauty,3,17.81,0.0,53.43
ORD000664,P0018,Electronics,1,370.75,0.0,370.75
ORD000664,P0023,Home & Garden,1,33.75,0.0,33.75
ORD000665,P0001,Electronics,1,592.51,0.15,503.63
ORD000666,P0078,Sports,3,64.33,0.0,192.99
ORD000667,P0023,Home & Garden,1,33.75,0.0,33.75
ORD000667,P0082,Beauty,1,35.18,0.0,35.18
ORD000667,P0014,Electronics,2,127.83,0.05,242.88
ORD000668,P0115,Books & Media,1,16.19,0.0,16.19
ORD000669,P0020,Electronics,1,781.45,0.0,781.45
ORD000669,P0055,Fashion,1,92.6,0.1,83.34
ORD000670,P0053,Fashion,2,62.69,0.0,125.38
ORD000670,P0055,Fashion,1,92.6,0.0,92.6
ORD000670,P0046,Fashion,1,37.54,0.0,37.54
ORD000670,P0082,Beauty,1,35.18,0.0,35.18
ORD000671,P0050,Fashion,1,175.37,0.0,175.37
ORD000671,P0037,Home & Garden,2,220.95,0.1,397.71
ORD000672,P0118,Books & Media,1,20.23,0.05,19.22
ORD000672,P0003,Electronics,2,675.0,0.05,1282.5
ORD000673,P0022,Home & Garden,1,68.56,0.1,61.7
ORD000674,P0045,Fashion,1,34.55,0.1,31.1
ORD000674,P0020,Electronics,1,781.45,0.0,781.45
ORD000674,P0016,Electronics,1,735.06,0.05,698.31
ORD000675,P0057,Fashion,1,100.09,0.0,100.09
ORD000675,P0008,Electronics,2,601.4,0.0,1202.8
ORD000676,P0105,Books & Media,1,27.71,0.05,26.32
ORD000677,P0064,Sports,1,31.33,0.0,31.33
ORD000678,P0041,Fashion,2,109.82,0.05,208.66
ORD000679,P0007,Electronics,1,71.56,0.15,60.83
ORD000680,P0049,Fashion,1,179.38,0.1,161.44
ORD000680,P0042,Fashion,1,113.53,0.05,107.85
ORD000680,P0077,Sports,1,167.38,0.15,142.27
ORD000681,P0036,Home & Garden,1,64.58,0.0,64.58
ORD000681,P0103,Books & Media,2,33.25,0.15,56.52
ORD000682,P0015,Electronics,1,769.37,0.05,730.9
ORD000682,P0109,Books & Media,2,36.9,0.0,73.8
ORD000683,P0058,Fashion,1,166.02,0.0,166.02
ORD000683,P0114,Books & Media,1,34.15,0.0,34.15
ORD000684,P0050,Fashion,1,175.37,0.15,149.06
ORD000684,P0050,Fashion,1,175.37,0.0,175.37
ORD000684,P0082,Beauty,2,35.18,0.0,70.36
ORD000685,P0056,Fashion,1,160.14,0.0,160.14
ORD000685,P0120,Books & Media,2,38.91,0.0,77.82
ORD000685,P0015,Electronics,2,769.37,0.0,1538.74
ORD000686,P0010,Electronics,3,737.02,0.05,2100.51
ORD000687,P0042,Fashion,1,113.53,0.0,113.53
ORD000688,P0109,Books & Media,1,36.9,0.0,36.9
ORD000688,P0112,Books & Media,1,36.19,0.0,36.19
ORD000689,P0001,Electronics,1,592.51,0.1,533.26
ORD000689,P0094,Beauty,1,104.78,0.0,104.78
ORD000689,P0062,Sports,2,278.05,0.0,556.1
ORD000689,P0072,Sports,1,111.14,0.0,111.14
ORD000690,P0013,Electronics,1,862.63,0.05,819.5
ORD000690,P0006,Electronics,2,234.84,0.05,446.2
ORD000690,P0101,Books & Media,3,58.39,0.05,166.41
ORD000691,P0042,Fashion,1,113.53,0.0,113.53
ORD000692,P0085,Beauty,1,33.57,0.2,26.86
ORD000692,P0044,Fashion,1,179.61,0.0,179.61
ORD000693,P0119,Books & Media,1,54.29,0.05,51.58
ORD000693,P0034,Home & Garden,1,68.83,0.0,68.83
ORD000693,P0004,Electronics,1,807.35,0.0,807.35
ORD000693,P0040,Home & Garden,3,77.25,0.0,231.75
ORD000694,P0049,Fashion,1,179.38,0.0,179.38
ORD000694,P0047,Fashion,1,146.73,0.0,146.73
ORD000694,P0019,Electronics,2,753.99,0.0,1507.98
ORD000695,P0058,Fashion,1,166.02,0.0,166.02
ORD000696,P0058,Fashion,1,166.02,0.0,166.02
ORD000696,P0032,Home & Garden,1,145.88,0.0,145.88
ORD000696,P0045,Fashion,2,34.55,0.0,69.1
ORD000697,P0088,Beauty,1,98.82,0.0,98.82
ORD000697,P0117,Books & Media,1,38.94,0.0,38.94
ORD000698,P0077,Sports,1,167.38,0.15,142.27
ORD000698,P0023,Home & Garden,1,33.75,0.0,33.75
ORD000699,P0048,Fashion,1,30.16,0.0,30.16
ORD000699,P0107,Books & Media,1,31.66,0.0,31.66
ORD000699,P0111,Books & Media,1,58.37,0.0,58.37
ORD000700,P0103,Books & Media,1,33.25,0.0,33.25
ORD000700,P0032,Home & Garden,1,145.88,0.0,145.88
ORD000700,P0081,Beauty,1,17.81,0.0,17.81
ORD000701,P0054,Fashion,2,37.85,0.0,75.7
ORD000701,P0083,Beauty,2,104.56,0.0,209.12
ORD000701,P0030,Home & Garden,2,53.4,0.1,96.12
ORD000702,P0068,Sports,3,52.84,0.0,158.52
ORD000702,P0050,Fashion,1,175.37,0.1,157.83
ORD000702,P0068,Sports,1,52.84,0.15,44.91
ORD000703,P0026,Home & Garden,3,101.99,0.1,275.37
ORD000703,P0033,Home & Garden,3,213.07,0.0,639.21
ORD000704,P0113,Books & Media,1,10.97,0.05,10.42
ORD000705,P0085,Beauty,2,33.57,0.15,57.07
ORD000705,P0019,Electronics,1,753.99,0.15,640.89
ORD000705,P0120,Books & Media,1,38.91,0.0,38.91
ORD000705,P0041,Fashion,1,109.82,0.1,98.84
ORD000706,P0012,Electronics,2,338.21,0.0,676.42
ORD000706,P0036,Home & Garden,1,64.58,0.15,54.89
ORD000706,P0045,Fashion,1,34.55,0.05,32.82
ORD000706,P0095,Beauty,3,30.92,0.0,92.76
ORD000707,P0007,Electronics,1,71.56,0.1,64.4
ORD000707,P0093,Beauty,1,54.29,0.05,51.58
ORD000708,P0051,Fashion,1,21.84,0.0,21.84
ORD000708,P0051,Fashion,1,21.84,0.1,19.66
ORD000708,P0007,Electronics,1,71.56,0.0,71.56
ORD000708,P0056,Fashion,3,160.14,0.05,456.4
ORD000708,P0045,Fashion,1,34.55,0.1,31.1
ORD000709,P0012,Electronics,2,338.21,0.2,541.14
ORD000710,P0068,Sports,1,52.84,0.1,47.56
ORD000710,P0117,Books & Media,1,38.94,0.0,38.94
ORD000711,P0016,Electronics,3,735.06,0.0,2205.18
ORD000711,P0005,Electronics,1,407.63,0.2,326.1
ORD000712,P0081,Beauty,2,17.81,0.0,35.62
ORD000712,P0032,Home & Garden,1,145.88,0.0,145.88
ORD000712,P0118,Books & Media,2,20.23,0.15,34.39
ORD000712,P0014,Electronics,1,127.83,0.0,127.83
ORD000713,P0026,Home & Garden,1,101.99,0.15,86.69
ORD000713,P0105,Books & Media,1,27.71,0.0,27.71
ORD000713,P0033,Home & Garden,2,213.07,0.0,426.14
ORD000714,P0012,Electronics,2,338.21,0.1,608.78
ORD000714,P0110,Books & Media,1,16.05,0.15,13.64
ORD000714,P0017,Electronics,1,504.79,0.05,479.55
ORD000715,P0018,Electronics,1,370.75,0.05,352.21
ORD000716,P0086,Beauty,1,112.91,0.15,95.97
ORD000716,P0070,Sports,1,273.9,0.2,219.12
ORD000717,P0016,Electronics,2,735.06,0.0,1470.12
ORD000717,P0028,Home & Garden,1,167.29,0.2,133.83
ORD000718,P0009,Electronics,2,236.37,0.05,449.1
ORD000719,P0054,Fashion,1,37.85,0.1,34.07
ORD000720,P0011,Electronics,1,733.95,0.0,733.95
ORD000721,P0063,Sports,1,25.19,0.05,23.93
ORD000722,P0052,Fashion,1,129.07,0.05,122.62
ORD000722,P0068,Sports,1,52.84,0.05,50.2
ORD000723,P0023,Home & Garden,1,33.75,0.15,28.69
ORD000723,P0090,Beauty,2,56.59,0.05,107.52
ORD000724,P0110,Books & Media,1,16.05,0.15,13.64
ORD000724,P0099,Beauty,3,70.54,0.0,211.62
ORD000724,P0046,Fashion,1,37.54,0.0,37.54
ORD000724,P0116,Books & Media,1,12.17,0.0,12.17
ORD000724,P0059,Fashion,1,67.75,0.0,67.75
ORD000725,P0031,Home & Garden,1,247.54,0.0,247.54
ORD000725,P0057,Fashion,1,100.09,0.0,100.09
ORD000725,P0094,Beauty,1,104.78,0.0,104.78
ORD000725,P0003,Electronics,1,675.0,0.0,675.0
ORD000725,P0099,Beauty,2,70.54,0.15,119.92
ORD000726,P0015,Electronics,1,769.37,0.0,769.37
ORD000726,P0096,Beauty,1,56.41,0.05,53.59
ORD000727,P0074,Sports,1,200.27,0.0,200.27
ORD000727,P0019,Electronics,1,753.99,0.05,716.29
ORD000727,P0116,Books & Media,1,12.17,0.1,10.95
ORD000727,P0088,Beauty,1,98.82,0.05,93.88
ORD000728,P0108,Books & Media,1,57.78,0.0,57.78
ORD000728,P0098,Beauty,1,58.74,0.0,58.74
ORD000728,P0013,Electronics,1,862.63,0.05,819.5
ORD000728,P0056,Fashion,1,160.14,0.0,160.14
ORD000729,P0106,Books & Media,1,21.79,0.1,19.61
ORD000730,P0069,Sports,1,47.49,0.0,47.49
ORD000730,P0037,Home & Garden,1,220.95,0.0,220.95
ORD000731,P0018,Electronics,1,370.75,0.15,315.14
ORD000732,P0044,Fashion,1,179.61,0.0,179.61
ORD000733,P0019,Electronics,1,753.99,0.0,753.99
ORD000734,P0087,Beauty,1,61.99,0.0,61.99
ORD000735,P0093,Beauty,1,54.29,0.0,54.29
ORD000735,P0048,Fashion,3,30.16,0.1,81.43
ORD000735,P0062,Sports,2,278.05,0.1,500.49
ORD000735,P0099,Beauty,1,70.54,0.1,63.49
ORD000736,P0078,Sports,1,64.33,0.0,64.33
ORD000737,P0059,Fashion,1,67.75,0.0,67.75
ORD000738,P0036,Home & Garden,1,64.58,0.0,64.58
ORD000738,P0091,Beauty,1,90.2,0.0,90.2
ORD000738,P0055,Fashion,1,92.6,0.05,87.97
ORD000739,P0105,Books & Media,1,27.71,0.0,27.71
ORD000740,P0083,Beauty,1,104.56,0.1,94.1
ORD000741,P0087,Beauty,1,61.99,0.1,55.79
ORD000742,P0094,Beauty,2,104.78,0.2,167.65
ORD000743,P0098,Beauty,1,58.74,0.15,49.93
ORD000743,P0098,Beauty,1,58.74,0.0,58.74
ORD000744,P0067,Sports,1,310.35,0.0,310.35
ORD000744,P0085,Beauty,1,33.57,0.0,33.57
ORD000745,P0046,Fashion,1,37.54,0.0,37.54
ORD000745,P0107,Books & Media,1,31.66,0.0,31.66
ORD000746,P0102,Books & Media,3,52.13,0.0,156.39
ORD000746,P0005,Electronics,1,407.63,0.0,407.63
ORD000747,P0100,Beauty,1,119.92,0.0,119.92
ORD000748,P0013,Electronics,2,862.63,0.05,1639.0
ORD000748,P0095,Beauty,1,30.92,0.0,30.92
ORD000748,P0088,Beauty,1,98.82,0.0,98.82
ORD000748,P0075,Sports,1,90.37,0.1,81.33
ORD000748,P0089,Beauty,1,20.66,0.05,19.63
ORD000749,P0008,Electronics,3,601.4,0.05,1713.99
ORD000750,P0010,Electronics,2,737.02,0.2,1179.23
ORD000751,P0099,Beauty,1,70.54,0.0,70.54
ORD000751,P0036,Home & Garden,1,64.58,0.0,64.58
ORD000752,P0116,Books & Media,1,12.17,0.0,12.17
ORD000753,P0107,Books & Media,2,31.66,0.0,63.32
ORD000754,P0115,Books & Media,1,16.19,0.05,15.38
ORD000754,P0038,Home & Garden,1,169.03,0.05,160.58
ORD000755,P0054,Fashion,1,37.85,0.0,37.85
ORD000755,P0067,Sports,1,310.35,0.0,310.35
ORD000755,P0016,Electronics,1,735.06,0.0,735.06
ORD000755,P0087,Beauty,3,61.99,0.2,148.78
ORD000756,P0050,Fashion,1,175.37,0.0,175.37
ORD000757,P0046,Fashion,2,37.54,0.0,75.08
ORD000757,P0013,Electronics,1,862.63,0.0,862.63
ORD000758,P0057,Fashion,1,100.09,0.0,100.09
ORD000759,P0048,Fashion,1,30.16,0.05,28.65
ORD000760,P0052,Fashion,1,129.07,0.0,129.07
ORD000760,P0089,Beauty,1,20.66,0.1,18.59
ORD000761,P0110,Books & Media,2,16.05,0.0,32.1
ORD000761,P0018,Electronics,1,370.75,0.05,352.21
ORD000761,P0011,Electronics,3,733.95,0.0,2201.85
ORD000762,P0053,Fashion,2,62.69,0.0,125.38
ORD000762,P0090,Beauty,1,56.59,0.1,50.93
ORD000763,P0034,Home & Garden,1,68.83,0.0,68.83
ORD000764,P0083,Beauty,1,104.56,0.0,104.56
ORD000764,P0022,Home & Garden,2,68.56,0.1,123.41
ORD000764,P0005,Electronics,2,407.63,0.0,815.26
ORD000765,P0111,Books & Media,3,58.37,0.0,175.11
ORD000766,P0092,Beauty,1,118.26,0.0,118.26
ORD000766,P0070,Sports,1,273.9,0.2,219.12
ORD000766,P0003,Electronics,1,675.0,0.0,675.0
ORD000766,P0096,Beauty,1,56.41,0.0,56.41
ORD000766,P0114,Books & Media,3,34.15,0.15,87.08
ORD000767,P0079,Sports,2,134.88,0.0,269.76
ORD000767,P0085,Beauty,1,33.57,0.05,31.89
ORD000768,P0045,Fashion,1,34.55,0.15,29.37
ORD000769,P0052,Fashion,1,129.07,0.0,129.07
ORD000769,P0013,Electronics,1,862.63,0.05,819.5
ORD000769,P0007,Electronics,1,71.56,0.0,71.56
ORD000769,P0017,Electronics,2,504.79,0.05,959.1
ORD000769,P0014,Electronics,3,127.83,0.2,306.79
ORD000770,P0066,Sports,1,124.94,0.0,124.94
ORD000770,P0047,Fashion,2,146.73,0.0,293.46
ORD000770,P0005,Electronics,1,407.63,0.05,387.25
ORD000771,P0088,Beauty,1,98.82,0.1,88.94
ORD000771,P0031,Home & Garden,3,247.54,0.0,742.62
ORD000772,P0003,Electronics,1,675.0,0.0,675.0
ORD000773,P0077,Sports,3,167.38,0.15,426.82
ORD000773,P0008,Electronics,2,601.4,0.0,1202.8
ORD000774,P0021,Home & Garden,1,180.57,0.0,180.57
ORD000774,P0108,Books & Media,1,57.78,0.0,57.78
ORD000775,P0020,Electronics,1,781.45,0.0,781.45
ORD000775,P0034,Home & Garden,1,68.83,0.0,68.83
ORD000775,P0113,Books & Media,1,10.97,0.0,10.97
ORD000776,P0050,Fashion,1,175.37,0.0,175.37
ORD000777,P0055,Fashion,1,92.6,0.0,92.6
ORD000777,P0019,Electronics,2,753.99,0.1,1357.18
ORD000778,P0005,Electronics,1,407.63,0.0,407.63
ORD000778,P0025,Home & Garden,3,164.39,0.0,493.17
ORD000779,P0055,Fashion,2,92.6,0.05,175.94
ORD000779,P0024,Home & Garden,2,38.74,0.05,73.61
ORD000780,P0027,Home & Garden,1,77.74,0.0,77.74
ORD000781,P0052,Fashion,1,129.07,0.1,116.16
ORD000782,P0018,Electronics,1,370.75,0.0,370.75
ORD000782,P0042,Fashion,2,113.53,0.0,227.06
ORD000782,P0044,Fashion,1,179.61,0.15,152.67
ORD000782,P0003,Electronics,1,675.0,0.0,675.0
ORD000783,P0056,Fashion,1,160.14,0.15,136.12
ORD000783,P0030,Home & Garden,2,53.4,0.0,106.8
ORD000784,P0051,Fashion,1,21.84,0.0,21.84
ORD000784,P0010,Electronics,1,737.02,0.0,737.02
ORD000785,P0043,Fashion,1,83.9,0.15,71.32
ORD000785,P0029,Home & Garden,2,55.22,0.1,99.4
ORD000786,P0077,Sports,1,167.38,0.05,159.01
ORD000787,P0033,Home & Garden,1,213.07,0.05,202.42
ORD000787,P0004,Electronics,1,807.35,0.1,726.62
ORD000787,P0046,Fashion,1,37.54,0.05,35.66
ORD000788,P0076,Sports,1,348.42,0.15,296.16
ORD000788,P0008,Electronics,1,601.4,0.0,601.4
ORD000788,P0014,Electronics,3,127.83,0.0,383.49
ORD000789,P0093,Beauty,1,54.29,0.1,48.86
ORD000790,P0103,Books & Media,1,33.25,0.05,31.59
ORD000790,P0011,Electronics,1,733.95,0.15,623.86
ORD000790,P0047,Fashion,1,146.73,0.2,117.38
ORD000791,P0013,Electronics,1,862.63,0.0,862.63
ORD000791,P0118,Books & Media,1,20.23,0.0,20.23
ORD000792,P0056,Fashion,1,160.14,0.05,152.13
ORD000792,P0098,Beauty,1,58.74,0.0,58.74
ORD000793,P0006,Electronics,1,234.84,0.0,234.84
ORD000793,P0017,Electronics,1,504.79,0.1,454.31
ORD000794,P0016,Electronics,1,735.06,0.15,624.8
ORD000794,P0078,Sports,3,64.33,0.15,164.04
ORD000794,P0047,Fashion,1,146.73,0.0,146.73
ORD000794,P0003,Electronics,1,675.0,0.05,641.25
ORD000794,P0084,Beauty,3,36.18,0.0,108.54
ORD000795,P0040,Home & Garden,1,77.25,0.0,77.25
ORD000795,P0007,Electronics,1,71.56,0.05,67.98
ORD000795,P0058,Fashion,1,166.02,0.0,166.02
ORD000795,P0075,Sports,2,90.37,0.0,180.74
ORD000796,P0050,Fashion,1,175.37,0.0,175.37
ORD000797,P0051,Fashion,1,21.84,0.0,21.84
ORD000798,P0104,Books & Media,1,28.85,0.2,23.08
ORD000798,P0041,Fashion,1,109.82,0.0,109.82
ORD000798,P0009,Electronics,1,236.37,0.2,189.1
ORD000799,P0085,Beauty,1,33.57,0.0,33.57
ORD000800,P0040,Home & Garden,1,77.25,0.0,77.25
ORD000801,P0113,Books & Media,1,10.97,0.05,10.42
ORD000801,P0055,Fashion,1,92.6,0.15,78.71
ORD000802,P0039,Home & Garden,1,229.92,0.0,229.92
ORD000803,P0015,Electronics,1,769.37,0.1,692.43
ORD000803,P0007,Electronics,1,71.56,0.0,71.56
ORD000804,P0067,Sports,1,310.35,0.0,310.35
ORD000805,P0086,Beauty,2,112.91,0.15,191.95
ORD000806,P0073,Sports,1,162.52,0.0,162.52
ORD000806,P0040,Home & Garden,1,77.25,0.0,77.25
ORD000807,P0063,Sports,1,25.19,0.1,22.67
ORD000808,P0019,Electronics,2,753.99,0.0,1507.98
ORD000808,P0027,Home & Garden,1,77.74,0.05,73.85
ORD000809,P0078,Sports,1,64.33,0.0,64.33
ORD000810,P0113,Books & Media,1,10.97,0.05,10.42
ORD000811,P0011,Electronics,1,733.95,0.0,733.95
ORD000811,P0097,Beauty,1,37.48,0.0,37.48
ORD000811,P0017,Electronics,1,504.79,0.0,504.79
ORD000812,P0005,Electronics,2,407.63,0.05,774.5
ORD000812,P0050,Fashion,1,175.37,0.0,175.37
ORD000813,P0043,Fashion,1,83.9,0.15,71.32
ORD000813,P0058,Fashion,2,166.02,0.0,332.04
ORD000814,P0046,Fashion,3,37.54,0.05,106.99
ORD000815,P0092,Beauty,1,118.26,0.0,118.26
ORD000815,P0071,Sports,1,179.47,0.05,170.5
ORD000815,P0082,Beauty,1,35.18,0.05,33.42
ORD000816,P0102,Books & Media,1,52.13,0.0,52.13
ORD000816,P0029,Home & Garden,1,55.22,0.05,52.46
ORD000816,P0040,Home & Garden,2,77.25,0.1,139.05
ORD000817,P0074,Sports,2,200.27,0.0,400.54
ORD000818,P0038,Home & Garden,1,169.03,0.0,169.03
ORD000818,P0097,Beauty,1,37.48,0.0,37.48
ORD000818,P0118,Books & Media,2,20.23,0.1,36.41
ORD000818,P0015,Electronics,1,769.37,0.15,653.96
ORD000819,P0074,Sports,3,200.27,0.0,600.81
ORD000820,P0024,Home & Garden,1,38.74,0.0,38.74
ORD000820,P0064,Sports,3,31.33,0.05,89.29
ORD000821,P0078,Sports,2,64.33,0.0,128.66
ORD000821,P0051,Fashion,1,21.84,0.0,21.84
ORD000822,P0055,Fashion,1,92.6,0.0,92.6
ORD000823,P0117,Books & Media,2,38.94,0.05,73.99
ORD000824,P0021,Home & Garden,1,180.57,0.0,180.57
ORD000824,P0018,Electronics,1,370.75,0.1,333.68
ORD000825,P0023,Home & Garden,1,33.75,0.15,28.69
ORD000826,P0050,Fashion,1,175.37,0.0,175.37
ORD000827,P0079,Sports,1,134.88,0.0,134.88
ORD000827,P0049,Fashion,1,179.38,0.1,161.44
ORD000827,P0105,Books & Media,1,27.71,0.15,23.55
ORD000828,P0069,Sports,2,47.49,0.1,85.48
ORD000829,P0081,Beauty,2,17.81,0.15,30.28
ORD000829,P0114,Books & Media,1,34.15,0.0,34.15
ORD000830,P0052,Fashion,1,129.07,0.0,129.07
ORD000830,P0073,Sports,1,162.52,0.0,162.52
ORD000831,P0110,Books & Media,2,16.05,0.1,28.89
ORD000832,P0025,Home & Garden,2,164.39,0.0,328.78
ORD000833,P0045,Fashion,1,34.55,0.0,34.55
ORD000833,P0043,Fashion,1,83.9,0.0,83.9
ORD000834,P0097,Beauty,1,37.48,0.0,37.48
ORD000834,P0032,Home & Garden,1,145.88,0.0,145.88
ORD000835,P0040,Home & Garden,1,77.25,0.0,77.25
ORD000835,P0074,Sports,2,200.27,0.0,400.54
ORD000836,P0021,Home & Garden,1,180.57,0.05,171.54
ORD000836,P0007,Electronics,1,71.56,0.05,67.98
ORD000837,P0086,Beauty,1,112.91,0.1,101.62
ORD000837,P0042,Fashion,3,113.53,0.15,289.5
ORD000837,P0048,Fashion,1,30.16,0.0,30.16
ORD000838,P0107,Books & Media,2,31.66,0.1,56.99
ORD000838,P0029,Home & Garden,1,55.22,0.1,49.7
ORD000838,P0063,Sports,2,25.19,0.05,47.86
ORD000838,P0041,Fashion,1,109.82,0.0,109.82
ORD000838,P0013,Electronics,1,862.63,0.05,819.5
ORD000839,P0039,Home & Garden,1,229.92,0.05,218.42
ORD000839,P0051,Fashion,1,21.84,0.0,21.84
ORD000840,P0120,Books & Media,1,38.91,0.05,36.96
ORD000840,P0071,Sports,1,179.47,0.0,179.47
ORD000840,P0031,Home & Garden,3,247.54,0.1,668.36
ORD000841,P0087,Beauty,3,61.99,0.05,176.67
ORD000841,P0009,Electronics,1,236.37,0.05,224.55
ORD000842,P0046,Fashion,1,37.54,0.1,33.79
ORD000842,P0106,Books & Media,3,21.79,0.0,65.37
ORD000843,P0051,Fashion,2,21.84,0.0,43.68
ORD000843,P0001,Electronics,2,592.51,0.0,1185.02
ORD000843,P0041,Fashion,3,109.82,0.0,329.46
ORD000844,P0051,Fashion,2,21.84,0.1,39.31
ORD000844,P0062,Sports,2,278.05,0.2,444.88
ORD000845,P0063,Sports,2,25.19,0.1,45.34
ORD000846,P0120,Books & Media,1,38.91,0.05,36.96
ORD000847,P0018,Electronics,1,370.75,0.15,315.14
ORD000848,P0101,Books & Media,1,58.39,0.0,58.39
ORD000848,P0085,Beauty,1,33.57,0.1,30.21
ORD000848,P0095,Beauty,2,30.92,0.1,55.66
ORD000848,P0005,Electronics,1,407.63,0.1,366.87
ORD000849,P0110,Books & Media,1,16.05,0.0,16.05
ORD000849,P0007,Electronics,2,71.56,0.0,143.12
ORD000850,P0021,Home & Garden,3,180.57,0.1,487.54
ORD000850,P0110,Books & Media,1,16.05,0.1,14.44
ORD000851,P0091,Beauty,1,90.2,0.0,90.2
ORD000851,P0042,Fashion,1,113.53,0.0,113.53
ORD000852,P0100,Beauty,1,119.92,0.15,101.93
ORD000852,P0011,Electronics,1,733.95,0.05,697.25
ORD000852,P0004,Electronics,3,807.35,0.0,2422.05
ORD000852,P0044,Fashion,1,179.61,0.0,179.61
ORD000852,P0008,Electronics,2,601.4,0.1,1082.52
ORD000853,P0074,Sports,1,200.27,0.1,180.24
ORD000853,P0104,Books & Media,3,28.85,0.05,82.22
ORD000854,P0015,Electronics,1,769.37,0.15,653.96
ORD000854,P0071,Sports,2,179.47,0.0,358.94
ORD000854,P0055,Fashion,2,92.6,0.0,185.2
ORD000854,P0057,Fashion,1,100.09,0.0,100.09
ORD000855,P0095,Beauty,2,30.92,0.0,61.84
ORD000855,P0029,Home & Garden,2,55.22,0.1,99.4
ORD000856,P0041,Fashion,3,109.82,0.0,329.46
ORD000856,P0091,Beauty,2,90.2,0.05,171.38
ORD000856,P0025,Home & Garden,2,164.39,0.0,328.78
ORD000857,P0090,Beauty,3,56.59,0.0,169.77
ORD000858,P0023,Home & Garden,2,33.75,0.0,67.5
ORD000858,P0081,Beauty,1,17.81,0.2,14.25
ORD000858,P0110,Books & Media,1,16.05,0.05,15.25
ORD000858,P0016,Electronics,1,735.06,0.15,624.8
ORD000859,P0050,Fashion,1,175.37,0.0,175.37
ORD000859,P0071,Sports,1,179.47,0.0,179.47
ORD000859,P0011,Electronics,2,733.95,0.0,1467.9
ORD000859,P0048,Fashion,1,30.16,0.05,28.65
ORD000860,P0077,Sports,1,167.38,0.1,150.64
ORD000860,P0118,Books & Media,1,20.23,0.0,20.23
ORD000860,P0069,Sports,1,47.49,0.1,42.74
ORD000861,P0091,Beauty,2,90.2,0.1,162.36
ORD000862,P0026,Home & Garden,1,101.99,0.05,96.89
ORD000862,P0007,Electronics,1,71.56,0.1,64.4
ORD000862,P0046,Fashion,3,37.54,0.0,112.62
ORD000863,P0045,Fashion,1,34.55,0.0,34.55
ORD000864,P0059,Fashion,1,67.75,0.0,67.75
ORD000864,P0095,Beauty,1,30.92,0.0,30.92
ORD000865,P0003,Electronics,1,675.0,0.0,675.0
ORD000865,P0007,Electronics,1,71.56,0.05,67.98
ORD000865,P0009,Electronics,3,236.37,0.0,709.11
ORD000865,P0004,Electronics,2,807.35,0.0,1614.7
ORD000865,P0015,Electronics,1,769.37,0.0,769.37
ORD000866,P0097,Beauty,2,37.48,0.0,74.96
ORD000867,P0074,Sports,1,200.27,0.15,170.23
ORD000867,P0027,Home & Garden,1,77.74,0.1,69.97
ORD000867,P0091,Beauty,1,90.2,0.0,90.2
ORD000868,P0118,Books & Media,1,20.23,0.05,19.22
ORD000868,P0062,Sports,2,278.05,0.0,556.1
ORD000868,P0027,Home & Garden,1,77.74,0.0,77.74
ORD000869,P0032,Home & Garden,1,145.88,0.1,131.29
ORD000870,P0037,Home & Garden,2,220.95,0.0,441.9
ORD000871,P0006,Electronics,1,234.84,0.0,234.84
ORD000872,P0013,Electronics,1,862.63,0.05,819.5
ORD000872,P0017,Electronics,1,504.79,0.05,479.55
ORD000872,P0048,Fashion,1,30.16,0.0,30.16
ORD000873,P0050,Fashion,1,175.37,0.0,175.37
ORD000873,P0027,Home & Garden,1,77.74,0.1,69.97
ORD000873,P0006,Electronics,1,234.84,0.0,234.84
ORD000874,P0046,Fashion,1,37.54,0.0,37.54
ORD000874,P0031,Home & Garden,1,247.54,0.05,235.16
ORD000875,P0056,Fashion,1,160.14,0.0,160.14
ORD000876,P0059,Fashion,2,67.75,0.2,108.4
ORD000876,P0015,Electronics,1,769.37,0.0,769.37
ORD000876,P0052,Fashion,1,129.07,0.0,129.07
ORD000877,P0034,Home & Garden,1,68.83,0.0,68.83
ORD000877,P0028,Home & Garden,2,167.29,0.1,301.12
ORD000877,P0086,Beauty,3,112.91,0.15,287.92
ORD000878,P0080,Sports,2,99.79,0.05,189.6
ORD000879,P0056,Fashion,1,160.14,0.0,160.14
ORD000879,P0036,Home & Garden,1,64.58,0.1,58.12
ORD000880,P0039,Home & Garden,2,229.92,0.0,459.84
ORD000881,P0046,Fashion,1,37.54,0.05,35.66
ORD000882,P0030,Home & Garden,1,53.4,0.15,45.39
ORD000883,P0018,Electronics,1,370.75,0.0,370.75
ORD000883,P0037,Home & Garden,1,220.95,0.0,220.95
ORD000884,P0047,Fashion,3,146.73,0.0,440.19
ORD000884,P0003,Electronics,1,675.0,0.1,607.5
ORD000884,P0115,Books & Media,2,16.19,0.0,32.38
ORD000885,P0064,Sports,1,31.33,0.0,31.33
ORD000886,P0041,Fashion,1,109.82,0.0,109.82
ORD000886,P0081,Beauty,2,17.81,0.0,35.62
ORD000886,P0063,Sports,2,25.19,0.0,50.38
ORD000887,P0046,Fashion,1,37.54,0.2,30.03
ORD000887,P0002,Electronics,1,282.77,0.05,268.63
ORD000888,P0115,Books & Media,1,16.19,0.0,16.19
ORD000889,P0026,Home & Garden,2,101.99,0.0,203.98
ORD000889,P0047,Fashion,1,146.73,0.0,146.73
ORD000890,P0084,Beauty,1,36.18,0.05,34.37
ORD000891,P0019,Electronics,1,753.99,0.0,753.99
ORD000891,P0014,Electronics,1,127.83,0.0,127.83
ORD000892,P0002,Electronics,1,282.77,0.15,240.35
ORD000892,P0034,Home & Garden,1,68.83,0.05,65.39
ORD000892,P0116,Books & Media,2,12.17,0.1,21.91
ORD000893,P0019,Electronics,3,753.99,0.1,2035.77
ORD000894,P0105,Books & Media,1,27.71,0.0,27.71
ORD000894,P0106,Books & Media,1,21.79,0.05,20.7
ORD000895,P0088,Beauty,1,98.82,0.05,93.88
ORD000896,P0100,Beauty,2,119.92,0.0,239.84
ORD000896,P0101,Books & Media,3,58.39,0.05,166.41
ORD000896,P0025,Home & Garden,1,164.39,0.0,164.39
ORD000896,P0059,Fashion,1,67.75,0.1,60.98
ORD000897,P0057,Fashion,1,100.09,0.0,100.09
ORD000897,P0046,Fashion,2,37.54,0.0,75.08
ORD000897,P0060,Fashion,2,117.44,0.0,234.88
ORD000897,P0021,Home & Garden,1,180.57,0.0,180.57
ORD000897,P0058,Fashion,3,166.02,0.0,498.06
ORD000898,P0022,Home & Garden,3,68.56,0.0,205.68
ORD000899,P0119,Books & Media,1,54.29,0.05,51.58
ORD000900,P0007,Electronics,1,71.56,0.15,60.83
ORD000900,P0003,Electronics,2,675.0,0.0,1350.0
ORD000900,P0101,Books & Media,1,58.39,0.0,58.39
ORD000900,P0075,Sports,2,90.37,0.1,162.67
ORD000900,P0039,Home & Garden,1,229.92,0.05,218.42
ORD000901,P0014,Electronics,1,127.83,0.0,127.83
ORD000902,P0030,Home & Garden,3,53.4,0.0,160.2
ORD000903,P0004,Electronics,3,807.35,0.0,2422.05
ORD000903,P0015,Electronics,1,769.37,0.0,769.37
ORD000903,P0110,Books & Media,1,16.05,0.2,12.84
ORD000904,P0010,Electronics,1,737.02,0.0,737.02
ORD000904,P0045,Fashion,2,34.55,0.0,69.1
ORD000905,P0098,Beauty,1,58.74,0.05,55.8
ORD000905,P0042,Fashion,1,113.53,0.0,113.53
ORD000906,P0081,Beauty,2,17.81,0.0,35.62
ORD000906,P0024,Home & Garden,1,38.74,0.0,38.74
ORD000907,P0018,Electronics,1,370.75,0.15,315.14
ORD000907,P0070,Sports,1,273.9,0.05,260.2
ORD000907,P0052,Fashion,3,129.07,0.0,387.21
ORD000907,P0116,Books & Media,1,12.17,0.2,9.74
ORD000908,P0031,Home & Garden,1,247.54,0.15,210.41
ORD000909,P0002,Electronics,1,282.77,0.05,268.63
ORD000909,P0083,Beauty,1,104.56,0.05,99.33
ORD000909,P0085,Beauty,2,33.57,0.0,67.14
ORD000910,P0071,Sports,1,179.47,0.0,179.47
ORD000910,P0119,Books & Media,2,54.29,0.0,108.58
ORD000911,P0055,Fashion,1,92.6,0.0,92.6
ORD000911,P0014,Electronics,1,127.83,0.05,121.44
ORD000912,P0055,Fashion,1,92.6,0.0,92.6
ORD000912,P0048,Fashion,1,30.16,0.0,30.16
ORD000912,P0037,Home & Garden,1,220.95,0.05,209.9
ORD000913,P0061,Sports,1,272.82,0.0,272.82
ORD000913,P0095,Beauty,1,30.92,0.05,29.37
ORD000914,P0009,Electronics,1,236.37,0.0,236.37
ORD000915,P0016,Electronics,1,735.06,0.0,735.06
ORD000916,P0065,Sports,1,310.58,0.0,310.58
ORD000917,P0054,Fashion,2,37.85,0.0,75.7
ORD000917,P0101,Books & Media,1,58.39,0.0,58.39
ORD000917,P0027,Home & Garden,2,77.74,0.15,132.16
ORD000918,P0063,Sports,1,25.19,0.15,21.41
ORD000919,P0083,Beauty,1,104.56,0.0,104.56
ORD000919,P0051,Fashion,1,21.84,0.1,19.66
ORD000920,P0008,Electronics,2,601.4,0.05,1142.66
ORD000921,P0056,Fashion,2,160.14,0.0,320.28
ORD000922,P0031,Home & Garden,1,247.54,0.05,235.16
ORD000922,P0117,Books & Media,1,38.94,0.0,38.94
ORD000923,P0010,Electronics,1,737.02,0.15,626.47
ORD000924,P0028,Home & Garden,1,167.29,0.2,133.83
ORD000924,P0017,Electronics,2,504.79,0.1,908.62
ORD000924,P0093,Beauty,3,54.29,0.0,162.87
ORD000924,P0083,Beauty,1,104.56,0.0,104.56
ORD000925,P0072,Sports,1,111.14,0.05,105.58
ORD000926,P0005,Electronics,1,407.63,0.0,407.63
ORD000926,P0011,Electronics,2,733.95,0.05,1394.5
ORD000927,P0069,Sports,1,47.49,0.0,47.49
ORD000928,P0037,Home & Garden,2,220.95,0.05,419.8
ORD000929,P0058,Fashion,1,166.02,0.0,166.02
ORD000929,P0101,Books & Media,1,58.39,0.0,58.39
ORD000930,P0072,Sports,1,111.14,0.0,111.14
ORD000930,P0010,Electronics,1,737.02,0.2,589.62
ORD000931,P0088,Beauty,1,98.82,0.05,93.88
ORD000931,P0008,Electronics,1,601.4,0.1,541.26
ORD000932,P0021,Home & Garden,1,180.57,0.0,180.57
ORD000933,P0032,Home & Garden,1,145.88,0.05,138.59
ORD000934,P0109,Books & Media,1,36.9,0.0,36.9
ORD000935,P0028,Home & Garden,2,167.29,0.05,317.85
ORD000935,P0095,Beauty,1,30.92,0.15,26.28
ORD000935,P0084,Beauty,2,36.18,0.0,72.36
ORD000935,P0027,Home & Garden,1,77.74,0.0,77.74
ORD000936,P0018,Electronics,3,370.75,0.05,1056.64
ORD000936,P0046,Fashion,1,37.54,0.05,35.66
ORD000937,P0066,Sports,1,124.94,0.05,118.69
ORD000937,P0002,Electronics,1,282.77,0.0,282.77
ORD000937,P0034,Home & Garden,1,68.83,0.1,61.95
ORD000938,P0031,Home & Garden,3,247.54,0.15,631.23
ORD000939,P0034,Home & Garden,1,68.83,0.05,65.39
ORD000939,P0044,Fashion,1,179.61,0.0,179.61
ORD000939,P0049,Fashion,2,179.38,0.0,358.76
ORD000939,P0050,Fashion,1,175.37,0.0,175.37
ORD000940,P0075,Sports,2,90.37,0.1,162.67
ORD000941,P0024,Home & Garden,1,38.74,0.0,38.74
ORD000941,P0032,Home & Garden,2,145.88,0.0,291.76
ORD000942,P0035,Home & Garden,1,89.13,0.05,84.67
ORD000943,P0007,Electronics,1,71.56,0.05,67.98
ORD000943,P0012,Electronics,1,338.21,0.0,338.21
ORD000944,P0116,Books & Media,1,12.17,0.0,12.17
ORD000944,P0066,Sports,3,124.94,0.0,374.82
ORD000945,P0087,Beauty,1,61.99,0.0,61.99
ORD000945,P0100,Beauty,1,119.92,0.1,107.93
ORD000945,P0057,Fashion,1,100.09,0.1,90.08
ORD000946,P0032,Home & Garden,1,145.88,0.2,116.7
ORD000946,P0027,Home & Garden,1,77.74,0.0,77.74
ORD000947,P0097,Beauty,1,37.48,0.2,29.98
ORD000948,P0029,Home & Garden,1,55.22,0.0,55.22
ORD000948,P0094,Beauty,2,104.78,0.15,178.13
ORD000949,P0032,Home & Garden,2,145.88,0.15,248.0
ORD000950,P0114,Books & Media,1,34.15,0.0,34.15
ORD000951,P0071,Sports,1,179.47,0.0,179.47
ORD000952,P0065,Sports,1,310.58,0.0,310.58
ORD000953,P0043,Fashion,3,83.9,0.0,251.7
ORD000954,P0104,Books & Media,1,28.85,0.0,28.85
ORD000955,P0019,Electronics,1,753.99,0.15,640.89
ORD000955,P0002,Electronics,1,282.77,0.1,254.49
ORD000956,P0036,Home & Garden,1,64.58,0.05,61.35
ORD000956,P0032,Home & Garden,1,145.88,0.0,145.88
ORD000956,P0075,Sports,2,90.37,0.05,171.7
ORD000957,P0018,Electronics,1,370.75,0.05,352.21
ORD000957,P0038,Home & Garden,1,169.03,0.0,169.03
ORD000958,P0019,Electronics,2,753.99,0.0,1507.98
ORD000958,P0105,Books & Media,1,27.71,0.05,26.32
ORD000959,P0015,Electronics,2,769.37,0.0,1538.74
ORD000959,P0096,Beauty,2,56.41,0.0,112.82
ORD000960,P0053,Fashion,1,62.69,0.0,62.69
ORD000961,P0002,Electronics,1,282.77,0.15,240.35
ORD000962,P0066,Sports,1,124.94,0.0,124.94
ORD000963,P0115,Books & Media,1,16.19,0.15,13.76
ORD000963,P0107,Books & Media,1,31.66,0.0,31.66
ORD000964,P0019,Electronics,2,753.99,0.0,1507.98
ORD000965,P0061,Sports,2,272.82,0.05,518.36
ORD000966,P0063,Sports,2,25.19,0.0,50.38
ORD000966,P0060,Fashion,2,117.44,0.0,234.88
ORD000966,P0049,Fashion,1,179.38,0.0,179.38
ORD000966,P0032,Home & Garden,1,145.88,0.05,138.59
ORD000967,P0114,Books & Media,1,34.15,0.0,34.15
ORD000967,P0025,Home & Garden,1,164.39,0.0,164.39
ORD000967,P0074,Sports,1,200.27,0.0,200.27
ORD000967,P0018,Electronics,1,370.75,0.2,296.6
ORD000968,P0007,Electronics,1,71.56,0.05,67.98
ORD000969,P0027,Home & Garden,2,77.74,0.0,155.48
ORD000970,P0085,Beauty,1,33.57,0.1,30.21
ORD000970,P0105,Books & Media,2,27.71,0.0,55.42
ORD000971,P0068,Sports,2,52.84,0.1,95.11
ORD000971,P0112,Books & Media,1,36.19,0.0,36.19
ORD000971,P0105,Books & Media,3,27.71,0.15,70.66
ORD000971,P0024,Home & Garden,1,38.74,0.1,34.87
ORD000971,P0021,Home & Garden,1,180.57,0.0,180.57
ORD000972,P0103,Books & Media,2,33.25,0.2,53.2
ORD000973,P0076,Sports,1,348.42,0.0,348.42
ORD000973,P0063,Sports,1,25.19,0.0,25.19
ORD000974,P0004,Electronics,3,807.35,0.0,2422.05
ORD000974,P0002,Electronics,1,282.77,0.05,268.63
ORD000974,P0075,Sports,1,90.37,0.05,85.85
ORD000974,P0067,Sports,2,310.35,0.15,527.6
ORD000975,P0041,Fashion,1,109.82,0.05,104.33
ORD000975,P0056,Fashion,1,160.14,0.05,152.13
ORD000976,P0079,Sports,3,134.88,0.0,404.64
ORD000977,P0014,Electronics,1,127.83,0.0,127.83
ORD000977,P0071,Sports,1,179.47,0.0,179.47
ORD000978,P0063,Sports,2,25.19,0.0,50.38
ORD000978,P0042,Fashion,1,113.53,0.05,107.85
ORD000979,P0107,Books & Media,2,31.66,0.15,53.82
ORD000979,P0113,Books & Media,2,10.97,0.0,21.94
ORD000979,P0094,Beauty,3,104.78,0.1,282.91
ORD000980,P0013,Electronics,1,862.63,0.0,862.63
ORD000980,P0052,Fashion,1,129.07,0.1,116.16
ORD000980,P0017,Electronics,1,504.79,0.1,454.31
ORD000980,P0028,Home & Garden,1,167.29,0.1,150.56
ORD000980,P0068,Sports,1,52.84,0.05,50.2
ORD000981,P0068,Sports,1,52.84,0.1,47.56
ORD000982,P0046,Fashion,1,37.54,0.0,37.54
ORD000982,P0021,Home & Garden,1,180.57,0.0,180.57
ORD000983,P0022,Home & Garden,1,68.56,0.05,65.13
ORD000983,P0091,Beauty,3,90.2,0.0,270.6
ORD000983,P0008,Electronics,1,601.4,0.15,511.19
ORD000983,P0016,Electronics,2,735.06,0.0,1470.12
ORD000984,P0114,Books & Media,1,34.15,0.1,30.74
ORD000984,P0033,Home & Garden,1,213.07,0.0,213.07
ORD000985,P0015,Electronics,1,769.37,0.05,730.9
ORD000985,P0080,Sports,1,99.79,0.0,99.79
ORD000985,P0027,Home & Garden,2,77.74,0.0,155.48
ORD000986,P0056,Fashion,2,160.14,0.0,320.28
ORD000986,P0008,Electronics,1,601.4,0.05,571.33
ORD000986,P0011,Electronics,1,733.95,0.05,697.25
ORD000987,P0015,Electronics,1,769.37,0.0,769.37
ORD000988,P0103,Books & Media,1,33.25,0.0,33.25
ORD000989,P0057,Fashion,2,100.09,0.0,200.18
ORD000989,P0023,Home & Garden,1,33.75,0.15,28.69
ORD000990,P0081,Beauty,3,17.81,0.0,53.43
ORD000990,P0023,Home & Garden,1,33.75,0.1,30.38
ORD000990,P0117,Books & Media,1,38.94,0.0,38.94
ORD000991,P0118,Books & Media,1,20.23,0.1,18.21
ORD000992,P0105,Books & Media,3,27.71,0.05,78.97
ORD000992,P0062,Sports,2,278.05,0.1,500.49
ORD000993,P0058,Fashion,1,166.02,0.05,157.72
ORD000993,P0004,Electronics,1,807.35,0.1,726.62
ORD000994,P0067,Sports,1,310.35,0.1,279.32
ORD000994,P0093,Beauty,1,54.29,0.05,51.58
ORD000994,P0016,Electronics,1,735.06,0.0,735.06
ORD000994,P0005,Electronics,1,407.63,0.0,407.63
ORD000994,P0068,Sports,2,52.84,0.0,105.68
ORD000995,P0062,Sports,2,278.05,0.0,556.1
ORD000995,P0047,Fashion,1,146.73,0.2,117.38
ORD000996,P0010,Electronics,1,737.02,0.0,737.02
ORD000997,P0028,Home & Garden,2,167.29,0.0,334.58
ORD000998,P0095,Beauty,2,30.92,0.0,61.84
ORD000999,P0110,Books & Media,2,16.05,0.0,32.1
ORD001000,P0023,Home & Garden,1,33.75,0.05,32.06
ORD001001,P0033,Home & Garden,1,213.07,0.15,181.11
ORD001001,P0002,Electronics,1,282.77,0.0,282.77
ORD001002,P0050,Fashion,1,175.37,0.0,175.37
ORD001002,P0059,Fashion,1,67.75,0.0,67.75
ORD001002,P0055,Fashion,2,92.6,0.1,166.68
ORD001002,P0019,Electronics,1,753.99,0.1,678.59
ORD001003,P0038,Home & Garden,1,169.03,0.0,169.03
ORD001003,P0018,Electronics,1,370.75,0.2,296.6
ORD001003,P0085,Beauty,1,33.57,0.0,33.57
ORD001004,P0016,Electronics,1,735.06,0.05,698.31
ORD001005,P0062,Sports,1,278.05,0.0,278.05
ORD001006,P0026,Home & Garden,3,101.99,0.05,290.67
ORD001007,P0029,Home & Garden,2,55.22,0.0,110.44
ORD001008,P0022,Home & Garden,1,68.56,0.0,68.56
ORD001009,P0024,Home & Garden,1,38.74,0.15,32.93
ORD001009,P0106,Books & Media,1,21.79,0.0,21.79
ORD001010,P0070,Sports,1,273.9,0.0,273.9
ORD001010,P0016,Electronics,1,735.06,0.15,624.8
ORD001011,P0081,Beauty,1,17.81,0.1,16.03
ORD001011,P0008,Electronics,2,601.4,0.0,1202.8
ORD001012,P0113,Books & Media,2,10.97,0.0,21.94
ORD001013,P0056,Fashion,1,160.14,0.0,160.14
ORD001014,P0039,Home & Garden,1,229.92,0.2,183.94
ORD001015,P0022,Home & Garden,1,68.56,0.1,61.7
ORD001016,P0068,Sports,1,52.84,0.0,52.84
ORD001017,P0117,Books & Media,2,38.94,0.05,73.99
ORD001018,P0025,Home & Garden,1,164.39,0.0,164.39
ORD001019,P0029,Home & Garden,1,55.22,0.05,52.46
ORD001020,P0019,Electronics,1,753.99,0.05,716.29
ORD001021,P0036,Home & Garden,2,64.58,0.1,116.24
ORD001022,P0004,Electronics,1,807.35,0.0,807.35
ORD001022,P0072,Sports,1,111.14,0.0,111.14
ORD001022,P0056,Fashion,1,160.14,0.1,144.13
ORD001023,P0034,Home & Garden,1,68.83,0.0,68.83
ORD001024,P0042,Fashion,2,113.53,0.1,204.35
ORD001025,P0032,Home & Garden,2,145.88,0.1,262.58
ORD001025,P0036,Home & Garden,1,64.58,0.1,58.12
ORD001025,P0005,Electronics,1,407.63,0.15,346.49
ORD001026,P0088,Beauty,1,98.82,0.05,93.88
ORD001026,P0005,Electronics,2,407.63,0.2,652.21
ORD001026,P0066,Sports,1,124.94,0.2,99.95
ORD001027,P0019,Electronics,1,753.99,0.05,716.29
ORD001027,P0012,Electronics,1,338.21,0.0,338.21
ORD001028,P0068,Sports,1,52.84,0.0,52.84
ORD001028,P0016,Electronics,1,735.06,0.05,698.31
ORD001028,P0102,Books & Media,1,52.13,0.15,44.31
ORD001028,P0034,Home & Garden,3,68.83,0.0,206.49
ORD001028,P0003,Electronics,1,675.0,0.1,607.5
ORD001029,P0116,Books & Media,2,12.17,0.05,23.12
ORD001029,P0028,Home & Garden,1,167.29,0.0,167.29
ORD001030,P0025,Home & Garden,1,164.39,0.15,139.73
ORD001031,P0019,Electronics,1,753.99,0.0,753.99
ORD001032,P0048,Fashion,1,30.16,0.0,30.16
ORD001032,P0039,Home & Garden,1,229.92,0.1,206.93
ORD001032,P0073,Sports,1,162.52,0.0,162.52
ORD001033,P0048,Fashion,3,30.16,0.2,72.38
ORD001033,P0020,Electronics,1,781.45,0.0,781.45
ORD001034,P0036,Home & Garden,3,64.58,0.0,193.74
ORD001035,P0087,Beauty,1,61.99,0.0,61.99
ORD001035,P0017,Electronics,2,504.79,0.0,1009.58
ORD001035,P0056,Fashion,1,160.14,0.1,144.13
ORD001036,P0120,Books & Media,1,38.91,0.0,38.91
ORD001037,P0066,Sports,1,124.94,0.0,124.94
ORD001038,P0091,Beauty,1,90.2,0.1,81.18
ORD001038,P0032,Home & Garden,1,145.88,0.05,138.59
ORD001039,P0031,Home & Garden,1,247.54,0.0,247.54
ORD001039,P0088,Beauty,3,98.82,0.1,266.81
ORD001039,P0041,Fashion,1,109.82,0.15,93.35
ORD001040,P0090,Beauty,1,56.59,0.05,53.76
ORD001041,P0098,Beauty,2,58.74,0.1,105.73
ORD001041,P0116,Books & Media,2,12.17,0.15,20.69
ORD001042,P0048,Fashion,1,30.16,0.0,30.16
ORD001042,P0012,Electronics,1,338.21,0.0,338.21
ORD001043,P0002,Electronics,1,282.77,0.0,282.77
ORD001043,P0099,Beauty,1,70.54,0.0,70.54
ORD001044,P0088,Beauty,1,98.82,0.0,98.82
ORD001045,P0115,Books & Media,3,16.19,0.15,41.28
ORD001045,P0034,Home & Garden,1,68.83,0.0,68.83
ORD001046,P0047,Fashion,1,146.73,0.05,139.39
ORD001047,P0015,Electronics,1,769.37,0.0,769.37
ORD001047,P0017,Electronics,2,504.79,0.0,1009.58
ORD001048,P0023,Home & Garden,1,33.75,0.15,28.69
ORD001049,P0067,Sports,1,310.35,0.0,310.35
ORD001050,P0106,Books & Media,1,21.79,0.05,20.7
ORD001050,P0042,Fashion,1,113.53,0.0,113.53
ORD001051,P0045,Fashion,2,34.55,0.2,55.28
ORD001051,P0029,Home & Garden,1,55.22,0.05,52.46
ORD001051,P0095,Beauty,1,30.92,0.1,27.83
ORD001051,P0020,Electronics,1,781.45,0.0,781.45
ORD001052,P0042,Fashion,3,113.53,0.0,340.59
ORD001053,P0077,Sports,3,167.38,0.05,477.03
ORD001054,P0016,Electronics,1,735.06,0.1,661.55
ORD001054,P0076,Sports,1,348.42,0.05,331.0
ORD001055,P0080,Sports,1,99.79,0.0,99.79
ORD001055,P0046,Fashion,1,37.54,0.15,31.91
ORD001055,P0040,Home & Garden,2,77.25,0.0,154.5
ORD001056,P0026,Home & Garden,1,101.99,0.0,101.99
ORD001057,P0013,Electronics,2,862.63,0.05,1639.0
ORD001057,P0090,Beauty,2,56.59,0.0,113.18
ORD001057,P0009,Electronics,1,236.37,0.0,236.37
ORD001058,P0043,Fashion,1,83.9,0.0,83.9
ORD001058,P0031,Home & Garden,1,247.54,0.0,247.54
ORD001058,P0028,Home & Garden,1,167.29,0.05,158.93
ORD001059,P0070,Sports,3,273.9,0.0,821.7
ORD001059,P0050,Fashion,1,175.37,0.05,166.6
ORD001059,P0033,Home & Garden,1,213.07,0.0,213.07
ORD001060,P0005,Electronics,2,407.63,0.2,652.21
ORD001060,P0104,Books & Media,3,28.85,0.0,86.55
ORD001060,P0011,Electronics,1,733.95,0.0,733.95
ORD001060,P0051,Fashion,1,21.84,0.0,21.84
ORD001061,P0035,Home & Garden,1,89.13,0.0,89.13
ORD001061,P0110,Books & Media,1,16.05,0.2,12.84
ORD001062,P0096,Beauty,2,56.41,0.1,101.54
ORD001062,P0053,Fashion,1,62.69,0.0,62.69
ORD001063,P0091,Beauty,1,90.2,0.15,76.67
ORD001063,P0051,Fashion,2,21.84,0.0,43.68
ORD001063,P0048,Fashion,3,30.16,0.1,81.43
ORD001063,P0072,Sports,1,111.14,0.2,88.91
ORD001064,P0019,Electronics,1,753.99,0.1,678.59
ORD001065,P0006,Electronics,1,234.84,0.05,223.1
ORD001065,P0055,Fashion,1,92.6,0.1,83.34
ORD001066,P0014,Electronics,1,127.83,0.0,127.83
ORD001066,P0082,Beauty,1,35.18,0.15,29.9
ORD001067,P0058,Fashion,1,166.02,0.0,166.02
ORD001067,P0083,Beauty,1,104.56,0.0,104.56
ORD001068,P0022,Home & Garden,1,68.56,0.0,68.56
ORD001069,P0106,Books & Media,1,21.79,0.0,21.79
ORD001069,P0004,Electronics,1,807.35,0.0,807.35
ORD001070,P0054,Fashion,1,37.85,0.1,34.07
ORD001071,P0040,Home & Garden,1,77.25,0.2,61.8
ORD001072,P0072,Sports,1,111.14,0.0,111.14
ORD001072,P0019,Electronics,2,753.99,0.05,1432.58
ORD001072,P0063,Sports,1,25.19,0.0,25.19
ORD001073,P0054,Fashion,3,37.85,0.0,113.55
ORD001074,P0082,Beauty,1,35.18,0.15,29.9
ORD001074,P0015,Electronics,1,769.37,0.0,769.37
ORD001074,P0043,Fashion,3,83.9,0.0,251.7
ORD001074,P0105,Books & Media,1,27.71,0.2,22.17
ORD001075,P0082,Beauty,1,35.18,0.0,35.18
ORD001075,P0028,Home & Garden,1,167.29,0.05,158.93
ORD001076,P0042,Fashion,1,113.53,0.1,102.18
ORD001076,P0112,Books & Media,1,36.19,0.0,36.19
ORD001076,P0042,Fashion,1,113.53,0.05,107.85
ORD001077,P0068,Sports,2,52.84,0.0,105.68
ORD001078,P0039,Home & Garden,1,229.92,0.0,229.92
ORD001078,P0035,Home & Garden,1,89.13,0.05,84.67
ORD001079,P0005,Electronics,2,407.63,0.0,815.26
ORD001080,P0027,Home & Garden,1,77.74,0.1,69.97
ORD001080,P0032,Home & Garden,1,145.88,0.05,138.59
ORD001081,P0058,Fashion,2,166.02,0.1,298.84
ORD001082,P0120,Books & Media,2,38.91,0.0,77.82
ORD001083,P0108,Books & Media,2,57.78,0.0,115.56
ORD001084,P0063,Sports,1,25.19,0.0,25.19
ORD001085,P0046,Fashion,1,37.54,0.0,37.54
ORD001085,P0013,Electronics,1,862.63,0.05,819.5
ORD001085,P0003,Electronics,1,675.0,0.0,675.0
ORD001086,P0044,Fashion,2,179.61,0.0,359.22
ORD001086,P0038,Home & Garden,1,169.03,0.05,160.58
ORD001086,P0034,Home & Garden,1,68.83,0.0,68.83
ORD001086,P0060,Fashion,2,117.44,0.05,223.14
ORD001086,P0101,Books & Media,1,58.39,0.1,52.55
ORD001087,P0015,Electronics,3,769.37,0.0,2308.11
ORD001087,P0040,Home & Garden,2,77.25,0.0,154.5
ORD001087,P0023,Home & Garden,1,33.75,0.0,33.75
ORD001087,P0035,Home & Garden,1,89.13,0.1,80.22
ORD001087,P0079,Sports,3,134.88,0.1,364.18
ORD001088,P0036,Home & Garden,1,64.58,0.0,64.58
ORD001088,P0117,Books & Media,2,38.94,0.0,77.88
ORD001088,P0024,Home & Garden,1,38.74,0.0,38.74
ORD001088,P0041,Fashion,1,109.82,0.0,109.82
ORD001089,P0112,Books & Media,1,36.19,0.0,36.19
ORD001089,P0057,Fashion,2,100.09,0.0,200.18
ORD001090,P0006,Electronics,1,234.84,0.15,199.61
ORD001090,P0042,Fashion,1,113.53,0.0,113.53
ORD001091,P0109,Books & Media,2,36.9,0.1,66.42
ORD001092,P0100,Beauty,2,119.92,0.05,227.85
ORD001093,P0004,Electronics,1,807.35,0.0,807.35
ORD001093,P0045,Fashion,1,34.55,0.05,32.82
ORD001093,P0052,Fashion,1,129.07,0.15,109.71
ORD001094,P0010,Electronics,1,737.02,0.15,626.47
ORD001094,P0099,Beauty,1,70.54,0.0,70.54
ORD001095,P0030,Home & Garden,2,53.4,0.05,101.46
ORD001095,P0035,Home & Garden,3,89.13,0.0,267.39
ORD001095,P0051,Fashion,1,21.84,0.0,21.84
ORD001095,P0014,Electronics,1,127.83,0.05,121.44
ORD001096,P0011,Electronics,1,733.95,0.0,733.95
ORD001096,P0103,Books & Media,2,33.25,0.1,59.85
ORD001097,P0061,Sports,2,272.82,0.0,545.64
ORD001097,P0021,Home & Garden,2,180.57,0.05,343.08
ORD001098,P0116,Books & Media,1,12.17,0.1,10.95
ORD001099,P0108,Books & Media,2,57.78,0.0,115.56
ORD001099,P0046,Fashion,1,37.54,0.15,31.91
ORD001100,P0115,Books & Media,1,16.19,0.15,13.76
ORD001100,P0003,Electronics,3,675.0,0.1,1822.5
ORD001101,P0060,Fashion,2,117.44,0.05,223.14
ORD001101,P0113,Books & Media,1,10.97,0.0,10.97
ORD001102,P0094,Beauty,2,104.78,0.2,167.65
ORD001103,P0112,Books & Media,1,36.19,0.05,34.38
ORD001103,P0055,Fashion,1,92.6,0.1,83.34
ORD001103,P0006,Electronics,1,234.84,0.1,211.36
ORD001103,P0013,Electronics,1,862.63,0.0,862.63
ORD001104,P0032,Home & Garden,2,145.88,0.0,291.76
ORD001104,P0080,Sports,1,99.79,0.05,94.8
ORD001104,P0003,Electronics,1,675.0,0.15,573.75
ORD001105,P0012,Electronics,2,338.21,0.0,676.42
ORD001106,P0034,Home & Garden,1,68.83,0.0,68.83
ORD001106,P0025,Home & Garden,1,164.39,0.0,164.39
ORD001107,P0049,Fashion,2,179.38,0.05,340.82
ORD001108,P0070,Sports,2,273.9,0.0,547.8
ORD001109,P0067,Sports,1,310.35,0.0,310.35
ORD001109,P0092,Beauty,1,118.26,0.0,118.26
ORD001109,P0079,Sports,2,134.88,0.0,269.76
ORD001110,P0071,Sports,2,179.47,0.0,358.94
ORD001111,P0011,Electronics,2,733.95,0.1,1321.11
ORD001112,P0021,Home & Garden,1,180.57,0.0,180.57
ORD001113,P0081,Beauty,2,17.81,0.0,35.62
ORD001113,P0107,Books & Media,1,31.66,0.0,31.66
ORD001113,P0101,Books & Media,2,58.39,0.0,116.78
ORD001113,P0038,Home & Garden,1,169.03,0.1,152.13
ORD001114,P0003,Electronics,1,675.0,0.05,641.25
ORD001115,P0079,Sports,2,134.88,0.05,256.27
ORD001116,P0067,Sports,1,310.35,0.1,279.32
ORD001117,P0064,Sports,2,31.33,0.05,59.53
ORD001117,P0098,Beauty,1,58.74,0.15,49.93
ORD001117,P0061,Sports,1,272.82,0.0,272.82
ORD001117,P0062,Sports,1,278.05,0.0,278.05
ORD001117,P0051,Fashion,1,21.84,0.15,18.56
ORD001118,P0089,Beauty,1,20.66,0.0,20.66
ORD001118,P0008,Electronics,1,601.4,0.15,511.19
ORD001119,P0054,Fashion,1,37.85,0.0,37.85
ORD001120,P0055,Fashion,1,92.6,0.0,92.6
ORD001120,P0030,Home & Garden,1,53.4,0.0,53.4
ORD001121,P0047,Fashion,1,146.73,0.0,146.73
ORD001122,P0035,Home & Garden,1,89.13,0.0,89.13
ORD001122,P0113,Books & Media,1,10.97,0.0,10.97
ORD001123,P0085,Beauty,3,33.57,0.0,100.71
ORD001123,P0002,Electronics,2,282.77,0.0,565.54
ORD001123,P0043,Fashion,1,83.9,0.0,83.9
ORD001124,P0078,Sports,1,64.33,0.0,64.33
ORD001124,P0050,Fashion,1,175.37,0.1,157.83
ORD001124,P0085,Beauty,1,33.57,0.05,31.89
ORD001124,P0084,Beauty,1,36.18,0.0,36.18
ORD001125,P0116,Books & Media,1,12.17,0.0,12.17
ORD001126,P0120,Books & Media,1,38.91,0.1,35.02
ORD001126,P0021,Home & Garden,2,180.57,0.1,325.03
ORD001127,P0017,Electronics,1,504.79,0.0,504.79
ORD001127,P0013,Electronics,2,862.63,0.1,1552.73
ORD001128,P0059,Fashion,1,67.75,0.2,54.2
ORD001129,P0051,Fashion,2,21.84,0.0,43.68
ORD001129,P0088,Beauty,1,98.82,0.05,93.88
ORD001130,P0073,Sports,1,162.52,0.0,162.52
ORD001131,P0089,Beauty,1,20.66,0.0,20.66
ORD001131,P0022,Home & Garden,2,68.56,0.0,137.12
ORD001132,P0063,Sports,1,25.19,0.0,25.19
ORD001133,P0116,Books & Media,1,12.17,0.0,12.17
ORD001133,P0028,Home & Garden,1,167.29,0.0,167.29
ORD001133,P0035,Home & Garden,1,89.13,0.0,89.13
ORD001134,P0085,Beauty,1,33.57,0.05,31.89
ORD001135,P0117,Books & Media,1,38.94,0.0,38.94
ORD001135,P0064,Sports,1,31.33,0.1,28.2
ORD001136,P0034,Home & Garden,2,68.83,0.15,117.01
ORD001136,P0103,Books & Media,2,33.25,0.1,59.85
ORD001136,P0074,Sports,1,200.27,0.0,200.27
ORD001136,P0026,Home & Garden,2,101.99,0.0,203.98
ORD001136,P0076,Sports,3,348.42,0.0,1045.26
ORD001137,P0085,Beauty,1,33.57,0.05,31.89
ORD001137,P0005,Electronics,1,407.63,0.2,326.1
ORD001137,P0017,Electronics,2,504.79,0.1,908.62
ORD001138,P0104,Books & Media,1,28.85,0.0,28.85
ORD001139,P0057,Fashion,1,100.09,0.0,100.09
ORD001140,P0003,Electronics,2,675.0,0.0,1350.0
ORD001140,P0091,Beauty,2,90.2,0.0,180.4
ORD001141,P0017,Electronics,1,504.79,0.0,504.79
ORD001142,P0046,Fashion,1,37.54,0.15,31.91
ORD001143,P0045,Fashion,1,34.55,0.05,32.82
ORD001143,P0043,Fashion,1,83.9,0.2,67.12
ORD001143,P0077,Sports,1,167.38,0.0,167.38
ORD001143,P0017,Electronics,1,504.79,0.05,479.55
ORD001144,P0008,Electronics,1,601.4,0.0,601.4
ORD001144,P0013,Electronics,1,862.63,0.0,862.63
ORD001145,P0021,Home & Garden,1,180.57,0.0,180.57
ORD001146,P0014,Electronics,1,127.83,0.1,115.05
ORD001146,P0082,Beauty,1,35.18,0.05,33.42
ORD001147,P0006,Electronics,2,234.84,0.05,446.2
ORD001147,P0003,Electronics,1,675.0,0.0,675.0
ORD001148,P0109,Books & Media,2,36.9,0.0,73.8
ORD001148,P0006,Electronics,1,234.84,0.1,211.36
ORD001148,P0030,Home & Garden,1,53.4,0.0,53.4
ORD001148,P0111,Books & Media,1,58.37,0.15,49.61
ORD001148,P0066,Sports,1,124.94,0.05,118.69
ORD001149,P0102,Books & Media,1,52.13,0.1,46.92
ORD001150,P0030,Home & Garden,1,53.4,0.1,48.06
ORD001151,P0027,Home & Garden,1,77.74,0.05,73.85
ORD001152,P0002,Electronics,1,282.77,0.15,240.35
ORD001152,P0021,Home & Garden,2,180.57,0.0,361.14
ORD001153,P0116,Books & Media,1,12.17,0.1,10.95
ORD001154,P0047,Fashion,2,146.73,0.0,293.46
ORD001155,P0026,Home & Garden,1,101.99,0.2,81.59
ORD001156,P0009,Electronics,2,236.37,0.1,425.47
ORD001156,P0035,Home & Garden,2,89.13,0.0,178.26
ORD001156,P0034,Home & Garden,2,68.83,0.2,110.13
ORD001157,P0031,Home & Garden,1,247.54,0.0,247.54
ORD001157,P0031,Home & Garden,2,247.54,0.0,495.08
ORD001157,P0053,Fashion,2,62.69,0.1,112.84
ORD001158,P0053,Fashion,1,62.69,0.0,62.69
ORD001158,P0026,Home & Garden,1,101.99,0.0,101.99
ORD001158,P0109,Books & Media,1,36.9,0.0,36.9
ORD001158,P0035,Home & Garden,1,89.13,0.05,84.67
ORD001159,P0036,Home & Garden,1,64.58,0.05,61.35
ORD001159,P0092,Beauty,2,118.26,0.0,236.52
ORD001159,P0096,Beauty,2,56.41,0.05,107.18
ORD001159,P0006,Electronics,2,234.84,0.0,469.68
ORD001160,P0116,Books & Media,1,12.17,0.0,12.17
ORD001160,P0050,Fashion,1,175.37,0.15,149.06
ORD001161,P0115,Books & Media,1,16.19,0.0,16.19
ORD001161,P0016,Electronics,2,735.06,0.0,1470.12
ORD001161,P0051,Fashion,3,21.84,0.05,62.24
ORD001162,P0011,Electronics,1,733.95,0.15,623.86
ORD001163,P0017,Electronics,1,504.79,0.0,504.79
ORD001164,P0112,Books & Media,1,36.19,0.0,36.19
ORD001165,P0021,Home & Garden,3,180.57,0.15,460.45
ORD001166,P0108,Books & Media,3,57.78,0.0,173.34
ORD001167,P0038,Home & Garden,1,169.03,0.0,169.03
ORD001168,P0110,Books & Media,3,16.05,0.1,43.34
ORD001168,P0107,Books & Media,1,31.66,0.0,31.66
ORD001169,P0093,Beauty,2,54.29,0.0,108.58
ORD001169,P0009,Electronics,1,236.37,0.0,236.37
ORD001170,P0049,Fashion,1,179.38,0.0,179.38
ORD001170,P0058,Fashion,1,166.02,0.0,166.02
ORD001171,P0119,Books & Media,1,54.29,0.0,54.29
ORD001172,P0073,Sports,2,162.52,0.0,325.04
ORD001172,P0012,Electronics,1,338.21,0.0,338.21
ORD001173,P0072,Sports,1,111.14,0.0,111.14
ORD001174,P0044,Fashion,3,179.61,0.0,538.83
ORD001175,P0006,Electronics,1,234.84,0.0,234.84
ORD001176,P0067,Sports,1,310.35,0.05,294.83
ORD001177,P0106,Books & Media,1,21.79,0.0,21.79
ORD001177,P0119,Books & Media,1,54.29,0.0,54.29
ORD001178,P0026,Home & Garden,1,101.99,0.05,96.89
ORD001179,P0099,Beauty,1,70.54,0.0,70.54
ORD001179,P0012,Electronics,1,338.21,0.2,270.57
ORD001179,P0093,Beauty,2,54.29,0.0,108.58
ORD001179,P0097,Beauty,2,37.48,0.0,74.96
ORD001180,P0076,Sports,1,348.42,0.0,348.42
ORD001181,P0037,Home & Garden,1,220.95,0.1,198.86
ORD001181,P0101,Books & Media,1,58.39,0.15,49.63
ORD001182,P0055,Fashion,1,92.6,0.0,92.6
ORD001183,P0063,Sports,1,25.19,0.0,25.19
ORD001183,P0077,Sports,1,167.38,0.0,167.38
ORD001183,P0053,Fashion,2,62.69,0.0,125.38
ORD001183,P0016,Electronics,1,735.06,0.2,588.05
ORD001183,P0004,Electronics,2,807.35,0.0,1614.7
ORD001184,P0031,Home & Garden,3,247.54,0.15,631.23
ORD001184,P0043,Fashion,1,83.9,0.0,83.9
ORD001184,P0001,Electronics,1,592.51,0.0,592.51
ORD001185,P0120,Books & Media,1,38.91,0.05,36.96
ORD001186,P0106,Books & Media,2,21.79,0.0,43.58
ORD001186,P0035,Home & Garden,1,89.13,0.05,84.67
ORD001187,P0049,Fashion,1,179.38,0.05,170.41
ORD001187,P0045,Fashion,2,34.55,0.0,69.1
ORD001187,P0103,Books & Media,2,33.25,0.0,66.5
ORD001187,P0115,Books & Media,1,16.19,0.05,15.38
ORD001188,P0042,Fashion,1,113.53,0.05,107.85
ORD001189,P0100,Beauty,1,119.92,0.0,119.92
ORD001190,P0062,Sports,1,278.05,0.15,236.34
ORD001191,P0074,Sports,2,200.27,0.0,400.54
ORD001191,P0092,Beauty,1,118.26,0.1,106.43
ORD001192,P0051,Fashion,1,21.84,0.0,21.84
ORD001192,P0016,Electronics,2,735.06,0.05,1396.61
ORD001193,P0035,Home & Garden,1,89.13,0.1,80.22
ORD001193,P0044,Fashion,1,179.61,0.15,152.67
ORD001194,P0107,Books & Media,1,31.66,0.0,31.66
ORD001195,P0048,Fashion,1,30.16,0.05,28.65
ORD001196,P0019,Electronics,1,753.99,0.0,753.99
ORD001197,P0025,Home & Garden,1,164.39,0.0,164.39
ORD001198,P0040,Home & Garden,1,77.25,0.0,77.25
ORD001199,P0026,Home & Garden,3,101.99,0.15,260.07
ORD001199,P0084,Beauty,3,36.18,0.05,103.11
ORD001199,P0080,Sports,2,99.79,0.0,199.58
ORD001199,P0023,Home & Garden,1,33.75,0.1,30.38
ORD001200,P0036,Home & Garden,3,64.58,0.05,184.05
ORD001201,P0068,Sports,1,52.84,0.0,52.84
ORD001201,P0037,Home & Garden,1,220.95,0.0,220.95
ORD001201,P0015,Electronics,1,769.37,0.0,769.37
ORD001201,P0117,Books & Media,1,38.94,0.0,38.94
ORD001202,P0052,Fashion,1,129.07,0.0,129.07
ORD001202,P0010,Electronics,2,737.02,0.0,1474.04
ORD001202,P0013,Electronics,1,862.63,0.0,862.63
ORD001203,P0030,Home & Garden,1,53.4,0.0,53.4
ORD001203,P0022,Home & Garden,1,68.56,0.05,65.13
ORD001204,P0005,Electronics,1,407.63,0.0,407.63
ORD001205,P0065,Sports,1,310.58,0.0,310.58
ORD001206,P0105,Books & Media,1,27.71,0.0,27.71
ORD001207,P0007,Electronics,1,71.56,0.1,64.4
ORD001208,P0077,Sports,2,167.38,0.1,301.28
ORD001209,P0102,Books & Media,1,52.13,0.15,44.31
ORD001209,P0080,Sports,1,99.79,0.0,99.79
ORD001210,P0079,Sports,1,134.88,0.0,134.88
ORD001210,P0053,Fashion,1,62.69,0.05,59.56
ORD001210,P0037,Home & Garden,1,220.95,0.1,198.86
ORD001211,P0014,Electronics,1,127.83,0.0,127.83
ORD001211,P0008,Electronics,3,601.4,0.2,1443.36
ORD001212,P0095,Beauty,1,30.92,0.15,26.28
ORD001212,P0001,Electronics,2,592.51,0.05,1125.77
ORD001213,P0015,Electronics,1,769.37,0.0,769.37
ORD001214,P0108,Books & Media,1,57.78,0.05,54.89
ORD001215,P0042,Fashion,1,113.53,0.05,107.85
ORD001215,P0010,Electronics,1,737.02,0.0,737.02
ORD001216,P0016,Electronics,1,735.06,0.0,735.06
ORD001217,P0091,Beauty,1,90.2,0.0,90.2
ORD001217,P0105,Books & Media,1,27.71,0.05,26.32
ORD001218,P0047,Fashion,1,146.73,0.0,146.73
ORD001218,P0104,Books & Media,2,28.85,0.1,51.93
ORD001218,P0039,Home & Garden,2,229.92,0.0,459.84
ORD001219,P0073,Sports,1,162.52,0.0,162.52
ORD001219,P0046,Fashion,1,37.54,0.0,37.54
ORD001220,P0015,Electronics,1,769.37,0.1,692.43
ORD001221,P0084,Beauty,2,36.18,0.05,68.74
ORD001221,P0101,Books & Media,1,58.39,0.05,55.47
ORD001222,P0057,Fashion,2,100.09,0.1,180.16
ORD001222,P0095,Beauty,1,30.92,0.1,27.83
ORD001222,P0094,Beauty,2,104.78,0.0,209.56
ORD001223,P0038,Home & Garden,1,169.03,0.0,169.03
ORD001224,P0036,Home & Garden,1,64.58,0.15,54.89
ORD001224,P0024,Home & Garden,1,38.74,0.0,38.74
ORD001225,P0036,Home & Garden,1,64.58,0.0,64.58
ORD001225,P0083,Beauty,1,104.56,0.0,104.56
ORD001226,P0075,Sports,1,90.37,0.0,90.37
ORD001226,P0059,Fashion,2,67.75,0.0,135.5
ORD001227,P0112,Books & Media,1,36.19,0.0,36.19
ORD001228,P0013,Electronics,1,862.63,0.0,862.63
ORD001228,P0083,Beauty,1,104.56,0.05,99.33
ORD001228,P0020,Electronics,1,781.45,0.0,781.45
ORD001228,P0009,Electronics,3,236.37,0.0,709.11
ORD001228,P0089,Beauty,1,20.66,0.0,20.66
ORD001229,P0034,Home & Garden,1,68.83,0.15,58.51
ORD001230,P0040,Home & Garden,2,77.25,0.05,146.78
ORD001230,P0048,Fashion,2,30.16,0.05,57.3
ORD001231,P0016,Electronics,1,735.06,0.2,588.05
ORD001232,P0093,Beauty,3,54.29,0.0,162.87
ORD001232,P0088,Beauty,1,98.82,0.15,84.0
ORD001233,P0115,Books & Media,3,16.19,0.0,48.57
ORD001233,P0026,Home & Garden,1,101.99,0.15,86.69
ORD001233,P0015,Electronics,2,769.37,0.0,1538.74
ORD001234,P0056,Fashion,2,160.14,0.2,256.22
ORD001234,P0064,Sports,3,31.33,0.0,93.99
ORD001235,P0114,Books & Media,1,34.15,0.0,34.15
ORD001235,P0091,Beauty,1,90.2,0.2,72.16
ORD001235,P0040,Home & Garden,1,77.25,0.0,77.25
ORD001235,P0075,Sports,1,90.37,0.1,81.33
ORD001236,P0068,Sports,2,52.84,0.1,95.11
ORD001236,P0018,Electronics,2,370.75,0.1,667.35
ORD001237,P0019,Electronics,1,753.99,0.05,716.29
ORD001237,P0048,Fashion,1,30.16,0.0,30.16
ORD001237,P0089,Beauty,3,20.66,0.0,61.98
ORD001238,P0056,Fashion,2,160.14,0.1,288.25
ORD001238,P0026,Home & Garden,1,101.99,0.0,101.99
ORD001238,P0043,Fashion,2,83.9,0.0,167.8
ORD001238,P0003,Electronics,1,675.0,0.0,675.0
ORD001239,P0116,Books & Media,1,12.17,0.05,11.56
ORD001240,P0026,Home & Garden,1,101.99,0.1,91.79
ORD001240,P0071,Sports,1,179.47,0.0,179.47
ORD001241,P0073,Sports,1,162.52,0.2,130.02
ORD001242,P0097,Beauty,1,37.48,0.0,37.48
ORD001242,P0009,Electronics,1,236.37,0.05,224.55
ORD001243,P0017,Electronics,1,504.79,0.0,504.79
ORD001244,P0027,Home & Garden,2,77.74,0.05,147.71
ORD001244,P0119,Books & Media,2,54.29,0.05,103.15
ORD001245,P0030,Home & Garden,1,53.4,0.0,53.4
ORD001246,P0062,Sports,1,278.05,0.0,278.05
ORD001246,P0007,Electronics,1,71.56,0.0,71.56
ORD001246,P0013,Electronics,2,862.63,0.0,1725.26
ORD001246,P0117,Books & Media,3,38.94,0.1,105.14
ORD001246,P0089,Beauty,1,20.66,0.0,20.66
ORD001247,P0050,Fashion,2,175.37,0.05,333.2
ORD001247,P0009,Electronics,1,236.37,0.1,212.73
ORD001248,P0077,Sports,1,167.38,0.2,133.9
ORD001248,P0077,Sports,1,167.38,0.15,142.27
ORD001248,P0061,Sports,1,272.82,0.15,231.9
ORD001249,P0038,Home & Garden,1,169.03,0.1,152.13
ORD001249,P0083,Beauty,1,104.56,0.0,104.56
ORD001250,P0032,Home & Garden,2,145.88,0.05,277.17
ORD001250,P0114,Books & Media,1,34.15,0.0,34.15
ORD001250,P0077,Sports,3,167.38,0.0,502.14
ORD001251,P0048,Fashion,1,30.16,0.0,30.16
ORD001252,P0006,Electronics,1,234.84,0.05,223.1
ORD001252,P0118,Books & Media,3,20.23,0.2,48.55
ORD001252,P0046,Fashion,1,37.54,0.0,37.54
ORD001252,P0067,Sports,1,310.35,0.05,294.83
ORD001253,P0017,Electronics,1,504.79,0.05,479.55
ORD001253,P0071,Sports,1,179.47,0.0,179.47
ORD001254,P0118,Books & Media,1,20.23,0.2,16.18
ORD001254,P0059,Fashion,1,67.75,0.0,67.75
ORD001254,P0019,Electronics,1,753.99,0.0,753.99
ORD001254,P0059,Fashion,1,67.75,0.1,60.98
ORD001254,P0013,Electronics,1,862.63,0.0,862.63
ORD001255,P0001,Electronics,1,592.51,0.0,592.51
ORD001255,P0055,Fashion,1,92.6,0.0,92.6
ORD001255,P0078,Sports,1,64.33,0.0,64.33
ORD001256,P0089,Beauty,1,20.66,0.0,20.66
ORD001256,P0059,Fashion,2,67.75,0.0,135.5
ORD001257,P0002,Electronics,1,282.77,0.1,254.49
ORD001257,P0024,Home & Garden,1,38.74,0.0,38.74
ORD001257,P0001,Electronics,2,592.51,0.0,1185.02
ORD001258,P0089,Beauty,1,20.66,0.15,17.56
ORD001258,P0076,Sports,1,348.42,0.0,348.42
ORD001259,P0013,Electronics,2,862.63,0.0,1725.26
ORD001260,P0005,Electronics,1,407.63,0.1,366.87
ORD001260,P0059,Fashion,2,67.75,0.05,128.72
ORD001260,P0040,Home & Garden,2,77.25,0.0,154.5
ORD001261,P0023,Home & Garden,1,33.75,0.15,28.69
ORD001262,P0061,Sports,1,272.82,0.0,272.82
ORD001263,P0115,Books & Media,2,16.19,0.1,29.14
ORD001263,P0047,Fashion,1,146.73,0.1,132.06
ORD001264,P0086,Beauty,1,112.91,0.0,112.91
ORD001265,P0093,Beauty,1,54.29,0.15,46.15
ORD001265,P0021,Home & Garden,1,180.57,0.0,180.57
ORD001265,P0101,Books & Media,2,58.39,0.0,116.78
ORD001265,P0020,Electronics,2,781.45,0.1,1406.61
ORD001266,P0072,Sports,1,111.14,0.0,111.14
ORD001266,P0056,Fashion,1,160.14,0.0,160.14
ORD001267,P0037,Home & Garden,2,220.95,0.05,419.8
ORD001267,P0103,Books & Media,1,33.25,0.0,33.25
ORD001267,P0107,Books & Media,1,31.66,0.15,26.91
ORD001267,P0060,Fashion,2,117.44,0.1,211.39
ORD001268,P0033,Home & Garden,1,213.07,0.0,213.07
ORD001268,P0077,Sports,1,167.38,0.1,150.64
ORD001268,P0021,Home & Garden,1,180.57,0.0,180.57
ORD001268,P0066,Sports,1,124.94,0.05,118.69
ORD001269,P0099,Beauty,3,70.54,0.0,211.62
ORD001269,P0026,Home & Garden,1,101.99,0.1,91.79
ORD001269,P0079,Sports,1,134.88,0.0,134.88
ORD001269,P0096,Beauty,1,56.41,0.0,56.41
ORD001269,P0042,Fashion,3,113.53,0.1,306.53
ORD001270,P0108,Books & Media,2,57.78,0.0,115.56
ORD001270,P0004,Electronics,2,807.35,0.05,1533.96
ORD001271,P0075,Sports,1,90.37,0.05,85.85
ORD001271,P0006,Electronics,2,234.84,0.05,446.2
ORD001272,P0112,Books & Media,2,36.19,0.1,65.14
ORD001273,P0105,Books & Media,2,27.71,0.0,55.42
ORD001273,P0102,Books & Media,1,52.13,0.0,52.13
ORD001274,P0112,Books & Media,1,36.19,0.15,30.76
ORD001274,P0060,Fashion,1,117.44,0.05,111.57
ORD001274,P0063,Sports,1,25.19,0.0,25.19
ORD001275,P0120,Books & Media,1,38.91,0.1,35.02
ORD001275,P0025,Home & Garden,2,164.39,0.2,263.02
ORD001276,P0070,Sports,1,273.9,0.1,246.51
ORD001276,P0086,Beauty,3,112.91,0.0,338.73
ORD001276,P0088,Beauty,2,98.82,0.0,197.64
ORD001276,P0048,Fashion,2,30.16,0.15,51.27
ORD001277,P0073,Sports,1,162.52,0.0,162.52
ORD001277,P0053,Fashion,1,62.69,0.0,62.69
ORD001277,P0110,Books & Media,3,16.05,0.0,48.15
ORD001277,P0012,Electronics,3,338.21,0.05,963.9
ORD001277,P0118,Books & Media,1,20.23,0.05,19.22
ORD001278,P0019,Electronics,1,753.99,0.05,716.29
ORD001279,P0049,Fashion,1,179.38,0.2,143.5
ORD001280,P0067,Sports,1,310.35,0.05,294.83
ORD001280,P0036,Home & Garden,1,64.58,0.0,64.58
ORD001280,P0018,Electronics,1,370.75,0.0,370.75
ORD001280,P0043,Fashion,1,83.9,0.0,83.9
ORD001281,P0041,Fashion,1,109.82,0.15,93.35
ORD001282,P0006,Electronics,1,234.84,0.2,187.87
ORD001282,P0017,Electronics,1,504.79,0.15,429.07
ORD001282,P0005,Electronics,1,407.63,0.0,407.63
ORD001282,P0032,Home & Garden,1,145.88,0.0,145.88
ORD001283,P0019,Electronics,1,753.99,0.0,753.99
ORD001283,P0064,Sports,2,31.33,0.0,62.66
ORD001283,P0087,Beauty,1,61.99,0.1,55.79
ORD001283,P0019,Electronics,2,753.99,0.0,1507.98
ORD001284,P0052,Fashion,1,129.07,0.0,129.07
ORD001284,P0059,Fashion,2,67.75,0.0,135.5
ORD001285,P0013,Electronics,1,862.63,0.0,862.63
ORD001285,P0073,Sports,1,162.52,0.0,162.52
ORD001285,P0020,Electronics,2,781.45,0.0,1562.9
ORD001286,P0047,Fashion,1,146.73,0.0,146.73
ORD001287,P0118,Books & Media,1,20.23,0.15,17.2
ORD001288,P0059,Fashion,1,67.75,0.0,67.75
ORD001289,P0042,Fashion,1,113.53,0.05,107.85
ORD001289,P0001,Electronics,1,592.51,0.1,533.26
ORD001290,P0070,Sports,1,273.9,0.0,273.9
ORD001290,P0010,Electronics,1,737.02,0.15,626.47
ORD001290,P0092,Beauty,1,118.26,0.0,118.26
ORD001291,P0039,Home & Garden,1,229.92,0.0,229.92
ORD001292,P0113,Books & Media,1,10.97,0.1,9.87
ORD001292,P0004,Electronics,2,807.35,0.0,1614.7
ORD001292,P0005,Electronics,1,407.63,0.2,326.1
ORD001292,P0003,Electronics,1,675.0,0.05,641.25
ORD001293,P0047,Fashion,1,146.73,0.15,124.72
ORD001294,P0108,Books & Media,1,57.78,0.05,54.89
ORD001294,P0110,Books & Media,1,16.05,0.1,14.44
ORD001295,P0116,Books & Media,1,12.17,0.1,10.95
ORD001295,P0035,Home & Garden,1,89.13,0.0,89.13
ORD001296,P0060,Fashion,1,117.44,0.0,117.44
ORD001296,P0075,Sports,1,90.37,0.05,85.85
ORD001296,P0106,Books & Media,1,21.79,0.2,17.43
ORD001296,P0020,Electronics,2,781.45,0.05,1484.76
ORD001297,P0049,Fashion,1,179.38,0.15,152.47
ORD001298,P0003,Electronics,1,675.0,0.2,540.0
ORD001298,P0087,Beauty,3,61.99,0.05,176.67
ORD001298,P0065,Sports,1,310.58,0.0,310.58
ORD001299,P0085,Beauty,3,33.57,0.05,95.67
ORD001299,P0003,Electronics,1,675.0,0.0,675.0
ORD001299,P0067,Sports,1,310.35,0.15,263.8
ORD001300,P0113,Books & Media,1,10.97,0.0,10.97
ORD001300,P0021,Home & Garden,1,180.57,0.15,153.48
ORD001301,P0054,Fashion,1,37.85,0.0,37.85
ORD001302,P0085,Beauty,3,33.57,0.0,100.71
ORD001303,P0037,Home & Garden,1,220.95,0.05,209.9
ORD001304,P0002,Electronics,1,282.77,0.05,268.63
ORD001305,P0043,Fashion,1,83.9,0.05,79.7
ORD001306,P0026,Home & Garden,1,101.99,0.05,96.89
ORD001307,P0004,Electronics,2,807.35,0.05,1533.96
ORD001308,P0098,Beauty,1,58.74,0.1,52.87
ORD001308,P0087,Beauty,1,61.99,0.0,61.99
ORD001308,P0027,Home & Garden,1,77.74,0.05,73.85
ORD001309,P0043,Fashion,1,83.9,0.0,83.9
ORD001309,P0051,Fashion,2,21.84,0.0,43.68
ORD001309,P0004,Electronics,1,807.35,0.0,807.35
ORD001310,P0078,Sports,1,64.33,0.0,64.33
ORD001311,P0038,Home & Garden,2,169.03,0.0,338.06
ORD001312,P0107,Books & Media,2,31.66,0.0,63.32
ORD001313,P0093,Beauty,1,54.29,0.05,51.58
ORD001313,P0012,Electronics,1,338.21,0.05,321.3
ORD001314,P0019,Electronics,1,753.99,0.0,753.99
ORD001314,P0001,Electronics,1,592.51,0.15,503.63
ORD001314,P0068,Sports,1,52.84,0.0,52.84
ORD001315,P0048,Fashion,2,30.16,0.1,54.29
ORD001315,P0111,Books & Media,2,58.37,0.0,116.74
ORD001315,P0057,Fashion,1,100.09,0.1,90.08
ORD001316,P0104,Books & Media,1,28.85,0.1,25.97
ORD001316,P0010,Electronics,1,737.02,0.0,737.02
ORD001316,P0056,Fashion,2,160.14,0.0,320.28
ORD001316,P0046,Fashion,1,37.54,0.15,31.91
ORD001316,P0043,Fashion,1,83.9,0.15,71.32
ORD001317,P0032,Home & Garden,1,145.88,0.15,124.0
ORD001318,P0047,Fashion,1,146.73,0.2,117.38
ORD001318,P0065,Sports,2,310.58,0.05,590.1
ORD001319,P0110,Books & Media,1,16.05,0.0,16.05
ORD001320,P0048,Fashion,1,30.16,0.0,30.16
ORD001320,P0027,Home & Garden,3,77.74,0.0,233.22
ORD001320,P0078,Sports,1,64.33,0.05,61.11
ORD001321,P0056,Fashion,1,160.14,0.0,160.14
ORD001322,P0012,Electronics,1,338.21,0.0,338.21
ORD001323,P0120,Books & Media,1,38.91,0.0,38.91
ORD001323,P0068,Sports,1,52.84,0.0,52.84
ORD001323,P0117,Books & Media,1,38.94,0.15,33.1
ORD001324,P0003,Electronics,1,675.0,0.15,573.75
ORD001324,P0052,Fashion,1,129.07,0.1,116.16
ORD001325,P0089,Beauty,1,20.66,0.0,20.66
ORD001326,P0081,Beauty,1,17.81,0.0,17.81
ORD001327,P0109,Books & Media,1,36.9,0.1,33.21
ORD001328,P0007,Electronics,1,71.56,0.0,71.56
ORD001329,P0050,Fashion,1,175.37,0.0,175.37
ORD001330,P0005,Electronics,1,407.63,0.0,407.63
ORD001331,P0022,Home & Garden,1,68.56,0.2,54.85
ORD001332,P0029,Home & Garden,2,55.22,0.2,88.35
ORD001332,P0068,Sports,1,52.84,0.0,52.84
ORD001332,P0099,Beauty,1,70.54,0.15,59.96
ORD001333,P0034,Home & Garden,1,68.83,0.0,68.83
ORD001334,P0020,Electronics,2,781.45,0.0,1562.9
ORD001334,P0072,Sports,1,111.14,0.0,111.14
ORD001334,P0098,Beauty,1,58.74,0.05,55.8
ORD001334,P0003,Electronics,2,675.0,0.05,1282.5
ORD001335,P0010,Electronics,3,737.02,0.0,2211.06
ORD001336,P0002,Electronics,1,282.77,0.0,282.77
ORD001336,P0045,Fashion,2,34.55,0.15,58.73
ORD001336,P0026,Home & Garden,1,101.99,0.05,96.89
ORD001336,P0052,Fashion,3,129.07,0.05,367.85
ORD001336,P0110,Books & Media,1,16.05,0.1,14.44
ORD001337,P0006,Electronics,3,234.84,0.0,704.52
ORD001338,P0108,Books & Media,1,57.78,0.1,52.0
ORD001339,P0014,Electronics,1,127.83,0.2,102.26
ORD001339,P0116,Books & Media,1,12.17,0.05,11.56
ORD001340,P0061,Sports,1,272.82,0.0,272.82
ORD001341,P0120,Books & Media,1,38.91,0.2,31.13
ORD001341,P0061,Sports,1,272.82,0.0,272.82
ORD001342,P0079,Sports,1,134.88,0.0,134.88
ORD001342,P0050,Fashion,2,175.37,0.1,315.67
ORD001343,P0117,Books & Media,3,38.94,0.15,99.3
ORD001344,P0081,Beauty,1,17.81,0.0,17.81
ORD001345,P0072,Sports,1,111.14,0.0,111.14
ORD001345,P0048,Fashion,1,30.16,0.0,30.16
ORD001345,P0030,Home & Garden,2,53.4,0.0,106.8
ORD001346,P0111,Books & Media,2,58.37,0.1,105.07
ORD001347,P0115,Books & Media,1,16.19,0.0,16.19
ORD001347,P0027,Home & Garden,1,77.74,0.05,73.85
ORD001347,P0095,Beauty,2,30.92,0.0,61.84
ORD001348,P0022,Home & Garden,1,68.56,0.2,54.85
ORD001348,P0057,Fashion,1,100.09,0.1,90.08
ORD001348,P0020,Electronics,2,781.45,0.05,1484.76
ORD001348,P0105,Books & Media,1,27.71,0.1,24.94
ORD001349,P0047,Fashion,1,146.73,0.0,146.73
ORD001350,P0062,Sports,1,278.05,0.2,222.44
ORD001350,P0102,Books & Media,1,52.13,0.0,52.13
ORD001350,P0073,Sports,2,162.52,0.05,308.79
ORD001351,P0061,Sports,1,272.82,0.0,272.82
ORD001351,P0040,Home & Garden,2,77.25,0.0,154.5
ORD001352,P0103,Books & Media,1,33.25,0.0,33.25
ORD001353,P0065,Sports,1,310.58,0.05,295.05
ORD001353,P0062,Sports,2,278.05,0.0,556.1
ORD001353,P0018,Electronics,1,370.75,0.0,370.75
ORD001353,P0056,Fashion,2,160.14,0.0,320.28
ORD001353,P0009,Electronics,1,236.37,0.1,212.73
ORD001354,P0082,Beauty,1,35.18,0.0,35.18
ORD001355,P0022,Home & Garden,1,68.56,0.05,65.13
ORD001355,P0085,Beauty,1,33.57,0.1,30.21
ORD001355,P0047,Fashion,1,146.73,0.0,146.73
ORD001356,P0017,Electronics,1,504.79,0.05,479.55
ORD001357,P0104,Books & Media,2,28.85,0.2,46.16
ORD001358,P0006,Electronics,1,234.84,0.0,234.84
ORD001358,P0043,Fashion,1,83.9,0.0,83.9
ORD001358,P0088,Beauty,1,98.82,0.1,88.94
ORD001359,P0007,Electronics,1,71.56,0.0,71.56
ORD001360,P0011,Electronics,1,733.95,0.0,733.95
ORD001361,P0041,Fashion,1,109.82,0.0,109.82
ORD001362,P0045,Fashion,1,34.55,0.0,34.55
ORD001362,P0007,Electronics,1,71.56,0.05,67.98
ORD001362,P0088,Beauty,1,98.82,0.0,98.82
ORD001363,P0011,Electronics,1,733.95,0.0,733.95
ORD001363,P0056,Fashion,1,160.14,0.0,160.14
ORD001364,P0053,Fashion,1,62.69,0.0,62.69
ORD001365,P0046,Fashion,1,37.54,0.0,37.54
ORD001366,P0053,Fashion,1,62.69,0.0,62.69
ORD001367,P0003,Electronics,2,675.0,0.0,1350.0
ORD001368,P0062,Sports,2,278.05,0.0,556.1
ORD001368,P0075,Sports,1,90.37,0.0,90.37
ORD001369,P0022,Home & Garden,1,68.56,0.1,61.7
ORD001370,P0102,Books & Media,1,52.13,0.0,52.13
ORD001370,P0102,Books & Media,1,52.13,0.0,52.13
ORD001370,P0107,Books & Media,2,31.66,0.0,63.32
ORD001370,P0044,Fashion,1,179.61,0.0,179.61
ORD001371,P0090,Beauty,1,56.59,0.0,56.59
ORD001371,P0002,Electronics,1,282.77,0.0,282.77
ORD001371,P0102,Books & Media,2,52.13,0.0,104.26
ORD001371,P0068,Sports,1,52.84,0.0,52.84
ORD001371,P0003,Electronics,1,675.0,0.1,607.5
ORD001372,P0070,Sports,3,273.9,0.0,821.7
ORD001372,P0109,Books & Media,1,36.9,0.0,36.9
ORD001373,P0006,Electronics,1,234.84,0.1,211.36
ORD001374,P0083,Beauty,1,104.56,0.05,99.33
ORD001375,P0002,Electronics,3,282.77,0.0,848.31
ORD001376,P0013,Electronics,1,862.63,0.0,862.63
ORD001376,P0018,Electronics,3,370.75,0.15,945.41
ORD001377,P0034,Home & Garden,1,68.83,0.1,61.95
ORD001378,P0053,Fashion,1,62.69,0.0,62.69
ORD001378,P0104,Books & Media,3,28.85,0.1,77.9
ORD001378,P0054,Fashion,1,37.85,0.0,37.85
ORD001379,P0032,Home & Garden,1,145.88,0.1,131.29
ORD001379,P0042,Fashion,1,113.53,0.0,113.53
ORD001380,P0029,Home & Garden,1,55.22,0.2,44.18
ORD001381,P0050,Fashion,1,175.37,0.0,175.37
ORD001381,P0055,Fashion,1,92.6,0.15,78.71
ORD001382,P0061,Sports,2,272.82,0.0,545.64
ORD001382,P0055,Fashion,2,92.6,0.0,185.2
ORD001382,P0055,Fashion,3,92.6,0.0,277.8
ORD001382,P0017,Electronics,1,504.79,0.0,504.79
ORD001383,P0059,Fashion,1,67.75,0.0,67.75
ORD001384,P0004,Electronics,1,807.35,0.2,645.88
ORD001384,P0055,Fashion,1,92.6,0.0,92.6
ORD001384,P0073,Sports,1,162.52,0.05,154.39
ORD001384,P0054,Fashion,1,37.85,0.0,37.85
ORD001384,P0028,Home & Garden,1,167.29,0.0,167.29
ORD001385,P0010,Electronics,1,737.02,0.2,589.62
ORD001385,P0019,Electronics,1,753.99,0.0,753.99
ORD001386,P0070,Sports,1,273.9,0.2,219.12
ORD001387,P0100,Beauty,1,119.92,0.1,107.93
ORD001387,P0006,Electronics,1,234.84,0.2,187.87
ORD001387,P0007,Electronics,1,71.56,0.1,64.4
ORD001387,P0074,Sports,1,200.27,0.1,180.24
ORD001387,P0090,Beauty,1,56.59,0.0,56.59
ORD001388,P0042,Fashion,2,113.53,0.1,204.35
ORD001389,P0038,Home & Garden,1,169.03,0.05,160.58
ORD001390,P0010,Electronics,1,737.02,0.1,663.32
ORD001390,P0046,Fashion,2,37.54,0.0,75.08
ORD001390,P0015,Electronics,1,769.37,0.0,769.37
ORD001390,P0057,Fashion,1,100.09,0.05,95.09
ORD001391,P0117,Books & Media,1,38.94,0.0,38.94
ORD001392,P0006,Electronics,2,234.84,0.05,446.2
ORD001393,P0055,Fashion,1,92.6,0.0,92.6
ORD001393,P0086,Beauty,1,112.91,0.0,112.91
ORD001393,P0031,Home & Garden,1,247.54,0.0,247.54
ORD001393,P0082,Beauty,2,35.18,0.0,70.36
ORD001393,P0066,Sports,1,124.94,0.05,118.69
ORD001394,P0012,Electronics,1,338.21,0.0,338.21
ORD001394,P0039,Home & Garden,1,229.92,0.0,229.92
ORD001395,P0084,Beauty,1,36.18,0.05,34.37
ORD001396,P0086,Beauty,1,112.91,0.15,95.97
ORD001396,P0079,Sports,1,134.88,0.0,134.88
ORD001397,P0088,Beauty,1,98.82,0.0,98.82
ORD001398,P0073,Sports,1,162.52,0.0,162.52
ORD001398,P0056,Fashion,1,160.14,0.1,144.13
ORD001399,P0101,Books & Media,1,58.39,0.05,55.47
ORD001400,P0093,Beauty,1,54.29,0.0,54.29
ORD001400,P0087,Beauty,2,61.99,0.1,111.58
ORD001400,P0062,Sports,1,278.05,0.05,264.15
ORD001400,P0073,Sports,2,162.52,0.0,325.04
ORD001400,P0016,Electronics,1,735.06,0.2,588.05
ORD001401,P0009,Electronics,1,236.37,0.0,236.37
ORD001401,P0058,Fashion,1,166.02,0.0,166.02
ORD001401,P0011,Electronics,2,733.95,0.0,1467.9
ORD001401,P0008,Electronics,1,601.4,0.0,601.4
ORD001402,P0025,Home & Garden,1,164.39,0.0,164.39
ORD001402,P0090,Beauty,2,56.59,0.05,107.52
ORD001403,P0011,Electronics,2,733.95,0.0,1467.9
ORD001404,P0057,Fashion,1,100.09,0.0,100.09
ORD001405,P0005,Electronics,1,407.63,0.0,407.63
ORD001405,P0017,Electronics,2,504.79,0.05,959.1
ORD001406,P0038,Home & Garden,2,169.03,0.1,304.25
ORD001407,P0045,Fashion,1,34.55,0.15,29.37
ORD001407,P0103,Books & Media,2,33.25,0.05,63.18
ORD001408,P0045,Fashion,2,34.55,0.0,69.1
ORD001408,P0107,Books & Media,1,31.66,0.0,31.66
ORD001409,P0045,Fashion,1,34.55,0.0,34.55
ORD001409,P0083,Beauty,1,104.56,0.0,104.56
ORD001410,P0074,Sports,1,200.27,0.1,180.24
ORD001410,P0048,Fashion,1,30.16,0.0,30.16
ORD001411,P0037,Home & Garden,1,220.95,0.2,176.76
ORD001411,P0027,Home & Garden,1,77.74,0.0,77.74
ORD001411,P0053,Fashion,1,62.69,0.0,62.69
ORD001412,P0087,Beauty,1,61.99,0.0,61.99
ORD001413,P0059,Fashion,2,67.75,0.05,128.72
ORD001414,P0088,Beauty,2,98.82,0.1,177.88
ORD001415,P0065,Sports,1,310.58,0.15,263.99
ORD001415,P0069,Sports,1,47.49,0.1,42.74
ORD001416,P0001,Electronics,1,592.51,0.05,562.88
ORD001417,P0018,Electronics,2,370.75,0.0,741.5
ORD001418,P0102,Books & Media,1,52.13,0.0,52.13
ORD001419,P0062,Sports,1,278.05,0.15,236.34
ORD001419,P0091,Beauty,1,90.2,0.05,85.69
ORD001420,P0072,Sports,2,111.14,0.05,211.17
ORD001420,P0056,Fashion,1,160.14,0.0,160.14
ORD001421,P0074,Sports,1,200.27,0.1,180.24
ORD001421,P0062,Sports,2,278.05,0.1,500.49
ORD001422,P0015,Electronics,1,769.37,0.1,692.43
ORD001422,P0104,Books & Media,1,28.85,0.0,28.85
ORD001423,P0008,Electronics,3,601.4,0.0,1804.2
ORD001424,P0043,Fashion,1,83.9,0.05,79.7
ORD001425,P0106,Books & Media,2,21.79,0.1,39.22
ORD001425,P0118,Books & Media,2,20.23,0.05,38.44
ORD001426,P0046,Fashion,2,37.54,0.0,75.08
ORD001427,P0079,Sports,1,134.88,0.0,134.88
ORD001427,P0078,Sports,1,64.33,0.1,57.9
ORD001427,P0022,Home & Garden,2,68.56,0.05,130.26
ORD001428,P0039,Home & Garden,1,229.92,0.05,218.42
ORD001429,P0093,Beauty,2,54.29,0.1,97.72
ORD001430,P0120,Books & Media,2,38.91,0.1,70.04
ORD001430,P0090,Beauty,2,56.59,0.05,107.52
ORD001430,P0022,Home & Garden,1,68.56,0.0,68.56
ORD001430,P0100,Beauty,1,119.92,0.0,119.92
ORD001431,P0079,Sports,2,134.88,0.0,269.76
ORD001432,P0045,Fashion,1,34.55,0.05,32.82
ORD001433,P0070,Sports,1,273.9,0.0,273.9
ORD001434,P0078,Sports,1,64.33,0.0,64.33
ORD001434,P0064,Sports,1,31.33,0.05,29.76
ORD001434,P0039,Home & Garden,1,229.92,0.0,229.92
ORD001435,P0118,Books & Media,1,20.23,0.0,20.23
ORD001436,P0011,Electronics,1,733.95,0.0,733.95
ORD001436,P0088,Beauty,2,98.82,0.0,197.64
ORD001436,P0032,Home & Garden,1,145.88,0.0,145.88
ORD001436,P0081,Beauty,3,17.81,0.15,45.42
ORD001437,P0094,Beauty,1,104.78,0.15,89.06
ORD001437,P0081,Beauty,2,17.81,0.0,35.62
ORD001437,P0040,Home & Garden,1,77.25,0.0,77.25
ORD001438,P0027,Home & Garden,2,77.74,0.1,139.93
ORD001439,P0112,Books & Media,1,36.19,0.2,28.95
ORD001439,P0050,Fashion,1,175.37,0.1,157.83
ORD001440,P0011,Electronics,1,733.95,0.15,623.86
ORD001441,P0067,Sports,2,310.35,0.0,620.7
ORD001442,P0120,Books & Media,2,38.91,0.05,73.93
ORD001442,P0039,Home & Garden,1,229.92,0.1,206.93
ORD001442,P0018,Electronics,2,370.75,0.0,741.5
ORD001442,P0087,Beauty,2,61.99,0.0,123.98
ORD001443,P0007,Electronics,2,71.56,0.15,121.65
ORD001443,P0012,Electronics,1,338.21,0.0,338.21
ORD001443,P0055,Fashion,1,92.6,0.2,74.08
ORD001443,P0108,Books & Media,2,57.78,0.05,109.78
ORD001444,P0054,Fashion,1,37.85,0.0,37.85
ORD001444,P0075,Sports,3,90.37,0.1,244.0
ORD001444,P0091,Beauty,2,90.2,0.1,162.36
ORD001444,P0095,Beauty,1,30.92,0.1,27.83
ORD001444,P0065,Sports,1,310.58,0.0,310.58
ORD001445,P0014,Electronics,1,127.83,0.0,127.83
ORD001445,P0023,Home & Garden,1,33.75,0.0,33.75
ORD001445,P0084,Beauty,1,36.18,0.0,36.18
ORD001446,P0024,Home & Garden,1,38.74,0.0,38.74
ORD001446,P0028,Home & Garden,1,167.29,0.0,167.29
ORD001446,P0042,Fashion,1,113.53,0.15,96.5
ORD001446,P0050,Fashion,2,175.37,0.0,350.74
ORD001446,P0052,Fashion,1,129.07,0.2,103.26
ORD001447,P0046,Fashion,1,37.54,0.05,35.66
ORD001448,P0074,Sports,1,200.27,0.0,200.27
ORD001448,P0039,Home & Garden,1,229.92,0.15,195.43
ORD001448,P0002,Electronics,1,282.77,0.1,254.49
ORD001449,P0001,Electronics,1,592.51,0.1,533.26
ORD001449,P0115,Books & Media,1,16.19,0.0,16.19
ORD001449,P0038,Home & Garden,2,169.03,0.0,338.06
ORD001450,P0014,Electronics,2,127.83,0.0,255.66
ORD001451,P0084,Beauty,2,36.18,0.1,65.12
ORD001452,P0056,Fashion,3,160.14,0.1,432.38
ORD001452,P0046,Fashion,1,37.54,0.0,37.54
ORD001452,P0115,Books & Media,1,16.19,0.0,16.19
ORD001453,P0011,Electronics,1,733.95,0.0,733.95
ORD001453,P0103,Books & Media,1,33.25,0.15,28.26
ORD001454,P0118,Books & Media,2,20.23,0.15,34.39
ORD001454,P0065,Sports,1,310.58,0.1,279.52
ORD001455,P0052,Fashion,1,129.07,0.0,129.07
ORD001456,P0062,Sports,1,278.05,0.2,222.44
ORD001457,P0090,Beauty,1,56.59,0.1,50.93
ORD001458,P0024,Home & Garden,2,38.74,0.05,73.61
ORD001458,P0054,Fashion,1,37.85,0.0,37.85
ORD001459,P0103,Books & Media,1,33.25,0.05,31.59
ORD001459,P0003,Electronics,1,675.0,0.2,540.0
ORD001460,P0052,Fashion,2,129.07,0.0,258.14
ORD001460,P0072,Sports,2,111.14,0.15,188.94
ORD001460,P0060,Fashion,2,117.44,0.0,234.88
ORD001461,P0118,Books & Media,2,20.23,0.1,36.41
ORD001461,P0066,Sports,2,124.94,0.05,237.39
ORD001462,P0079,Sports,1,134.88,0.0,134.88
ORD001463,P0091,Beauty,1,90.2,0.0,90.2
ORD001464,P0071,Sports,2,179.47,0.0,358.94
ORD001464,P0092,Beauty,1,118.26,0.0,118.26
ORD001464,P0009,Electronics,2,236.37,0.1,425.47
ORD001464,P0093,Beauty,1,54.29,0.1,48.86
ORD001465,P0017,Electronics,1,504.79,0.2,403.83
ORD001466,P0100,Beauty,1,119.92,0.0,119.92
ORD001467,P0062,Sports,3,278.05,0.05,792.44
ORD001467,P0013,Electronics,1,862.63,0.0,862.63
ORD001467,P0097,Beauty,3,37.48,0.0,112.44
ORD001468,P0091,Beauty,2,90.2,0.0,180.4
ORD001469,P0032,Home & Garden,3,145.88,0.15,371.99
ORD001469,P0042,Fashion,2,113.53,0.05,215.71
ORD001470,P0071,Sports,2,179.47,0.0,358.94
ORD001471,P0117,Books & Media,1,38.94,0.0,38.94
ORD001472,P0043,Fashion,1,83.9,0.2,67.12
ORD001472,P0108,Books & Media,1,57.78,0.1,52.0
ORD001473,P0047,Fashion,1,146.73,0.1,132.06
ORD001473,P0031,Home & Garden,1,247.54,0.15,210.41
ORD001473,P0042,Fashion,2,113.53,0.0,227.06
ORD001473,P0019,Electronics,1,753.99,0.15,640.89
ORD001473,P0020,Electronics,1,781.45,0.0,781.45
ORD001474,P0090,Beauty,2,56.59,0.15,96.2
ORD001474,P0030,Home & Garden,2,53.4,0.05,101.46
ORD001474,P0099,Beauty,2,70.54,0.0,141.08
ORD001474,P0083,Beauty,1,104.56,0.0,104.56
ORD001474,P0035,Home & Garden,1,89.13,0.0,89.13
ORD001475,P0024,Home & Garden,1,38.74,0.0,38.74
ORD001476,P0104,Books & Media,1,28.85,0.0,28.85
ORD001476,P0090,Beauty,1,56.59,0.0,56.59
ORD001477,P0069,Sports,1,47.49,0.1,42.74
ORD001478,P0090,Beauty,1,56.59,0.0,56.59
ORD001479,P0043,Fashion,2,83.9,0.0,167.8
ORD001480,P0070,Sports,3,273.9,0.1,739.53
ORD001480,P0040,Home & Garden,2,77.25,0.1,139.05
ORD001481,P0015,Electronics,1,769.37,0.0,769.37
ORD001481,P0097,Beauty,1,37.48,0.2,29.98
ORD001481,P0073,Sports,1,162.52,0.1,146.27
ORD001481,P0032,Home & Garden,1,145.88,0.15,124.0
ORD001482,P0036,Home & Garden,1,64.58,0.05,61.35
ORD001483,P0014,Electronics,1,127.83,0.1,115.05
ORD001484,P0086,Beauty,1,112.91,0.0,112.91
ORD001484,P0078,Sports,1,64.33,0.05,61.11
ORD001485,P0049,Fashion,1,179.38,0.05,170.41
ORD001485,P0003,Electronics,1,675.0,0.2,540.0
ORD001485,P0048,Fashion,3,30.16,0.0,90.48
ORD001486,P0043,Fashion,1,83.9,0.15,71.32
ORD001487,P0072,Sports,1,111.14,0.15,94.47
ORD001487,P0081,Beauty,2,17.81,0.0,35.62
ORD001487,P0087,Beauty,1,61.99,0.2,49.59
ORD001488,P0008,Electronics,1,601.4,0.1,541.26
ORD001488,P0013,Electronics,1,862.63,0.0,862.63
ORD001489,P0102,Books & Media,1,52.13,0.05,49.52
ORD001489,P0063,Sports,1,25.19,0.1,22.67
ORD001489,P0042,Fashion,1,113.53,0.1,102.18
ORD001490,P0059,Fashion,1,67.75,0.0,67.75
ORD001490,P0039,Home & Garden,1,229.92,0.05,218.42
ORD001490,P0033,Home & Garden,1,213.07,0.1,191.76
ORD001491,P0108,Books & Media,2,57.78,0.1,104.0
ORD001491,P0041,Fashion,1,109.82,0.05,104.33
ORD001492,P0066,Sports,1,124.94,0.05,118.69
ORD001492,P0112,Books & Media,1,36.19,0.0,36.19
ORD001492,P0072,Sports,3,111.14,0.1,300.08
ORD001493,P0114,Books & Media,3,34.15,0.0,102.45
ORD001494,P0069,Sports,1,47.49,0.1,42.74
ORD001494,P0017,Electronics,1,504.79,0.0,504.79
ORD001494,P0015,Electronics,1,769.37,0.2,615.5
ORD001495,P0046,Fashion,2,37.54,0.05,71.33
ORD001495,P0079,Sports,1,134.88,0.0,134.88
ORD001496,P0010,Electronics,2,737.02,0.0,1474.04
ORD001496,P0039,Home & Garden,1,229.92,0.05,218.42
ORD001496,P0116,Books & Media,1,12.17,0.0,12.17
ORD001497,P0052,Fashion,1,129.07,0.05,122.62
ORD001497,P0083,Beauty,1,104.56,0.0,104.56
ORD001498,P0083,Beauty,1,104.56,0.0,104.56
ORD001498,P0013,Electronics,3,862.63,0.1,2329.1
ORD001499,P0104,Books & Media,1,28.85,0.0,28.85
ORD001500,P0049,Fashion,1,179.38,0.05,170.41
ORD001501,P0112,Books & Media,1,36.19,0.15,30.76
ORD001502,P0028,Home & Garden,1,167.29,0.1,150.56
ORD001503,P0024,Home & Garden,1,38.74,0.1,34.87
ORD001504,P0066,Sports,1,124.94,0.05,118.69
ORD001504,P0092,Beauty,1,118.26,0.0,118.26
ORD001504,P0035,Home & Garden,1,89.13,0.0,89.13
ORD001505,P0040,Home & Garden,2,77.25,0.0,154.5
ORD001505,P0079,Sports,1,134.88,0.05,128.14
ORD001506,P0005,Electronics,1,407.63,0.0,407.63
ORD001507,P0078,Sports,1,64.33,0.0,64.33
ORD001507,P0037,Home & Garden,1,220.95,0.0,220.95
ORD001508,P0033,Home & Garden,3,213.07,0.2,511.37
ORD001508,P0044,Fashion,1,179.61,0.0,179.61
ORD001508,P0014,Electronics,2,127.83,0.15,217.31
ORD001508,P0017,Electronics,1,504.79,0.2,403.83
ORD001509,P0040,Home & Garden,1,77.25,0.0,77.25
ORD001509,P0092,Beauty,2,118.26,0.0,236.52
ORD001509,P0047,Fashion,1,146.73,0.0,146.73
ORD001510,P0087,Beauty,1,61.99,0.0,61.99
ORD001510,P0067,Sports,1,310.35,0.2,248.28
ORD001510,P0102,Books & Media,2,52.13,0.2,83.41
ORD001510,P0114,Books & Media,1,34.15,0.05,32.44
ORD001511,P0020,Electronics,1,781.45,0.0,781.45
ORD001511,P0028,Home & Garden,1,167.29,0.0,167.29
ORD001512,P0043,Fashion,1,83.9,0.0,83.9
ORD001513,P0111,Books & Media,1,58.37,0.0,58.37
ORD001513,P0108,Books & Media,1,57.78,0.0,57.78
ORD001514,P0021,Home & Garden,2,180.57,0.0,361.14
ORD001515,P0095,Beauty,1,30.92,0.0,30.92
ORD001515,P0095,Beauty,1,30.92,0.05,29.37
ORD001515,P0059,Fashion,1,67.75,0.05,64.36
ORD001516,P0010,Electronics,1,737.02,0.0,737.02
ORD001516,P0037,Home & Garden,3,220.95,0.0,662.85
ORD001517,P0097,Beauty,1,37.48,0.0,37.48
ORD001518,P0070,Sports,1,273.9,0.05,260.2
ORD001518,P0099,Beauty,1,70.54,0.1,63.49
ORD001518,P0060,Fashion,1,117.44,0.0,117.44
ORD001518,P0008,Electronics,1,601.4,0.1,541.26
ORD001519,P0048,Fashion,1,30.16,0.15,25.64
ORD001520,P0068,Sports,1,52.84,0.15,44.91
ORD001520,P0111,Books & Media,2,58.37,0.0,116.74
ORD001520,P0115,Books & Media,1,16.19,0.1,14.57
ORD001520,P0041,Fashion,2,109.82,0.05,208.66
ORD001521,P0054,Fashion,1,37.85,0.0,37.85
ORD001521,P0023,Home & Garden,1,33.75,0.1,30.38
ORD001521,P0062,Sports,2,278.05,0.05,528.29
ORD001522,P0051,Fashion,1,21.84,0.0,21.84
ORD001523,P0013,Electronics,1,862.63,0.2,690.1
ORD001524,P0011,Electronics,1,733.95,0.05,697.25
ORD001524,P0040,Home & Garden,1,77.25,0.05,73.39
ORD001524,P0009,Electronics,1,236.37,0.1,212.73
ORD001525,P0059,Fashion,1,67.75,0.0,67.75
ORD001525,P0008,Electronics,1,601.4,0.0,601.4
ORD001525,P0006,Electronics,1,234.84,0.1,211.36
ORD001526,P0058,Fashion,1,166.02,0.05,157.72
ORD001527,P0007,Electronics,3,71.56,0.1,193.21
ORD001528,P0020,Electronics,1,781.45,0.0,781.45
ORD001529,P0049,Fashion,1,179.38,0.0,179.38
ORD001529,P0017,Electronics,2,504.79,0.05,959.1
ORD001529,P0034,Home & Garden,1,68.83,0.0,68.83
ORD001529,P0087,Beauty,1,61.99,0.05,58.89
ORD001530,P0109,Books & Media,2,36.9,0.0,73.8
ORD001531,P0003,Electronics,1,675.0,0.0,675.0
ORD001532,P0005,Electronics,1,407.63,0.0,407.63
ORD001533,P0023,Home & Garden,1,33.75,0.0,33.75
ORD001533,P0008,Electronics,1,601.4,0.0,601.4
ORD001534,P0094,Beauty,1,104.78,0.05,99.54
ORD001534,P0104,Books & Media,1,28.85,0.2,23.08
ORD001534,P0120,Books & Media,2,38.91,0.2,62.26
ORD001534,P0052,Fashion,1,129.07,0.0,129.07
ORD001535,P0102,Books & Media,1,52.13,0.0,52.13
ORD001535,P0022,Home & Garden,1,68.56,0.0,68.56
ORD001535,P0083,Beauty,1,104.56,0.0,104.56
ORD001536,P0087,Beauty,2,61.99,0.0,123.98
ORD001537,P0090,Beauty,2,56.59,0.05,107.52
ORD001537,P0079,Sports,1,134.88,0.0,134.88
ORD001537,P0078,Sports,1,64.33,0.1,57.9
ORD001538,P0004,Electronics,1,807.35,0.0,807.35
ORD001538,P0078,Sports,1,64.33,0.2,51.46
ORD001538,P0001,Electronics,1,592.51,0.0,592.51
ORD001539,P0089,Beauty,2,20.66,0.0,41.32
ORD001540,P0061,Sports,1,272.82,0.0,272.82
ORD001541,P0061,Sports,2,272.82,0.15,463.79
ORD001541,P0083,Beauty,1,104.56,0.05,99.33
ORD001542,P0008,Electronics,1,601.4,0.0,601.4
ORD001543,P0045,Fashion,1,34.55,0.05,32.82
ORD001543,P0099,Beauty,1,70.54,0.0,70.54
ORD001543,P0079,Sports,2,134.88,0.0,269.76
ORD001543,P0057,Fashion,1,100.09,0.0,100.09
ORD001544,P0063,Sports,1,25.19,0.15,21.41
ORD001545,P0064,Sports,3,31.33,0.1,84.59
ORD001545,P0096,Beauty,1,56.41,0.0,56.41
ORD001546,P0062,Sports,2,278.05,0.0,556.1
ORD001547,P0044,Fashion,2,179.61,0.0,359.22
ORD001548,P0008,Electronics,1,601.4,0.05,571.33
ORD001549,P0106,Books & Media,3,21.79,0.0,65.37
ORD001550,P0056,Fashion,1,160.14,0.0,160.14
ORD001550,P0054,Fashion,1,37.85,0.0,37.85
ORD001551,P0045,Fashion,2,34.55,0.15,58.73
ORD001551,P0064,Sports,1,31.33,0.0,31.33
ORD001552,P0084,Beauty,1,36.18,0.2,28.94
ORD001553,P0028,Home & Garden,1,167.29,0.1,150.56
ORD001553,P0034,Home & Garden,2,68.83,0.1,123.89
ORD001553,P0110,Books & Media,1,16.05,0.0,16.05
ORD001553,P0084,Beauty,1,36.18,0.0,36.18
ORD001553,P0114,Books & Media,1,34.15,0.1,30.74
ORD001554,P0046,Fashion,3,37.54,0.0,112.62
ORD001554,P0043,Fashion,1,83.9,0.0,83.9
ORD001555,P0061,Sports,1,272.82,0.1,245.54
ORD001556,P0003,Electronics,1,675.0,0.05,641.25
ORD001556,P0026,Home & Garden,1,101.99,0.0,101.99
ORD001557,P0017,Electronics,2,504.79,0.0,1009.58
ORD001558,P0027,Home & Garden,2,77.74,0.0,155.48
ORD001559,P0107,Books & Media,1,31.66,0.05,30.08
ORD001559,P0028,Home & Garden,1,167.29,0.1,150.56
ORD001559,P0045,Fashion,1,34.55,0.0,34.55
ORD001560,P0008,Electronics,1,601.4,0.0,601.4
ORD001560,P0037,Home & Garden,2,220.95,0.0,441.9
ORD001560,P0055,Fashion,1,92.6,0.05,87.97
ORD001561,P0054,Fashion,2,37.85,0.0,75.7
ORD001561,P0056,Fashion,1,160.14,0.0,160.14
ORD001562,P0043,Fashion,1,83.9,0.15,71.32
ORD001562,P0020,Electronics,1,781.45,0.0,781.45
ORD001563,P0100,Beauty,1,119.92,0.0,119.92
ORD001563,P0050,Fashion,2,175.37,0.0,350.74
ORD001564,P0054,Fashion,1,37.85,0.1,34.07
ORD001564,P0106,Books & Media,1,21.79,0.0,21.79
ORD001564,P0030,Home & Garden,2,53.4,0.1,96.12
ORD001565,P0010,Electronics,2,737.02,0.1,1326.64
ORD001565,P0120,Books & Media,1,38.91,0.15,33.07
ORD001565,P0005,Electronics,1,407.63,0.05,387.25
ORD001566,P0098,Beauty,3,58.74,0.0,176.22
ORD001566,P0047,Fashion,1,146.73,0.1,132.06
ORD001566,P0026,Home & Garden,2,101.99,0.0,203.98
ORD001567,P0037,Home & Garden,1,220.95,0.0,220.95
ORD001568,P0026,Home & Garden,3,101.99,0.15,260.07
ORD001569,P0026,Home & Garden,1,101.99,0.0,101.99
ORD001570,P0115,Books & Media,1,16.19,0.05,15.38
ORD001570,P0083,Beauty,2,104.56,0.0,209.12
ORD001570,P0112,Books & Media,1,36.19,0.1,32.57
ORD001570,P0085,Beauty,3,33.57,0.0,100.71
ORD001571,P0009,Electronics,1,236.37,0.0,236.37
ORD001572,P0066,Sports,1,124.94,0.0,124.94
ORD001573,P0092,Beauty,1,118.26,0.2,94.61
ORD001574,P0029,Home & Garden,2,55.22,0.0,110.44
ORD001575,P0046,Fashion,1,37.54,0.05,35.66
ORD001575,P0076,Sports,1,348.42,0.05,331.0
ORD001576,P0088,Beauty,2,98.82,0.05,187.76
ORD001577,P0022,Home & Garden,2,68.56,0.0,137.12
ORD001577,P0027,Home & Garden,1,77.74,0.0,77.74
ORD001578,P0085,Beauty,2,33.57,0.0,67.14
ORD001578,P0099,Beauty,1,70.54,0.0,70.54
ORD001578,P0014,Electronics,1,127.83,0.0,127.83
ORD001578,P0056,Fashion,1,160.14,0.0,160.14
ORD001579,P0076,Sports,1,348.42,0.1,313.58
ORD001579,P0002,Electronics,1,282.77,0.05,268.63
ORD001580,P0117,Books & Media,2,38.94,0.0,77.88
ORD001580,P0008,Electronics,1,601.4,0.0,601.4
ORD001580,P0011,Electronics,1,733.95,0.0,733.95
ORD001580,P0016,Electronics,1,735.06,0.15,624.8
ORD001580,P0076,Sports,2,348.42,0.15,592.31
ORD001581,P0077,Sports,3,167.38,0.0,502.14
ORD001581,P0119,Books & Media,3,54.29,0.2,130.3
ORD001581,P0017,Electronics,2,504.79,0.0,1009.58
ORD001582,P0118,Books & Media,1,20.23,0.0,20.23
ORD001582,P0047,Fashion,1,146.73,0.0,146.73
ORD001583,P0028,Home & Garden,1,167.29,0.0,167.29
ORD001584,P0018,Electronics,1,370.75,0.0,370.75
ORD001584,P0087,Beauty,1,61.99,0.1,55.79
ORD001584,P0098,Beauty,1,58.74,0.0,58.74
ORD001584,P0010,Electronics,1,737.02,0.05,700.17
ORD001584,P0026,Home & Garden,1,101.99,0.1,91.79
ORD001585,P0065,Sports,2,310.58,0.0,621.16
ORD001586,P0109,Books & Media,2,36.9,0.0,73.8
ORD001587,P0051,Fashion,1,21.84,0.0,21.84
ORD001587,P0064,Sports,1,31.33,0.0,31.33
ORD001588,P0026,Home & Garden,1,101.99,0.1,91.79
ORD001588,P0063,Sports,1,25.19,0.0,25.19
ORD001589,P0070,Sports,2,273.9,0.0,547.8
ORD001589,P0044,Fashion,3,179.61,0.1,484.95
ORD001590,P0021,Home & Garden,1,180.57,0.0,180.57
ORD001591,P0071,Sports,1,179.47,0.1,161.52
ORD001592,P0014,Electronics,1,127.83,0.1,115.05
ORD001593,P0034,Home & Garden,2,68.83,0.15,117.01
ORD001593,P0015,Electronics,1,769.37,0.0,769.37
ORD001593,P0015,Electronics,1,769.37,0.05,730.9
ORD001593,P0038,Home & Garden,2,169.03,0.1,304.25
ORD001594,P0114,Books & Media,1,34.15,0.15,29.03
ORD001594,P0093,Beauty,1,54.29,0.0,54.29
ORD001594,P0069,Sports,1,47.49,0.1,42.74
ORD001594,P0055,Fashion,2,92.6,0.2,148.16
ORD001595,P0029,Home & Garden,2,55.22,0.0,110.44
ORD001596,P0040,Home & Garden,2,77.25,0.1,139.05
ORD001597,P0010,Electronics,1,737.02,0.2,589.62
ORD001597,P0062,Sports,2,278.05,0.05,528.29
ORD001598,P0057,Fashion,1,100.09,0.0,100.09
ORD001598,P0014,Electronics,1,127.83,0.05,121.44
ORD001599,P0093,Beauty,1,54.29,0.0,54.29
ORD001599,P0005,Electronics,1,407.63,0.0,407.63
ORD001599,P0008,Electronics,1,601.4,0.0,601.4
ORD001600,P0030,Home & Garden,1,53.4,0.05,50.73
ORD001601,P0062,Sports,2,278.05,0.2,444.88
ORD001602,P0019,Electronics,2,753.99,0.05,1432.58
ORD001602,P0054,Fashion,1,37.85,0.0,37.85
ORD001602,P0082,Beauty,1,35.18,0.1,31.66
ORD001603,P0001,Electronics,1,592.51,0.0,592.51
ORD001603,P0047,Fashion,1,146.73,0.0,146.73
ORD001603,P0075,Sports,1,90.37,0.05,85.85
ORD001604,P0087,Beauty,2,61.99,0.0,123.98
ORD001604,P0016,Electronics,1,735.06,0.15,624.8
ORD001604,P0067,Sports,1,310.35,0.2,248.28
ORD001604,P0056,Fashion,1,160.14,0.0,160.14
ORD001605,P0115,Books & Media,2,16.19,0.05,30.76
ORD001606,P0114,Books & Media,2,34.15,0.2,54.64
ORD001606,P0001,Electronics,1,592.51,0.0,592.51
ORD001606,P0103,Books & Media,1,33.25,0.05,31.59
ORD001607,P0093,Beauty,1,54.29,0.15,46.15
ORD001607,P0074,Sports,2,200.27,0.0,400.54
ORD001608,P0103,Books & Media,3,33.25,0.0,99.75
ORD001608,P0014,Electronics,3,127.83,0.1,345.14
ORD001609,P0097,Beauty,1,37.48,0.1,33.73
ORD001610,P0048,Fashion,1,30.16,0.0,30.16
ORD001611,P0039,Home & Garden,3,229.92,0.0,689.76
ORD001612,P0014,Electronics,1,127.83,0.0,127.83
ORD001612,P0014,Electronics,2,127.83,0.0,255.66
ORD001613,P0019,Electronics,1,753.99,0.1,678.59
ORD001613,P0090,Beauty,1,56.59,0.05,53.76
ORD001614,P0066,Sports,1,124.94,0.2,99.95
ORD001614,P0011,Electronics,2,733.95,0.0,1467.9
ORD001614,P0097,Beauty,1,37.48,0.1,33.73
ORD001615,P0018,Electronics,2,370.75,0.0,741.5
ORD001616,P0104,Books & Media,1,28.85,0.1,25.97
ORD001616,P0071,Sports,1,179.47,0.0,179.47
ORD001616,P0098,Beauty,1,58.74,0.1,52.87
ORD001617,P0074,Sports,1,200.27,0.15,170.23
ORD001618,P0020,Electronics,1,781.45,0.0,781.45
ORD001619,P0003,Electronics,2,675.0,0.05,1282.5
ORD001620,P0071,Sports,1,179.47,0.15,152.55
ORD001621,P0047,Fashion,1,146.73,0.0,146.73
ORD001621,P0079,Sports,1,134.88,0.2,107.9
ORD001621,P0026,Home & Garden,1,101.99,0.1,91.79
ORD001622,P0094,Beauty,1,104.78,0.1,94.3
ORD001622,P0036,Home & Garden,3,64.58,0.0,193.74
ORD001623,P0039,Home & Garden,1,229.92,0.0,229.92
ORD001624,P0012,Electronics,3,338.21,0.0,1014.63
ORD001624,P0050,Fashion,1,175.37,0.0,175.37
ORD001624,P0034,Home & Garden,1,68.83,0.0,68.83
ORD001625,P0025,Home & Garden,1,164.39,0.0,164.39
ORD001625,P0039,Home & Garden,2,229.92,0.05,436.85
ORD001625,P0067,Sports,1,310.35,0.05,294.83
ORD001625,P0042,Fashion,1,113.53,0.0,113.53
ORD001626,P0042,Fashion,1,113.53,0.1,102.18
ORD001627,P0117,Books & Media,1,38.94,0.0,38.94
ORD001628,P0001,Electronics,1,592.51,0.1,533.26
ORD001628,P0098,Beauty,1,58.74,0.2,46.99
ORD001629,P0117,Books & Media,1,38.94,0.0,38.94
ORD001629,P0017,Electronics,1,504.79,0.1,454.31
ORD001630,P0105,Books & Media,1,27.71,0.05,26.32
ORD001630,P0100,Beauty,3,119.92,0.0,359.76
ORD001630,P0029,Home & Garden,1,55.22,0.0,55.22
ORD001631,P0023,Home & Garden,1,33.75,0.15,28.69
ORD001631,P0056,Fashion,1,160.14,0.05,152.13
ORD001632,P0059,Fashion,1,67.75,0.1,60.98
ORD001632,P0105,Books & Media,2,27.71,0.0,55.42
ORD001633,P0011,Electronics,2,733.95,0.0,1467.9
ORD001633,P0059,Fashion,1,67.75,0.0,67.75
ORD001633,P0008,Electronics,2,601.4,0.05,1142.66
ORD001633,P0092,Beauty,2,118.26,0.0,236.52
ORD001634,P0110,Books & Media,2,16.05,0.0,32.1
ORD001634,P0022,Home & Garden,1,68.56,0.0,68.56
ORD001634,P0120,Books & Media,2,38.91,0.0,77.82
ORD001634,P0064,Sports,1,31.33,0.05,29.76
ORD001635,P0096,Beauty,1,56.41,0.0,56.41
ORD001635,P0019,Electronics,1,753.99,0.15,640.89
ORD001636,P0119,Books & Media,1,54.29,0.0,54.29
ORD001637,P0077,Sports,1,167.38,0.1,150.64
ORD001637,P0023,Home & Garden,2,33.75,0.0,67.5
ORD001637,P0112,Books & Media,1,36.19,0.0,36.19
ORD001637,P0072,Sports,1,111.14,0.0,111.14
ORD001638,P0051,Fashion,1,21.84,0.1,19.66
ORD001639,P0087,Beauty,1,61.99,0.0,61.99
ORD001639,P0101,Books & Media,1,58.39,0.0,58.39
ORD001640,P0098,Beauty,1,58.74,0.0,58.74
ORD001640,P0062,Sports,2,278.05,0.0,556.1
ORD001641,P0014,Electronics,2,127.83,0.0,255.66
ORD001642,P0095,Beauty,1,30.92,0.1,27.83
ORD001642,P0006,Electronics,2,234.84,0.15,399.23
ORD001643,P0033,Home & Garden,2,213.07,0.0,426.14
ORD001644,P0092,Beauty,1,118.26,0.0,118.26
ORD001644,P0117,Books & Media,1,38.94,0.1,35.05
ORD001644,P0032,Home & Garden,1,145.88,0.15,124.0
ORD001645,P0033,Home & Garden,1,213.07,0.0,213.07
ORD001645,P0075,Sports,1,90.37,0.15,76.81
ORD001646,P0030,Home & Garden,2,53.4,0.0,106.8
ORD001647,P0108,Books & Media,1,57.78,0.05,54.89
ORD001648,P0072,Sports,1,111.14,0.0,111.14
ORD001648,P0072,Sports,1,111.14,0.15,94.47
ORD001648,P0105,Books & Media,1,27.71,0.0,27.71
ORD001648,P0002,Electronics,1,282.77,0.0,282.77
ORD001649,P0073,Sports,1,162.52,0.1,146.27
ORD001649,P0082,Beauty,1,35.18,0.0,35.18
ORD001650,P0092,Beauty,1,118.26,0.05,112.35
ORD001651,P0075,Sports,1,90.37,0.0,90.37
ORD001651,P0048,Fashion,1,30.16,0.0,30.16
ORD001652,P0014,Electronics,1,127.83,0.05,121.44
ORD001653,P0084,Beauty,1,36.18,0.0,36.18
ORD001654,P0102,Books & Media,3,52.13,0.2,125.11
ORD001655,P0046,Fashion,2,37.54,0.0,75.08
ORD001655,P0060,Fashion,1,117.44,0.05,111.57
ORD001656,P0038,Home & Garden,1,169.03,0.05,160.58
ORD001656,P0059,Fashion,1,67.75,0.0,67.75
ORD001656,P0058,Fashion,1,166.02,0.15,141.12
ORD001657,P0105,Books & Media,1,27.71,0.15,23.55
ORD001658,P0008,Electronics,1,601.4,0.0,601.4
ORD001659,P0014,Electronics,1,127.83,0.2,102.26
ORD001659,P0095,Beauty,1,30.92,0.05,29.37
ORD001659,P0050,Fashion,1,175.37,0.05,166.6
ORD001660,P0106,Books & Media,2,21.79,0.15,37.04
ORD001661,P0074,Sports,1,200.27,0.0,200.27
ORD001661,P0031,Home & Garden,1,247.54,0.0,247.54
ORD001661,P0035,Home & Garden,1,89.13,0.1,80.22
ORD001662,P0009,Electronics,2,236.37,0.1,425.47
ORD001663,P0072,Sports,1,111.14,0.1,100.03
ORD001664,P0023,Home & Garden,1,33.75,0.0,33.75
ORD001664,P0091,Beauty,2,90.2,0.0,180.4
ORD001664,P0058,Fashion,2,166.02,0.0,332.04
ORD001664,P0101,Books & Media,1,58.39,0.0,58.39
ORD001665,P0115,Books & Media,2,16.19,0.0,32.38
ORD001665,P0041,Fashion,1,109.82,0.0,109.82
ORD001666,P0096,Beauty,1,56.41,0.0,56.41
ORD001667,P0008,Electronics,1,601.4,0.0,601.4
ORD001667,P0054,Fashion,1,37.85,0.0,37.85
ORD001667,P0027,Home & Garden,1,77.74,0.0,77.74
ORD001668,P0057,Fashion,1,100.09,0.05,95.09
ORD001668,P0029,Home & Garden,1,55.22,0.0,55.22
ORD001668,P0025,Home & Garden,1,164.39,0.05,156.17
ORD001668,P0009,Electronics,1,236.37,0.1,212.73
ORD001668,P0054,Fashion,1,37.85,0.0,37.85
ORD001669,P0043,Fashion,3,83.9,0.0,251.7
ORD001670,P0019,Electronics,2,753.99,0.0,1507.98
ORD001670,P0042,Fashion,1,113.53,0.0,113.53
ORD001671,P0028,Home & Garden,1,167.29,0.0,167.29
ORD001671,P0007,Electronics,1,71.56,0.0,71.56
ORD001672,P0068,Sports,1,52.84,0.0,52.84
ORD001673,P0028,Home & Garden,3,167.29,0.15,426.59
ORD001673,P0104,Books & Media,1,28.85,0.15,24.52
ORD001674,P0098,Beauty,1,58.74,0.0,58.74
ORD001674,P0046,Fashion,1,37.54,0.0,37.54
ORD001675,P0107,Books & Media,1,31.66,0.05,30.08
ORD001675,P0060,Fashion,1,117.44,0.0,117.44
ORD001675,P0028,Home & Garden,3,167.29,0.05,476.78
ORD001676,P0106,Books & Media,1,21.79,0.2,17.43
ORD001677,P0099,Beauty,1,70.54,0.2,56.43
ORD001677,P0090,Beauty,1,56.59,0.0,56.59
ORD001677,P0097,Beauty,1,37.48,0.1,33.73
ORD001678,P0051,Fashion,1,21.84,0.0,21.84
ORD001679,P0075,Sports,1,90.37,0.0,90.37
ORD001680,P0048,Fashion,1,30.16,0.1,27.14
ORD001681,P0106,Books & Media,1,21.79,0.0,21.79
ORD001682,P0082,Beauty,2,35.18,0.05,66.84
ORD001682,P0074,Sports,1,200.27,0.0,200.27
ORD001683,P0066,Sports,1,124.94,0.0,124.94
ORD001684,P0001,Electronics,1,592.51,0.0,592.51
ORD001684,P0097,Beauty,1,37.48,0.0,37.48
ORD001684,P0058,Fashion,1,166.02,0.0,166.02
ORD001684,P0070,Sports,1,273.9,0.0,273.9
ORD001685,P0086,Beauty,2,112.91,0.05,214.53
ORD001685,P0058,Fashion,1,166.02,0.05,157.72
ORD001686,P0053,Fashion,2,62.69,0.0,125.38
ORD001687,P0068,Sports,1,52.84,0.0,52.84
ORD001687,P0072,Sports,1,111.14,0.0,111.14
ORD001687,P0003,Electronics,1,675.0,0.05,641.25
ORD001688,P0093,Beauty,1,54.29,0.2,43.43
ORD001688,P0006,Electronics,1,234.84,0.15,199.61
ORD001688,P0070,Sports,1,273.9,0.05,260.2
ORD001688,P0050,Fashion,1,175.37,0.05,166.6
ORD001689,P0018,Electronics,2,370.75,0.1,667.35
ORD001690,P0056,Fashion,2,160.14,0.2,256.22
ORD001690,P0005,Electronics,1,407.63,0.0,407.63
ORD001691,P0011,Electronics,1,733.95,0.0,733.95
ORD001691,P0067,Sports,1,310.35,0.0,310.35
ORD001692,P0104,Books & Media,1,28.85,0.1,25.97
ORD001693,P0021,Home & Garden,1,180.57,0.0,180.57
ORD001694,P0068,Sports,3,52.84,0.0,158.52
ORD001695,P0055,Fashion,1,92.6,0.1,83.34
ORD001695,P0094,Beauty,3,104.78,0.05,298.62
ORD001695,P0002,Electronics,1,282.77,0.0,282.77
ORD001695,P0095,Beauty,1,30.92,0.1,27.83
ORD001696,P0017,Electronics,1,504.79,0.1,454.31
ORD001696,P0003,Electronics,1,675.0,0.05,641.25
ORD001696,P0022,Home & Garden,1,68.56,0.0,68.56
ORD001696,P0025,Home & Garden,1,164.39,0.0,164.39
ORD001696,P0110,Books & Media,1,16.05,0.0,16.05
ORD001697,P0036,Home & Garden,1,64.58,0.05,61.35
ORD001697,P0041,Fashion,1,109.82,0.05,104.33
ORD001698,P0110,Books & Media,1,16.05,0.1,14.44
ORD001698,P0055,Fashion,1,92.6,0.05,87.97
ORD001699,P0005,Electronics,1,407.63,0.0,407.63
ORD001699,P0104,Books & Media,1,28.85,0.05,27.41
ORD001700,P0088,Beauty,1,98.82,0.0,98.82
ORD001700,P0072,Sports,2,111.14,0.1,200.05
ORD001700,P0050,Fashion,2,175.37,0.0,350.74
ORD001700,P0033,Home & Garden,1,213.07,0.05,202.42
ORD001701,P0072,Sports,1,111.14,0.0,111.14
ORD001702,P0022,Home & Garden,2,68.56,0.0,137.12
ORD001703,P0093,Beauty,1,54.29,0.0,54.29
ORD001703,P0003,Electronics,1,675.0,0.0,675.0
ORD001704,P0079,Sports,3,134.88,0.15,343.94
ORD001704,P0001,Electronics,2,592.51,0.05,1125.77
ORD001704,P0110,Books & Media,2,16.05,0.05,30.5
ORD001704,P0068,Sports,2,52.84,0.0,105.68
ORD001705,P0045,Fashion,1,34.55,0.0,34.55
ORD001705,P0001,Electronics,1,592.51,0.05,562.88
ORD001706,P0061,Sports,1,272.82,0.05,259.18
ORD001706,P0086,Beauty,1,112.91,0.15,95.97
ORD001707,P0019,Electronics,3,753.99,0.0,2261.97
ORD001708,P0018,Electronics,1,370.75,0.0,370.75
ORD001708,P0019,Electronics,1,753.99,0.15,640.89
ORD001709,P0114,Books & Media,1,34.15,0.1,30.74
ORD001709,P0107,Books & Media,1,31.66,0.0,31.66
ORD001710,P0038,Home & Garden,3,169.03,0.0,507.09
ORD001711,P0049,Fashion,2,179.38,0.0,358.76
ORD001711,P0088,Beauty,2,98.82,0.0,197.64
ORD001711,P0009,Electronics,1,236.37,0.0,236.37
ORD001712,P0048,Fashion,1,30.16,0.0,30.16
ORD001713,P0046,Fashion,2,37.54,0.05,71.33
ORD001713,P0068,Sports,1,52.84,0.0,52.84
ORD001713,P0032,Home & Garden,1,145.88,0.05,138.59
ORD001714,P0076,Sports,1,348.42,0.0,348.42
ORD001715,P0017,Electronics,2,504.79,0.15,858.14
ORD001716,P0003,Electronics,2,675.0,0.0,1350.0
ORD001716,P0118,Books & Media,1,20.23,0.05,19.22
ORD001717,P0050,Fashion,3,175.37,0.1,473.5
ORD001718,P0009,Electronics,1,236.37,0.0,236.37
ORD001719,P0020,Electronics,1,781.45,0.0,781.45
ORD001720,P0015,Electronics,1,769.37,0.0,769.37
ORD001721,P0023,Home & Garden,1,33.75,0.0,33.75
ORD001722,P0069,Sports,1,47.49,0.0,47.49
ORD001722,P0034,Home & Garden,2,68.83,0.0,137.66
ORD001722,P0078,Sports,1,64.33,0.0,64.33
ORD001722,P0084,Beauty,1,36.18,0.05,34.37
ORD001722,P0028,Home & Garden,3,167.29,0.0,501.87
ORD001723,P0029,Home & Garden,1,55.22,0.0,55.22
ORD001724,P0043,Fashion,1,83.9,0.0,83.9
ORD001724,P0003,Electronics,1,675.0,0.0,675.0
ORD001724,P0063,Sports,1,25.19,0.05,23.93
ORD001725,P0026,Home & Garden,2,101.99,0.0,203.98
ORD001726,P0088,Beauty,1,98.82,0.0,98.82
ORD001726,P0037,Home & Garden,1,220.95,0.05,209.9
ORD001726,P0004,Electronics,3,807.35,0.0,2422.05
ORD001726,P0078,Sports,1,64.33,0.0,64.33
ORD001727,P0021,Home & Garden,1,180.57,0.0,180.57
ORD001727,P0045,Fashion,2,34.55,0.05,65.64
ORD001727,P0086,Beauty,1,112.91,0.0,112.91
ORD001728,P0049,Fashion,2,179.38,0.15,304.95
ORD001728,P0022,Home & Garden,1,68.56,0.1,61.7
ORD001728,P0019,Electronics,1,753.99,0.0,753.99
ORD001729,P0035,Home & Garden,1,89.13,0.1,80.22
ORD001729,P0044,Fashion,2,179.61,0.0,359.22
ORD001729,P0012,Electronics,2,338.21,0.05,642.6
ORD001729,P0048,Fashion,1,30.16,0.0,30.16
ORD001730,P0053,Fashion,1,62.69,0.0,62.69
ORD001731,P0025,Home & Garden,1,164.39,0.05,156.17
ORD001731,P0030,Home & Garden,1,53.4,0.05,50.73
ORD001731,P0008,Electronics,1,601.4,0.05,571.33
ORD001732,P0048,Fashion,1,30.16,0.0,30.16
ORD001732,P0094,Beauty,3,104.78,0.1,282.91
ORD001733,P0036,Home & Garden,1,64.58,0.0,64.58
ORD001734,P0069,Sports,1,47.49,0.2,37.99
ORD001735,P0019,Electronics,1,753.99,0.0,753.99
ORD001736,P0106,Books & Media,2,21.79,0.15,37.04
ORD001736,P0101,Books & Media,1,58.39,0.0,58.39
ORD001736,P0008,Electronics,1,601.4,0.15,511.19
ORD001737,P0001,Electronics,1,592.51,0.0,592.51
ORD001737,P0038,Home & Garden,1,169.03,0.0,169.03
ORD001738,P0108,Books & Media,1,57.78,0.15,49.11
ORD001739,P0001,Electronics,1,592.51,0.1,533.26
ORD001740,P0115,Books & Media,2,16.19,0.05,30.76
ORD001741,P0105,Books & Media,2,27.71,0.0,55.42
ORD001742,P0064,Sports,1,31.33,0.05,29.76
ORD001742,P0013,Electronics,1,862.63,0.1,776.37
ORD001742,P0044,Fashion,1,179.61,0.0,179.61
ORD001742,P0094,Beauty,1,104.78,0.0,104.78
ORD001743,P0022,Home & Garden,1,68.56,0.0,68.56
ORD001744,P0019,Electronics,2,753.99,0.1,1357.18
ORD001745,P0070,Sports,1,273.9,0.0,273.9
ORD001746,P0098,Beauty,1,58.74,0.15,49.93
ORD001746,P0086,Beauty,1,112.91,0.15,95.97
ORD001747,P0038,Home & Garden,1,169.03,0.0,169.03
ORD001748,P0106,Books & Media,1,21.79,0.0,21.79
ORD001749,P0052,Fashion,1,129.07,0.1,116.16
ORD001750,P0013,Electronics,1,862.63,0.05,819.5
ORD001751,P0115,Books & Media,2,16.19,0.1,29.14
ORD001751,P0022,Home & Garden,2,68.56,0.0,137.12
ORD001752,P0063,Sports,2,25.19,0.0,50.38
ORD001753,P0011,Electronics,1,733.95,0.0,733.95
ORD001754,P0047,Fashion,1,146.73,0.0,146.73
ORD001754,P0104,Books & Media,1,28.85,0.1,25.97
ORD001754,P0016,Electronics,1,735.06,0.0,735.06
ORD001754,P0025,Home & Garden,1,164.39,0.0,164.39
ORD001755,P0090,Beauty,2,56.59,0.0,113.18
ORD001755,P0093,Beauty,1,54.29,0.1,48.86
ORD001755,P0058,Fashion,2,166.02,0.1,298.84
ORD001755,P0091,Beauty,2,90.2,0.05,171.38
ORD001756,P0015,Electronics,2,769.37,0.0,1538.74
ORD001757,P0055,Fashion,1,92.6,0.0,92.6
ORD001758,P0038,Home & Garden,1,169.03,0.0,169.03
ORD001759,P0008,Electronics,1,601.4,0.0,601.4
ORD001760,P0053,Fashion,1,62.69,0.0,62.69
ORD001761,P0115,Books & Media,2,16.19,0.05,30.76
ORD001761,P0005,Electronics,1,407.63,0.1,366.87
ORD001761,P0012,Electronics,2,338.21,0.0,676.42
ORD001761,P0048,Fashion,1,30.16,0.2,24.13
ORD001761,P0022,Home & Garden,2,68.56,0.05,130.26
ORD001762,P0098,Beauty,1,58.74,0.05,55.8
ORD001763,P0073,Sports,3,162.52,0.0,487.56
ORD001763,P0015,Electronics,3,769.37,0.15,1961.89
ORD001763,P0046,Fashion,1,37.54,0.0,37.54
ORD001764,P0028,Home & Garden,1,167.29,0.05,158.93
ORD001765,P0093,Beauty,1,54.29,0.1,48.86
ORD001765,P0066,Sports,2,124.94,0.0,249.88
ORD001766,P0032,Home & Garden,1,145.88,0.05,138.59
ORD001767,P0063,Sports,3,25.19,0.0,75.57
ORD001768,P0006,Electronics,1,234.84,0.1,211.36
ORD001768,P0028,Home & Garden,1,167.29,0.0,167.29
ORD001769,P0043,Fashion,2,83.9,0.0,167.8
ORD001769,P0011,Electronics,1,733.95,0.2,587.16
ORD001769,P0105,Books & Media,2,27.71,0.0,55.42
ORD001770,P0093,Beauty,1,54.29,0.05,51.58
ORD001770,P0106,Books & Media,1,21.79,0.1,19.61
ORD001771,P0011,Electronics,1,733.95,0.0,733.95
ORD001771,P0037,Home & Garden,3,220.95,0.05,629.71
ORD001772,P0078,Sports,1,64.33,0.0,64.33
ORD001773,P0019,Electronics,1,753.99,0.15,640.89
ORD001773,P0029,Home & Garden,3,55.22,0.15,140.81
ORD001773,P0114,Books & Media,2,34.15,0.0,68.3
ORD001774,P0046,Fashion,1,37.54,0.1,33.79
ORD001774,P0045,Fashion,1,34.55,0.05,32.82
ORD001774,P0060,Fashion,1,117.44,0.15,99.82
ORD001775,P0100,Beauty,1,119.92,0.05,113.92
ORD001775,P0108,Books & Media,1,57.78,0.15,49.11
ORD001775,P0072,Sports,1,111.14,0.05,105.58
ORD001775,P0017,Electronics,1,504.79,0.05,479.55
ORD001776,P0054,Fashion,1,37.85,0.15,32.17
ORD001776,P0018,Electronics,1,370.75,0.0,370.75
ORD001776,P0069,Sports,1,47.49,0.0,47.49
ORD001777,P0113,Books & Media,1,10.97,0.0,10.97
ORD001777,P0036,Home & Garden,1,64.58,0.15,54.89
ORD001778,P0102,Books & Media,2,52.13,0.2,83.41
ORD001779,P0072,Sports,1,111.14,0.15,94.47
ORD001780,P0051,Fashion,1,21.84,0.15,18.56
ORD001780,P0023,Home & Garden,1,33.75,0.0,33.75
ORD001780,P0073,Sports,1,162.52,0.1,146.27
ORD001780,P0016,Electronics,2,735.06,0.05,1396.61
ORD001781,P0075,Sports,1,90.37,0.0,90.37
ORD001782,P0112,Books & Media,1,36.19,0.0,36.19
ORD001783,P0117,Books & Media,1,38.94,0.1,35.05
ORD001784,P0015,Electronics,1,769.37,0.0,769.37
ORD001785,P0033,Home & Garden,1,213.07,0.1,191.76
ORD001785,P0065,Sports,1,310.58,0.1,279.52
ORD001786,P0099,Beauty,1,70.54,0.0,70.54
ORD001787,P0061,Sports,1,272.82,0.1,245.54
ORD001788,P0009,Electronics,1,236.37,0.2,189.1
ORD001788,P0054,Fashion,2,37.85,0.0,75.7
ORD001788,P0066,Sports,1,124.94,0.0,124.94
ORD001789,P0010,Electronics,1,737.02,0.1,663.32
ORD001789,P0043,Fashion,1,83.9,0.0,83.9
ORD001790,P0101,Books & Media,1,58.39,0.0,58.39
ORD001791,P0077,Sports,1,167.38,0.2,133.9
ORD001791,P0061,Sports,1,272.82,0.0,272.82
ORD001792,P0065,Sports,3,310.58,0.0,931.74
ORD001793,P0085,Beauty,1,33.57,0.0,33.57
ORD001793,P0070,Sports,1,273.9,0.1,246.51
ORD001793,P0006,Electronics,1,234.84,0.1,211.36
ORD001794,P0064,Sports,2,31.33,0.2,50.13
ORD001794,P0049,Fashion,1,179.38,0.0,179.38
ORD001794,P0011,Electronics,1,733.95,0.0,733.95
ORD001795,P0056,Fashion,1,160.14,0.0,160.14
ORD001796,P0043,Fashion,2,83.9,0.0,167.8
ORD001796,P0040,Home & Garden,2,77.25,0.1,139.05
ORD001797,P0005,Electronics,1,407.63,0.0,407.63
ORD001797,P0103,Books & Media,1,33.25,0.0,33.25
ORD001797,P0104,Books & Media,2,28.85,0.15,49.04
ORD001798,P0010,Electronics,1,737.02,0.2,589.62
ORD001799,P0056,Fashion,1,160.14,0.0,160.14
ORD001800,P0080,Sports,1,99.79,0.1,89.81
ORD001800,P0046,Fashion,1,37.54,0.0,37.54
ORD001800,P0057,Fashion,2,100.09,0.0,200.18
ORD001800,P0107,Books & Media,1,31.66,0.0,31.66
ORD001801,P0062,Sports,1,278.05,0.1,250.24
ORD001802,P0020,Electronics,1,781.45,0.05,742.38
ORD001802,P0021,Home & Garden,2,180.57,0.0,361.14
ORD001803,P0021,Home & Garden,1,180.57,0.0,180.57
ORD001803,P0066,Sports,1,124.94,0.0,124.94
ORD001803,P0097,Beauty,1,37.48,0.0,37.48
ORD001804,P0107,Books & Media,2,31.66,0.15,53.82
ORD001805,P0088,Beauty,1,98.82,0.0,98.82
ORD001806,P0109,Books & Media,1,36.9,0.1,33.21
ORD001806,P0045,Fashion,1,34.55,0.0,34.55
ORD001806,P0047,Fashion,1,146.73,0.0,146.73
ORD001806,P0120,Books & Media,1,38.91,0.05,36.96
ORD001806,P0033,Home & Garden,2,213.07,0.05,404.83
ORD001807,P0057,Fashion,1,100.09,0.0,100.09
ORD001807,P0003,Electronics,1,675.0,0.15,573.75
ORD001808,P0016,Electronics,1,735.06,0.15,624.8
ORD001809,P0012,Electronics,1,338.21,0.1,304.39
ORD001809,P0026,Home & Garden,1,101.99,0.0,101.99
ORD001809,P0066,Sports,1,124.94,0.1,112.45
ORD001810,P0112,Books & Media,1,36.19,0.2,28.95
ORD001810,P0038,Home & Garden,1,169.03,0.0,169.03
ORD001811,P0090,Beauty,1,56.59,0.2,45.27
ORD001811,P0008,Electronics,1,601.4,0.0,601.4
ORD001811,P0016,Electronics,1,735.06,0.05,698.31
ORD001812,P0008,Electronics,2,601.4,0.05,1142.66
ORD001813,P0010,Electronics,1,737.02,0.0,737.02
ORD001814,P0044,Fashion,1,179.61,0.0,179.61
ORD001815,P0106,Books & Media,2,21.79,0.05,41.4
ORD001815,P0087,Beauty,1,61.99,0.1,55.79
ORD001816,P0057,Fashion,1,100.09,0.0,100.09
ORD001817,P0019,Electronics,1,753.99,0.0,753.99
ORD001818,P0006,Electronics,2,234.84,0.0,469.68
ORD001818,P0028,Home & Garden,1,167.29,0.0,167.29
ORD001819,P0097,Beauty,1,37.48,0.0,37.48
ORD001820,P0111,Books & Media,1,58.37,0.1,52.53
ORD001820,P0055,Fashion,1,92.6,0.0,92.6
ORD001821,P0087,Beauty,1,61.99,0.0,61.99
ORD001821,P0011,Electronics,1,733.95,0.1,660.56
ORD001821,P0011,Electronics,1,733.95,0.0,733.95
ORD001821,P0080,Sports,1,99.79,0.0,99.79
ORD001822,P0041,Fashion,1,109.82,0.0,109.82
ORD001822,P0049,Fashion,1,179.38,0.1,161.44
ORD001822,P0001,Electronics,1,592.51,0.2,474.01
ORD001822,P0004,Electronics,1,807.35,0.15,686.25
ORD001822,P0059,Fashion,1,67.75,0.1,60.98
ORD001823,P0042,Fashion,2,113.53,0.0,227.06
ORD001823,P0021,Home & Garden,2,180.57,0.0,361.14
ORD001823,P0067,Sports,1,310.35,0.0,310.35
ORD001824,P0053,Fashion,1,62.69,0.05,59.56
ORD001825,P0037,Home & Garden,2,220.95,0.0,441.9
ORD001825,P0077,Sports,1,167.38,0.15,142.27
ORD001826,P0001,Electronics,1,592.51,0.2,474.01
ORD001826,P0061,Sports,1,272.82,0.1,245.54
ORD001827,P0043,Fashion,1,83.9,0.1,75.51
ORD001828,P0100,Beauty,1,119.92,0.05,113.92
ORD001828,P0097,Beauty,2,37.48,0.0,74.96
ORD001828,P0015,Electronics,1,769.37,0.0,769.37
ORD001829,P0106,Books & Media,2,21.79,0.15,37.04
ORD001830,P0118,Books & Media,1,20.23,0.0,20.23
ORD001831,P0005,Electronics,2,407.63,0.0,815.26
ORD001832,P0049,Fashion,2,179.38,0.0,358.76
ORD001833,P0038,Home & Garden,1,169.03,0.0,169.03
ORD001834,P0046,Fashion,1,37.54,0.0,37.54
ORD001835,P0078,Sports,2,64.33,0.05,122.23
ORD001835,P0034,Home & Garden,1,68.83,0.0,68.83
ORD001835,P0013,Electronics,1,862.63,0.0,862.63
ORD001836,P0028,Home & Garden,1,167.29,0.05,158.93
ORD001837,P0088,Beauty,1,98.82,0.0,98.82
ORD001838,P0077,Sports,1,167.38,0.0,167.38
ORD001838,P0093,Beauty,1,54.29,0.0,54.29
ORD001838,P0002,Electronics,1,282.77,0.0,282.77
ORD001839,P0063,Sports,1,25.19,0.0,25.19
ORD001839,P0114,Books & Media,1,34.15,0.0,34.15
ORD001839,P0006,Electronics,1,234.84,0.0,234.84
ORD001839,P0037,Home & Garden,1,220.95,0.15,187.81
ORD001840,P0009,Electronics,1,236.37,0.0,236.37
ORD001841,P0090,Beauty,1,56.59,0.0,56.59
ORD001841,P0067,Sports,1,310.35,0.0,310.35
ORD001842,P0086,Beauty,1,112.91,0.0,112.91
ORD001842,P0099,Beauty,1,70.54,0.0,70.54
ORD001843,P0092,Beauty,1,118.26,0.1,106.43
ORD001843,P0054,Fashion,1,37.85,0.0,37.85
ORD001844,P0075,Sports,1,90.37,0.05,85.85
ORD001845,P0045,Fashion,1,34.55,0.0,34.55
ORD001845,P0017,Electronics,1,504.79,0.0,504.79
ORD001845,P0089,Beauty,1,20.66,0.0,20.66
ORD001846,P0090,Beauty,1,56.59,0.0,56.59
ORD001847,P0040,Home & Garden,2,77.25,0.15,131.32
ORD001847,P0007,Electronics,3,71.56,0.1,193.21
ORD001848,P0018,Electronics,1,370.75,0.0,370.75
ORD001848,P0027,Home & Garden,1,77.74,0.05,73.85
ORD001848,P0006,Electronics,1,234.84,0.1,211.36
ORD001849,P0010,Electronics,2,737.02,0.15,1252.93
ORD001850,P0013,Electronics,1,862.63,0.0,862.63
ORD001850,P0019,Electronics,1,753.99,0.05,716.29
ORD001851,P0038,Home & Garden,1,169.03,0.05,160.58
ORD001851,P0072,Sports,1,111.14,0.0,111.14
ORD001852,P0096,Beauty,1,56.41,0.05,53.59
ORD001852,P0098,Beauty,1,58.74,0.0,58.74
ORD001852,P0036,Home & Garden,1,64.58,0.0,64.58
ORD001853,P0010,Electronics,1,737.02,0.0,737.02
ORD001854,P0057,Fashion,2,100.09,0.0,200.18
ORD001854,P0013,Electronics,1,862.63,0.05,819.5
ORD001855,P0020,Electronics,1,781.45,0.0,781.45
ORD001855,P0087,Beauty,1,61.99,0.0,61.99
ORD001856,P0036,Home & Garden,3,64.58,0.0,193.74
ORD001856,P0018,Electronics,1,370.75,0.1,333.68
ORD001856,P0076,Sports,2,348.42,0.0,696.84
ORD001857,P0033,Home & Garden,1,213.07,0.1,191.76
ORD001857,P0086,Beauty,1,112.91,0.05,107.26
ORD001857,P0011,Electronics,1,733.95,0.0,733.95
ORD001858,P0053,Fashion,1,62.69,0.0,62.69
ORD001858,P0057,Fashion,2,100.09,0.2,160.14
ORD001859,P0055,Fashion,2,92.6,0.0,185.2
ORD001860,P0001,Electronics,1,592.51,0.2,474.01
ORD001861,P0109,Books & Media,1,36.9,0.0,36.9
ORD001861,P0059,Fashion,1,67.75,0.05,64.36
ORD001861,P0097,Beauty,3,37.48,0.05,106.82
ORD001862,P0102,Books & Media,1,52.13,0.0,52.13
ORD001862,P0056,Fashion,1,160.14,0.1,144.13
ORD001862,P0104,Books & Media,1,28.85,0.0,28.85
ORD001862,P0020,Electronics,2,781.45,0.1,1406.61
ORD001862,P0020,Electronics,1,781.45,0.0,781.45
ORD001863,P0041,Fashion,1,109.82,0.05,104.33
ORD001863,P0072,Sports,1,111.14,0.2,88.91
ORD001864,P0025,Home & Garden,1,164.39,0.1,147.95
ORD001865,P0046,Fashion,3,37.54,0.0,112.62
ORD001866,P0026,Home & Garden,1,101.99,0.2,81.59
ORD001866,P0047,Fashion,2,146.73,0.05,278.79
ORD001866,P0008,Electronics,2,601.4,0.0,1202.8
ORD001867,P0090,Beauty,2,56.59,0.0,113.18
ORD001867,P0046,Fashion,1,37.54,0.1,33.79
ORD001868,P0054,Fashion,1,37.85,0.0,37.85
ORD001869,P0055,Fashion,1,92.6,0.1,83.34
ORD001869,P0017,Electronics,1,504.79,0.0,504.79
ORD001870,P0118,Books & Media,1,20.23,0.0,20.23
ORD001871,P0001,Electronics,1,592.51,0.0,592.51
ORD001871,P0089,Beauty,1,20.66,0.0,20.66
ORD001872,P0102,Books & Media,2,52.13,0.0,104.26
ORD001873,P0019,Electronics,1,753.99,0.15,640.89
ORD001873,P0045,Fashion,1,34.55,0.0,34.55
ORD001874,P0034,Home & Garden,1,68.83,0.0,68.83
ORD001875,P0045,Fashion,1,34.55,0.0,34.55
ORD001876,P0105,Books & Media,1,27.71,0.1,24.94
ORD001877,P0082,Beauty,1,35.18,0.1,31.66
ORD001878,P0070,Sports,1,273.9,0.05,260.2
ORD001879,P0106,Books & Media,1,21.79,0.0,21.79
ORD001879,P0058,Fashion,1,166.02,0.0,166.02
ORD001880,P0046,Fashion,1,37.54,0.05,35.66
ORD001880,P0010,Electronics,3,737.02,0.05,2100.51
ORD001880,P0036,Home & Garden,1,64.58,0.0,64.58
ORD001880,P0096,Beauty,2,56.41,0.0,112.82
ORD001881,P0104,Books & Media,3,28.85,0.0,86.55
ORD001881,P0016,Electronics,3,735.06,0.0,2205.18
ORD001882,P0072,Sports,1,111.14,0.1,100.03
ORD001883,P0115,Books & Media,1,16.19,0.0,16.19
ORD001883,P0035,Home & Garden,1,89.13,0.0,89.13
ORD001884,P0027,Home & Garden,1,77.74,0.15,66.08
ORD001884,P0085,Beauty,1,33.57,0.0,33.57
ORD001885,P0025,Home & Garden,1,164.39,0.0,164.39
ORD001885,P0079,Sports,1,134.88,0.0,134.88
ORD001885,P0075,Sports,3,90.37,0.0,271.11
ORD001886,P0070,Sports,2,273.9,0.1,493.02
ORD001887,P0004,Electronics,1,807.35,0.05,766.98
ORD001887,P0022,Home & Garden,1,68.56,0.1,61.7
ORD001887,P0080,Sports,1,99.79,0.15,84.82
ORD001887,P0017,Electronics,1,504.79,0.0,504.79
ORD001887,P0078,Sports,2,64.33,0.15,109.36
ORD001888,P0104,Books & Media,3,28.85,0.0,86.55
ORD001888,P0060,Fashion,2,117.44,0.0,234.88
ORD001888,P0048,Fashion,1,30.16,0.0,30.16
ORD001889,P0006,Electronics,1,234.84,0.1,211.36
ORD001889,P0104,Books & Media,1,28.85,0.15,24.52
ORD001890,P0104,Books & Media,3,28.85,0.0,86.55
ORD001890,P0099,Beauty,2,70.54,0.05,134.03
ORD001891,P0114,Books & Media,1,34.15,0.05,32.44
ORD001891,P0087,Beauty,2,61.99,0.0,123.98
ORD001891,P0087,Beauty,1,61.99,0.0,61.99
ORD001891,P0001,Electronics,2,592.51,0.0,1185.02
ORD001892,P0067,Sports,1,310.35,0.0,310.35
ORD001892,P0036,Home & Garden,1,64.58,0.05,61.35
ORD001893,P0032,Home & Garden,2,145.88,0.15,248.0
ORD001893,P0103,Books & Media,2,33.25,0.0,66.5
ORD001893,P0023,Home & Garden,1,33.75,0.1,30.38
ORD001894,P0036,Home & Garden,2,64.58,0.0,129.16
ORD001894,P0119,Books & Media,1,54.29,0.0,54.29
ORD001894,P0050,Fashion,1,175.37,0.0,175.37
ORD001895,P0113,Books & Media,3,10.97,0.15,27.97
ORD001896,P0001,Electronics,2,592.51,0.0,1185.02
ORD001897,P0019,Electronics,1,753.99,0.1,678.59
ORD001897,P0098,Beauty,1,58.74,0.0,58.74
ORD001898,P0109,Books & Media,1,36.9,0.0,36.9
ORD001898,P0086,Beauty,1,112.91,0.05,107.26
ORD001899,P0024,Home & Garden,1,38.74,0.05,36.8
ORD001899,P0071,Sports,1,179.47,0.1,161.52
ORD001900,P0043,Fashion,1,83.9,0.05,79.7
ORD001900,P0031,Home & Garden,1,247.54,0.1,222.79
ORD001900,P0021,Home & Garden,1,180.57,0.0,180.57
ORD001901,P0106,Books & Media,3,21.79,0.1,58.83
ORD001902,P0052,Fashion,1,129.07,0.15,109.71
ORD001903,P0075,Sports,1,90.37,0.15,76.81
ORD001903,P0005,Electronics,2,407.63,0.0,815.26
ORD001904,P0042,Fashion,1,113.53,0.0,113.53
ORD001904,P0048,Fashion,1,30.16,0.15,25.64
ORD001904,P0096,Beauty,1,56.41,0.15,47.95
ORD001904,P0060,Fashion,1,117.44,0.05,111.57
ORD001905,P0089,Beauty,1,20.66,0.0,20.66
ORD001906,P0004,Electronics,1,807.35,0.1,726.62
ORD001906,P0029,Home & Garden,1,55.22,0.0,55.22
ORD001906,P0033,Home & Garden,1,213.07,0.0,213.07
ORD001906,P0086,Beauty,1,112.91,0.0,112.91
ORD001907,P0043,Fashion,2,83.9,0.0,167.8
ORD001907,P0015,Electronics,1,769.37,0.1,692.43
ORD001908,P0118,Books & Media,2,20.23,0.1,36.41
ORD001908,P0079,Sports,1,134.88,0.05,128.14
ORD001909,P0055,Fashion,1,92.6,0.0,92.6
ORD001909,P0105,Books & Media,1,27.71,0.05,26.32
ORD001909,P0083,Beauty,1,104.56,0.2,83.65
ORD001909,P0077,Sports,1,167.38,0.0,167.38
ORD001910,P0053,Fashion,2,62.69,0.15,106.57
ORD001911,P0054,Fashion,1,37.85,0.0,37.85
ORD001911,P0066,Sports,1,124.94,0.2,99.95
ORD001911,P0002,Electronics,1,282.77,0.05,268.63
ORD001911,P0077,Sports,1,167.38,0.0,167.38
ORD001911,P0029,Home & Garden,1,55.22,0.0,55.22
ORD001912,P0049,Fashion,1,179.38,0.0,179.38
ORD001912,P0072,Sports,1,111.14,0.05,105.58
ORD001912,P0056,Fashion,1,160.14,0.1,144.13
ORD001913,P0010,Electronics,2,737.02,0.0,1474.04
ORD001914,P0045,Fashion,2,34.55,0.1,62.19
ORD001914,P0007,Electronics,2,71.56,0.05,135.96
ORD001915,P0014,Electronics,1,127.83,0.0,127.83
ORD001915,P0075,Sports,1,90.37,0.15,76.81
ORD001916,P0064,Sports,1,31.33,0.0,31.33
ORD001917,P0060,Fashion,1,117.44,0.0,117.44
ORD001918,P0084,Beauty,1,36.18,0.1,32.56
ORD001919,P0045,Fashion,1,34.55,0.0,34.55
ORD001919,P0051,Fashion,1,21.84,0.05,20.75
ORD001920,P0079,Sports,1,134.88,0.0,134.88
ORD001921,P0089,Beauty,2,20.66,0.0,41.32
ORD001921,P0007,Electronics,1,71.56,0.05,67.98
ORD001922,P0088,Beauty,1,98.82,0.0,98.82
ORD001922,P0059,Fashion,2,67.75,0.0,135.5
ORD001922,P0071,Sports,1,179.47,0.05,170.5
ORD001922,P0107,Books & Media,1,31.66,0.05,30.08
ORD001923,P0036,Home & Garden,1,64.58,0.15,54.89
ORD001923,P0049,Fashion,1,179.38,0.05,170.41
ORD001924,P0066,Sports,1,124.94,0.05,118.69
ORD001924,P0075,Sports,1,90.37,0.1,81.33
ORD001925,P0083,Beauty,1,104.56,0.0,104.56
ORD001926,P0030,Home & Garden,1,53.4,0.05,50.73
ORD001927,P0012,Electronics,1,338.21,0.15,287.48
ORD001928,P0087,Beauty,1,61.99,0.1,55.79
ORD001929,P0110,Books & Media,1,16.05,0.0,16.05
ORD001929,P0064,Sports,3,31.33,0.15,79.89
ORD001929,P0071,Sports,2,179.47,0.05,340.99
ORD001930,P0104,Books & Media,2,28.85,0.0,57.7
ORD001930,P0075,Sports,2,90.37,0.15,153.63
ORD001931,P0065,Sports,1,310.58,0.2,248.46
ORD001932,P0095,Beauty,2,30.92,0.0,61.84
ORD001933,P0059,Fashion,1,67.75,0.05,64.36
ORD001933,P0072,Sports,1,111.14,0.05,105.58
ORD001933,P0111,Books & Media,1,58.37,0.0,58.37
ORD001934,P0094,Beauty,1,104.78,0.0,104.78
ORD001935,P0103,Books & Media,1,33.25,0.15,28.26
ORD001936,P0031,Home & Garden,1,247.54,0.0,247.54
ORD001936,P0080,Sports,1,99.79,0.0,99.79
ORD001937,P0116,Books & Media,1,12.17,0.0,12.17
ORD001937,P0067,Sports,1,310.35,0.15,263.8
ORD001937,P0007,Electronics,1,71.56,0.0,71.56
ORD001937,P0059,Fashion,1,67.75,0.0,67.75
ORD001937,P0119,Books & Media,1,54.29,0.0,54.29
ORD001938,P0049,Fashion,1,179.38,0.0,179.38
ORD001938,P0102,Books & Media,1,52.13,0.0,52.13
ORD001939,P0092,Beauty,1,118.26,0.0,118.26
ORD001940,P0008,Electronics,1,601.4,0.0,601.4
ORD001940,P0019,Electronics,1,753.99,0.15,640.89
ORD001940,P0108,Books & Media,1,57.78,0.0,57.78
ORD001940,P0035,Home & Garden,1,89.13,0.0,89.13
ORD001941,P0093,Beauty,1,54.29,0.05,51.58
ORD001941,P0068,Sports,1,52.84,0.15,44.91
ORD001942,P0046,Fashion,2,37.54,0.0,75.08
ORD001943,P0028,Home & Garden,1,167.29,0.05,158.93
ORD001944,P0033,Home & Garden,2,213.07,0.0,426.14
ORD001944,P0099,Beauty,1,70.54,0.0,70.54
ORD001944,P0066,Sports,1,124.94,0.0,124.94
ORD001944,P0022,Home & Garden,1,68.56,0.0,68.56
ORD001945,P0052,Fashion,2,129.07,0.1,232.33
ORD001945,P0027,Home & Garden,2,77.74,0.0,155.48
ORD001946,P0059,Fashion,1,67.75,0.1,60.98
ORD001947,P0001,Electronics,1,592.51,0.1,533.26
ORD001948,P0071,Sports,1,179.47,0.0,179.47
ORD001949,P0001,Electronics,1,592.51,0.0,592.51
ORD001950,P0007,Electronics,2,71.56,0.0,143.12
ORD001951,P0055,Fashion,1,92.6,0.0,92.6
ORD001951,P0091,Beauty,1,90.2,0.05,85.69
ORD001952,P0044,Fashion,2,179.61,0.1,323.3
ORD001952,P0097,Beauty,2,37.48,0.0,74.96
ORD001953,P0023,Home & Garden,1,33.75,0.05,32.06
ORD001954,P0020,Electronics,1,781.45,0.0,781.45
ORD001954,P0044,Fashion,3,179.61,0.0,538.83
ORD001955,P0073,Sports,1,162.52,0.0,162.52
ORD001955,P0049,Fashion,1,179.38,0.05,170.41
ORD001956,P0105,Books & Media,2,27.71,0.0,55.42
ORD001956,P0035,Home & Garden,1,89.13,0.0,89.13
ORD001956,P0091,Beauty,2,90.2,0.0,180.4
ORD001957,P0058,Fashion,2,166.02,0.1,298.84
ORD001958,P0039,Home & Garden,2,229.92,0.0,459.84
ORD001959,P0007,Electronics,1,71.56,0.0,71.56
ORD001959,P0049,Fashion,3,179.38,0.0,538.14
ORD001960,P0063,Sports,1,25.19,0.0,25.19
ORD001961,P0094,Beauty,1,104.78,0.1,94.3
ORD001962,P0094,Beauty,1,104.78,0.0,104.78
ORD001962,P0042,Fashion,1,113.53,0.05,107.85
ORD001963,P0097,Beauty,1,37.48,0.0,37.48
ORD001963,P0077,Sports,1,167.38,0.1,150.64
ORD001963,P0001,Electronics,1,592.51,0.0,592.51
ORD001964,P0061,Sports,1,272.82,0.05,259.18
ORD001965,P0009,Electronics,1,236.37,0.0,236.37
ORD001965,P0024,Home & Garden,1,38.74,0.15,32.93
ORD001966,P0007,Electronics,1,71.56,0.05,67.98
ORD001966,P0110,Books & Media,3,16.05,0.0,48.15
ORD001967,P0030,Home & Garden,1,53.4,0.0,53.4
ORD001967,P0079,Sports,1,134.88,0.0,134.88
ORD001967,P0020,Electronics,2,781.45,0.15,1328.46
ORD001967,P0002,Electronics,1,282.77,0.0,282.77
ORD001968,P0067,Sports,2,310.35,0.05,589.66
ORD001968,P0030,Home & Garden,2,53.4,0.0,106.8
ORD001968,P0075,Sports,2,90.37,0.05,171.7
ORD001969,P0120,Books & Media,2,38.91,0.0,77.82
ORD001970,P0009,Electronics,1,236.37,0.0,236.37
ORD001970,P0018,Electronics,1,370.75,0.0,370.75
ORD001970,P0055,Fashion,1,92.6,0.0,92.6
ORD001971,P0110,Books & Media,1,16.05,0.0,16.05
ORD001971,P0020,Electronics,1,781.45,0.05,742.38
ORD001971,P0107,Books & Media,1,31.66,0.0,31.66
ORD001971,P0022,Home & Garden,1,68.56,0.0,68.56
ORD001972,P0015,Electronics,2,769.37,0.0,1538.74
ORD001973,P0095,Beauty,1,30.92,0.1,27.83
ORD001974,P0032,Home & Garden,1,145.88,0.05,138.59
ORD001974,P0054,Fashion,1,37.85,0.0,37.85
ORD001975,P0102,Books & Media,2,52.13,0.0,104.26
ORD001976,P0098,Beauty,1,58.74,0.0,58.74
ORD001977,P0034,Home & Garden,1,68.83,0.1,61.95
ORD001977,P0112,Books & Media,2,36.19,0.0,72.38
ORD001977,P0030,Home & Garden,1,53.4,0.1,48.06
ORD001978,P0004,Electronics,2,807.35,0.0,1614.7
ORD001978,P0078,Sports,1,64.33,0.15,54.68
ORD001978,P0096,Beauty,2,56.41,0.0,112.82
ORD001979,P0015,Electronics,1,769.37,0.0,769.37
ORD001980,P0018,Electronics,2,370.75,0.0,741.5
ORD001981,P0112,Books & Media,1,36.19,0.0,36.19
ORD001981,P0062,Sports,2,278.05,0.0,556.1
ORD001981,P0099,Beauty,1,70.54,0.15,59.96
ORD001981,P0098,Beauty,1,58.74,0.0,58.74
ORD001982,P0005,Electronics,1,407.63,0.05,387.25
ORD001983,P0029,Home & Garden,1,55.22,0.0,55.22
ORD001983,P0101,Books & Media,2,58.39,0.0,116.78
ORD001984,P0055,Fashion,2,92.6,0.05,175.94
ORD001984,P0042,Fashion,1,113.53,0.05,107.85
ORD001984,P0079,Sports,1,134.88,0.05,128.14
ORD001985,P0088,Beauty,2,98.82,0.15,167.99
ORD001986,P0032,Home & Garden,1,145.88,0.1,131.29
ORD001986,P0043,Fashion,1,83.9,0.0,83.9
ORD001986,P0045,Fashion,1,34.55,0.05,32.82
ORD001986,P0057,Fashion,2,100.09,0.15,170.15
ORD001987,P0015,Electronics,1,769.37,0.2,615.5
ORD001988,P0051,Fashion,1,21.84,0.1,19.66
ORD001989,P0015,Electronics,1,769.37,0.0,769.37
ORD001989,P0032,Home & Garden,2,145.88,0.0,291.76
ORD001989,P0094,Beauty,1,104.78,0.1,94.3
ORD001989,P0072,Sports,2,111.14,0.05,211.17
ORD001990,P0038,Home & Garden,1,169.03,0.0,169.03
ORD001991,P0108,Books & Media,1,57.78,0.0,57.78
ORD001992,P0010,Electronics,1,737.02,0.2,589.62
ORD001992,P0010,Electronics,1,737.02,0.0,737.02
ORD001992,P0074,Sports,2,200.27,0.0,400.54
ORD001992,P0042,Fashion,1,113.53,0.15,96.5
ORD001993,P0001,Electronics,3,592.51,0.0,1777.53
ORD001994,P0095,Beauty,2,30.92,0.0,61.84
ORD001994,P0053,Fashion,2,62.69,0.0,125.38
ORD001994,P0013,Electronics,2,862.63,0.05,1639.0
ORD001994,P0019,Electronics,1,753.99,0.1,678.59
ORD001995,P0115,Books & Media,1,16.19,0.0,16.19
ORD001995,P0017,Electronics,1,504.79,0.2,403.83
ORD001995,P0083,Beauty,1,104.56,0.0,104.56
ORD001995,P0001,Electronics,1,592.51,0.05,562.88
ORD001996,P0076,Sports,1,348.42,0.0,348.42
ORD001997,P0034,Home & Garden,3,68.83,0.1,185.84
ORD001997,P0055,Fashion,1,92.6,0.1,83.34
ORD001997,P0028,Home & Garden,1,167.29,0.05,158.93
ORD001998,P0050,Fashion,1,175.37,0.1,157.83
ORD001998,P0040,Home & Garden,2,77.25,0.2,123.6
ORD001999,P0013,Electronics,2,862.63,0.2,1380.21
ORD001999,P0116,Books & Media,2,12.17,0.0,24.34
ORD001999,P0082,Beauty,1,35.18,0.0,35.18
ORD002000,P0044,Fashion,1,179.61,0.05,170.63
ORD002001,P0013,Electronics,3,862.63,0.0,2587.89
ORD002002,P0040,Home & Garden,2,77.25,0.0,154.5
ORD002003,P0009,Electronics,1,236.37,0.0,236.37
ORD002003,P0093,Beauty,2,54.29,0.0,108.58
ORD002004,P0086,Beauty,2,112.91,0.0,225.82
ORD002005,P0047,Fashion,1,146.73,0.0,146.73
ORD002005,P0036,Home & Garden,3,64.58,0.0,193.74
ORD002006,P0010,Electronics,1,737.02,0.15,626.47
ORD002006,P0024,Home & Garden,1,38.74,0.0,38.74
ORD002006,P0004,Electronics,1,807.35,0.05,766.98
ORD002007,P0072,Sports,1,111.14,0.0,111.14
ORD002007,P0022,Home & Garden,1,68.56,0.15,58.28
ORD002008,P0079,Sports,2,134.88,0.0,269.76
ORD002009,P0105,Books & Media,1,27.71,0.0,27.71
ORD002009,P0116,Books & Media,2,12.17,0.15,20.69
ORD002009,P0056,Fashion,2,160.14,0.0,320.28
ORD002009,P0019,Electronics,1,753.99,0.15,640.89
ORD002009,P0073,Sports,1,162.52,0.0,162.52
ORD002010,P0014,Electronics,1,127.83,0.2,102.26
ORD002011,P0119,Books & Media,1,54.29,0.05,51.58
ORD002012,P0024,Home & Garden,1,38.74,0.0,38.74
ORD002012,P0114,Books & Media,1,34.15,0.0,34.15
ORD002013,P0072,Sports,1,111.14,0.2,88.91
ORD002013,P0116,Books & Media,2,12.17,0.0,24.34
ORD002014,P0069,Sports,3,47.49,0.0,142.47
ORD002015,P0115,Books & Media,1,16.19,0.0,16.19
ORD002015,P0109,Books & Media,1,36.9,0.15,31.36
ORD002016,P0078,Sports,1,64.33,0.0,64.33
ORD002017,P0022,Home & Garden,2,68.56,0.0,137.12
ORD002018,P0065,Sports,1,310.58,0.2,248.46
ORD002019,P0099,Beauty,1,70.54,0.1,63.49
ORD002019,P0087,Beauty,1,61.99,0.0,61.99
ORD002020,P0032,Home & Garden,1,145.88,0.0,145.88
ORD002020,P0095,Beauty,1,30.92,0.0,30.92
ORD002021,P0050,Fashion,2,175.37,0.0,350.74
ORD002021,P0022,Home & Garden,1,68.56,0.05,65.13
ORD002022,P0012,Electronics,1,338.21,0.05,321.3
ORD002022,P0100,Beauty,1,119.92,0.05,113.92
ORD002023,P0037,Home & Garden,3,220.95,0.0,662.85
ORD002023,P0095,Beauty,1,30.92,0.15,26.28
ORD002024,P0058,Fashion,1,166.02,0.0,166.02
ORD002025,P0035,Home & Garden,1,89.13,0.1,80.22
ORD002026,P0120,Books & Media,1,38.91,0.0,38.91
ORD002026,P0064,Sports,2,31.33,0.05,59.53
ORD002027,P0058,Fashion,2,166.02,0.0,332.04
ORD002027,P0064,Sports,2,31.33,0.0,62.66
ORD002028,P0035,Home & Garden,2,89.13,0.0,178.26
ORD002028,P0098,Beauty,2,58.74,0.15,99.86
ORD002029,P0034,Home & Garden,1,68.83,0.05,65.39
ORD002030,P0048,Fashion,1,30.16,0.15,25.64
ORD002031,P0026,Home & Garden,1,101.99,0.0,101.99
ORD002032,P0017,Electronics,1,504.79,0.15,429.07
ORD002032,P0114,Books & Media,2,34.15,0.05,64.88
ORD002032,P0090,Beauty,1,56.59,0.1,50.93
ORD002032,P0040,Home & Garden,1,77.25,0.0,77.25
ORD002032,P0086,Beauty,1,112.91,0.2,90.33
ORD002033,P0030,Home & Garden,1,53.4,0.2,42.72
ORD002033,P0070,Sports,2,273.9,0.0,547.8
ORD002034,P0064,Sports,1,31.33,0.0,31.33
ORD002034,P0040,Home & Garden,1,77.25,0.0,77.25
ORD002035,P0090,Beauty,1,56.59,0.0,56.59
ORD002035,P0089,Beauty,2,20.66,0.0,41.32
ORD002035,P0070,Sports,2,273.9,0.15,465.63
ORD002035,P0107,Books & Media,1,31.66,0.1,28.49
ORD002036,P0094,Beauty,2,104.78,0.05,199.08
ORD002037,P0006,Electronics,1,234.84,0.1,211.36
ORD002037,P0104,Books & Media,2,28.85,0.0,57.7
ORD002038,P0039,Home & Garden,1,229.92,0.0,229.92
ORD002039,P0010,Electronics,3,737.02,0.0,2211.06
ORD002039,P0075,Sports,2,90.37,0.0,180.74
ORD002040,P0059,Fashion,1,67.75,0.0,67.75
ORD002040,P0028,Home & Garden,1,167.29,0.0,167.29
ORD002041,P0119,Books & Media,1,54.29,0.0,54.29
ORD002041,P0045,Fashion,1,34.55,0.1,31.1
ORD002041,P0011,Electronics,1,733.95,0.1,660.56
ORD002042,P0047,Fashion,1,146.73,0.05,139.39
ORD002042,P0052,Fashion,1,129.07,0.0,129.07
ORD002043,P0039,Home & Garden,1,229.92,0.1,206.93
ORD002044,P0079,Sports,2,134.88,0.0,269.76
ORD002044,P0041,Fashion,1,109.82,0.1,98.84
ORD002045,P0059,Fashion,2,67.75,0.1,121.95
ORD002045,P0022,Home & Garden,1,68.56,0.0,68.56
ORD002045,P0031,Home & Garden,1,247.54,0.05,235.16
ORD002045,P0049,Fashion,3,179.38,0.0,538.14
ORD002045,P0052,Fashion,3,129.07,0.0,387.21
ORD002046,P0105,Books & Media,1,27.71,0.0,27.71
ORD002046,P0025,Home & Garden,1,164.39,0.0,164.39
ORD002046,P0103,Books & Media,1,33.25,0.0,33.25
ORD002047,P0042,Fashion,1,113.53,0.0,113.53
ORD002048,P0120,Books & Media,1,38.91,0.05,36.96
ORD002049,P0033,Home & Garden,3,213.07,0.0,639.21
ORD002049,P0101,Books & Media,1,58.39,0.1,52.55
ORD002049,P0032,Home & Garden,2,145.88,0.1,262.58
ORD002050,P0044,Fashion,1,179.61,0.05,170.63
ORD002050,P0101,Books & Media,1,58.39,0.2,46.71
ORD002050,P0069,Sports,1,47.49,0.0,47.49
ORD002050,P0044,Fashion,1,179.61,0.2,143.69
ORD002051,P0067,Sports,1,310.35,0.0,310.35
ORD002051,P0053,Fashion,1,62.69,0.0,62.69
ORD002051,P0081,Beauty,1,17.81,0.0,17.81
ORD002051,P0040,Home & Garden,2,77.25,0.05,146.78
ORD002052,P0043,Fashion,1,83.9,0.1,75.51
ORD002052,P0022,Home & Garden,2,68.56,0.0,137.12
ORD002052,P0060,Fashion,1,117.44,0.0,117.44
ORD002053,P0002,Electronics,3,282.77,0.05,805.89
ORD002054,P0018,Electronics,1,370.75,0.0,370.75
ORD002055,P0038,Home & Garden,1,169.03,0.05,160.58
ORD002055,P0008,Electronics,1,601.4,0.0,601.4
ORD002055,P0065,Sports,1,310.58,0.0,310.58
ORD002056,P0038,Home & Garden,1,169.03,0.1,152.13
ORD002056,P0071,Sports,2,179.47,0.2,287.15
ORD002056,P0065,Sports,1,310.58,0.15,263.99
ORD002057,P0006,Electronics,1,234.84,0.0,234.84
ORD002057,P0033,Home & Garden,1,213.07,0.2,170.46
ORD002057,P0046,Fashion,1,37.54,0.0,37.54
ORD002058,P0117,Books & Media,1,38.94,0.15,33.1
ORD002059,P0086,Beauty,1,112.91,0.15,95.97
ORD002060,P0070,Sports,1,273.9,0.0,273.9
ORD002060,P0052,Fashion,1,129.07,0.1,116.16
ORD002061,P0015,Electronics,2,769.37,0.0,1538.74
ORD002061,P0036,Home & Garden,1,64.58,0.1,58.12
ORD002062,P0049,Fashion,1,179.38,0.0,179.38
ORD002063,P0003,Electronics,1,675.0,0.0,675.0
ORD002063,P0099,Beauty,1,70.54,0.1,63.49
ORD002063,P0005,Electronics,1,407.63,0.15,346.49
ORD002063,P0050,Fashion,1,175.37,0.1,157.83
ORD002064,P0002,Electronics,1,282.77,0.2,226.22
ORD002064,P0113,Books & Media,1,10.97,0.05,10.42
ORD002064,P0042,Fashion,2,113.53,0.1,204.35
ORD002065,P0034,Home & Garden,1,68.83,0.1,61.95
ORD002066,P0025,Home & Garden,1,164.39,0.0,164.39
ORD002066,P0111,Books & Media,1,58.37,0.1,52.53
ORD002067,P0067,Sports,2,310.35,0.05,589.66
ORD002068,P0102,Books & Media,2,52.13,0.0,104.26
ORD002068,P0019,Electronics,3,753.99,0.15,1922.67
ORD002069,P0079,Sports,1,134.88,0.05,128.14
ORD002069,P0015,Electronics,1,769.37,0.0,769.37
ORD002070,P0091,Beauty,1,90.2,0.0,90.2
ORD002070,P0073,Sports,1,162.52,0.15,138.14
ORD002070,P0068,Sports,2,52.84,0.0,105.68
ORD002071,P0109,Books & Media,1,36.9,0.0,36.9
ORD002072,P0049,Fashion,1,179.38,0.0,179.38
ORD002073,P0010,Electronics,1,737.02,0.0,737.02
ORD002073,P0094,Beauty,1,104.78,0.0,104.78
ORD002074,P0075,Sports,1,90.37,0.0,90.37
ORD002075,P0087,Beauty,1,61.99,0.1,55.79
ORD002076,P0011,Electronics,1,733.95,0.0,733.95
ORD002076,P0026,Home & Garden,1,101.99,0.0,101.99
ORD002077,P0011,Electronics,1,733.95,0.05,697.25
ORD002077,P0020,Electronics,1,781.45,0.0,781.45
ORD002077,P0011,Electronics,1,733.95,0.0,733.95
ORD002077,P0016,Electronics,3,735.06,0.05,2094.92
ORD002078,P0067,Sports,1,310.35,0.05,294.83
ORD002078,P0021,Home & Garden,3,180.57,0.1,487.54
ORD002078,P0059,Fashion,1,67.75,0.0,67.75
ORD002078,P0053,Fashion,1,62.69,0.15,53.29
ORD002078,P0045,Fashion,1,34.55,0.15,29.37
ORD002079,P0076,Sports,1,348.42,0.05,331.0
ORD002080,P0076,Sports,1,348.42,0.1,313.58
ORD002080,P0101,Books & Media,3,58.39,0.05,166.41
ORD002080,P0046,Fashion,2,37.54,0.0,75.08
ORD002081,P0050,Fashion,1,175.37,0.0,175.37
ORD002082,P0039,Home & Garden,1,229.92,0.05,218.42
ORD002082,P0060,Fashion,1,117.44,0.05,111.57
ORD002083,P0008,Electronics,2,601.4,0.0,1202.8
ORD002083,P0034,Home & Garden,1,68.83,0.05,65.39
ORD002083,P0053,Fashion,2,62.69,0.0,125.38
ORD002083,P0071,Sports,2,179.47,0.0,358.94
ORD002084,P0067,Sports,1,310.35,0.2,248.28
ORD002085,P0040,Home & Garden,1,77.25,0.0,77.25
ORD002085,P0014,Electronics,1,127.83,0.15,108.66
ORD002085,P0007,Electronics,2,71.56,0.0,143.12
ORD002086,P0058,Fashion,2,166.02,0.2,265.63
ORD002086,P0062,Sports,1,278.05,0.0,278.05
ORD002086,P0065,Sports,1,310.58,0.15,263.99
ORD002087,P0071,Sports,1,179.47,0.0,179.47
ORD002087,P0061,Sports,2,272.82,0.0,545.64
ORD002087,P0112,Books & Media,1,36.19,0.0,36.19
ORD002087,P0118,Books & Media,2,20.23,0.15,34.39
ORD002088,P0006,Electronics,1,234.84,0.0,234.84
ORD002088,P0075,Sports,1,90.37,0.0,90.37
ORD002088,P0117,Books & Media,2,38.94,0.05,73.99
ORD002088,P0017,Electronics,3,504.79,0.0,1514.37
ORD002089,P0010,Electronics,1,737.02,0.1,663.32
ORD002089,P0092,Beauty,3,118.26,0.0,354.78
ORD002089,P0068,Sports,1,52.84,0.0,52.84
ORD002090,P0120,Books & Media,1,38.91,0.0,38.91
ORD002090,P0059,Fashion,1,67.75,0.15,57.59
ORD002090,P0041,Fashion,2,109.82,0.0,219.64
ORD002091,P0107,Books & Media,1,31.66,0.05,30.08
ORD002092,P0021,Home & Garden,1,180.57,0.0,180.57
ORD002093,P0032,Home & Garden,1,145.88,0.15,124.0
ORD002094,P0009,Electronics,2,236.37,0.0,472.74
ORD002094,P0020,Electronics,1,781.45,0.0,781.45
ORD002094,P0048,Fashion,1,30.16,0.15,25.64
ORD002094,P0047,Fashion,2,146.73,0.0,293.46
ORD002095,P0095,Beauty,2,30.92,0.0,61.84
ORD002095,P0003,Electronics,1,675.0,0.05,641.25
ORD002096,P0054,Fashion,1,37.85,0.0,37.85
ORD002097,P0011,Electronics,1,733.95,0.0,733.95
ORD002098,P0067,Sports,1,310.35,0.0,310.35
ORD002099,P0070,Sports,2,273.9,0.0,547.8
ORD002100,P0042,Fashion,1,113.53,0.0,113.53
ORD002101,P0074,Sports,3,200.27,0.0,600.81
ORD002102,P0036,Home & Garden,1,64.58,0.0,64.58
ORD002102,P0054,Fashion,3,37.85,0.05,107.87
ORD002103,P0063,Sports,3,25.19,0.0,75.57
ORD002103,P0055,Fashion,3,92.6,0.1,250.02
ORD002103,P0013,Electronics,1,862.63,0.0,862.63
ORD002104,P0084,Beauty,1,36.18,0.05,34.37
ORD002104,P0082,Beauty,2,35.18,0.05,66.84
ORD002105,P0055,Fashion,1,92.6,0.0,92.6
ORD002106,P0057,Fashion,1,100.09,0.1,90.08
ORD002107,P0033,Home & Garden,1,213.07,0.0,213.07
ORD002107,P0039,Home & Garden,2,229.92,0.0,459.84
ORD002108,P0045,Fashion,2,34.55,0.0,69.1
ORD002108,P0088,Beauty,3,98.82,0.0,296.46
ORD002108,P0028,Home & Garden,1,167.29,0.2,133.83
ORD002108,P0083,Beauty,1,104.56,0.0,104.56
ORD002108,P0101,Books & Media,3,58.39,0.1,157.65
ORD002109,P0057,Fashion,3,100.09,0.0,300.27
ORD002110,P0086,Beauty,1,112.91,0.0,112.91
ORD002110,P0103,Books & Media,2,33.25,0.15,56.52
ORD002110,P0100,Beauty,1,119.92,0.0,119.92
ORD002111,P0023,Home & Garden,1,33.75,0.0,33.75
ORD002112,P0006,Electronics,2,234.84,0.0,469.68
ORD002113,P0037,Home & Garden,1,220.95,0.1,198.86
ORD002113,P0049,Fashion,1,179.38,0.0,179.38
ORD002113,P0098,Beauty,1,58.74,0.0,58.74
ORD002113,P0036,Home & Garden,2,64.58,0.0,129.16
ORD002114,P0063,Sports,1,25.19,0.0,25.19
ORD002115,P0112,Books & Media,1,36.19,0.15,30.76
ORD002116,P0015,Electronics,1,769.37,0.0,769.37
ORD002117,P0048,Fashion,1,30.16,0.0,30.16
ORD002118,P0007,Electronics,2,71.56,0.0,143.12
ORD002118,P0009,Electronics,1,236.37,0.0,236.37
ORD002118,P0065,Sports,1,310.58,0.2,248.46
ORD002119,P0084,Beauty,1,36.18,0.05,34.37
ORD002120,P0052,Fashion,2,129.07,0.0,258.14
ORD002121,P0040,Home & Garden,1,77.25,0.0,77.25
ORD002121,P0015,Electronics,1,769.37,0.0,769.37
ORD002122,P0084,Beauty,2,36.18,0.0,72.36
ORD002122,P0049,Fashion,1,179.38,0.0,179.38
ORD002123,P0059,Fashion,1,67.75,0.0,67.75
ORD002123,P0092,Beauty,2,118.26,0.0,236.52
ORD002124,P0062,Sports,2,278.05,0.1,500.49
ORD002124,P0045,Fashion,1,34.55,0.05,32.82
ORD002125,P0030,Home & Garden,1,53.4,0.05,50.73
ORD002126,P0025,Home & Garden,2,164.39,0.0,328.78
ORD002127,P0023,Home & Garden,1,33.75,0.0,33.75
ORD002127,P0101,Books & Media,2,58.39,0.1,105.1
ORD002128,P0015,Electronics,3,769.37,0.0,2308.11
ORD002128,P0061,Sports,1,272.82,0.0,272.82
ORD002129,P0046,Fashion,1,37.54,0.05,35.66
ORD002129,P0058,Fashion,1,166.02,0.0,166.02
ORD002129,P0102,Books & Media,3,52.13,0.0,156.39
ORD002130,P0006,Electronics,2,234.84,0.0,469.68
ORD002130,P0057,Fashion,1,100.09,0.0,100.09
ORD002130,P0039,Home & Garden,1,229.92,0.15,195.43
ORD002131,P0090,Beauty,1,56.59,0.15,48.1
ORD002131,P0027,Home & Garden,1,77.74,0.0,77.74
ORD002131,P0104,Books & Media,1,28.85,0.15,24.52
ORD002131,P0029,Home & Garden,1,55.22,0.0,55.22
ORD002132,P0054,Fashion,2,37.85,0.0,75.7
ORD002133,P0044,Fashion,1,179.61,0.05,170.63
ORD002133,P0076,Sports,1,348.42,0.0,348.42
ORD002134,P0104,Books & Media,1,28.85,0.1,25.97
ORD002135,P0032,Home & Garden,3,145.88,0.1,393.88
ORD002135,P0016,Electronics,1,735.06,0.0,735.06
ORD002136,P0079,Sports,1,134.88,0.05,128.14
ORD002137,P0076,Sports,2,348.42,0.1,627.16
ORD002137,P0053,Fashion,1,62.69,0.0,62.69
ORD002138,P0033,Home & Garden,1,213.07,0.0,213.07
ORD002138,P0023,Home & Garden,1,33.75,0.05,32.06
ORD002139,P0042,Fashion,3,113.53,0.0,340.59
ORD002139,P0065,Sports,1,310.58,0.0,310.58
ORD002139,P0011,Electronics,2,733.95,0.15,1247.72
ORD002139,P0070,Sports,1,273.9,0.05,260.2
ORD002139,P0007,Electronics,1,71.56,0.2,57.25
ORD002140,P0025,Home & Garden,2,164.39,0.0,328.78
ORD002141,P0004,Electronics,1,807.35,0.0,807.35
ORD002141,P0026,Home & Garden,1,101.99,0.15,86.69
ORD002141,P0031,Home & Garden,2,247.54,0.1,445.57
ORD002141,P0034,Home & Garden,1,68.83,0.0,68.83
ORD002141,P0055,Fashion,1,92.6,0.05,87.97
ORD002142,P0084,Beauty,2,36.18,0.0,72.36
ORD002142,P0076,Sports,1,348.42,0.0,348.42
ORD002142,P0013,Electronics,2,862.63,0.0,1725.26
ORD002143,P0118,Books & Media,3,20.23,0.0,60.69
ORD002144,P0100,Beauty,1,119.92,0.1,107.93
ORD002144,P0073,Sports,2,162.52,0.0,325.04
ORD002145,P0097,Beauty,2,37.48,0.0,74.96
ORD002145,P0009,Electronics,1,236.37,0.2,189.1
ORD002146,P0017,Electronics,1,504.79,0.15,429.07
ORD002146,P0018,Electronics,1,370.75,0.0,370.75
ORD002146,P0045,Fashion,1,34.55,0.0,34.55
ORD002147,P0028,Home & Garden,1,167.29,0.0,167.29
ORD002147,P0021,Home & Garden,2,180.57,0.05,343.08
ORD002147,P0041,Fashion,2,109.82,0.0,219.64
ORD002147,P0032,Home & Garden,1,145.88,0.0,145.88
ORD002148,P0059,Fashion,1,67.75,0.0,67.75
ORD002149,P0047,Fashion,2,146.73,0.0,293.46
ORD002150,P0010,Electronics,2,737.02,0.1,1326.64
ORD002150,P0097,Beauty,1,37.48,0.1,33.73
ORD002150,P0059,Fashion,1,67.75,0.15,57.59
ORD002150,P0084,Beauty,2,36.18,0.0,72.36
ORD002151,P0102,Books & Media,1,52.13,0.0,52.13
ORD002151,P0080,Sports,1,99.79,0.05,94.8
ORD002152,P0075,Sports,1,90.37,0.0,90.37
ORD002153,P0020,Electronics,1,781.45,0.05,742.38
ORD002153,P0108,Books & Media,1,57.78,0.05,54.89
ORD002153,P0083,Beauty,1,104.56,0.1,94.1
ORD002153,P0033,Home & Garden,2,213.07,0.1,383.53
ORD002153,P0043,Fashion,1,83.9,0.05,79.7
ORD002154,P0025,Home & Garden,1,164.39,0.0,164.39
ORD002154,P0001,Electronics,1,592.51,0.1,533.26
ORD002154,P0035,Home & Garden,1,89.13,0.15,75.76
ORD002154,P0017,Electronics,1,504.79,0.0,504.79
ORD002154,P0095,Beauty,1,30.92,0.0,30.92
ORD002155,P0017,Electronics,1,504.79,0.0,504.79
ORD002155,P0080,Sports,1,99.79,0.1,89.81
ORD002155,P0093,Beauty,1,54.29,0.0,54.29
ORD002156,P0052,Fashion,1,129.07,0.1,116.16
ORD002156,P0007,Electronics,1,71.56,0.05,67.98
ORD002156,P0057,Fashion,3,100.09,0.05,285.26
ORD002156,P0120,Books & Media,1,38.91,0.15,33.07
ORD002156,P0004,Electronics,1,807.35,0.0,807.35
ORD002157,P0038,Home & Garden,1,169.03,0.2,135.22
ORD002158,P0113,Books & Media,1,10.97,0.05,10.42
ORD002159,P0082,Beauty,1,35.18,0.0,35.18
ORD002159,P0056,Fashion,3,160.14,0.15,408.36
ORD002159,P0025,Home & Garden,1,164.39,0.0,164.39
ORD002160,P0065,Sports,1,310.58,0.0,310.58
ORD002161,P0085,Beauty,1,33.57,0.05,31.89
ORD002161,P0004,Electronics,2,807.35,0.0,1614.7
ORD002162,P0023,Home & Garden,2,33.75,0.1,60.75
ORD002162,P0077,Sports,2,167.38,0.0,334.76
ORD002162,P0014,Electronics,1,127.83,0.0,127.83
ORD002163,P0120,Books & Media,2,38.91,0.0,77.82
ORD002163,P0035,Home & Garden,1,89.13,0.0,89.13
ORD002164,P0005,Electronics,1,407.63,0.15,346.49
ORD002164,P0064,Sports,3,31.33,0.0,93.99
ORD002164,P0046,Fashion,2,37.54,0.0,75.08
ORD002164,P0047,Fashion,1,146.73,0.0,146.73
ORD002164,P0091,Beauty,1,90.2,0.05,85.69
ORD002165,P0028,Home & Garden,2,167.29,0.0,334.58
ORD002166,P0070,Sports,2,273.9,0.1,493.02
ORD002167,P0054,Fashion,3,37.85,0.1,102.2
ORD002168,P0106,Books & Media,1,21.79,0.0,21.79
ORD002168,P0067,Sports,1,310.35,0.0,310.35
ORD002169,P0012,Electronics,1,338.21,0.05,321.3
ORD002169,P0041,Fashion,1,109.82,0.1,98.84
ORD002169,P0044,Fashion,1,179.61,0.0,179.61
ORD002169,P0116,Books & Media,2,12.17,0.05,23.12
ORD002170,P0072,Sports,1,111.14,0.2,88.91
ORD002170,P0015,Electronics,1,769.37,0.0,769.37
ORD002170,P0029,Home & Garden,1,55.22,0.05,52.46
ORD002170,P0024,Home & Garden,1,38.74,0.0,38.74
ORD002170,P0004,Electronics,1,807.35,0.1,726.62
ORD002171,P0021,Home & Garden,1,180.57,0.0,180.57
ORD002171,P0086,Beauty,1,112.91,0.0,112.91
ORD002172,P0003,Electronics,1,675.0,0.0,675.0
ORD002172,P0024,Home & Garden,1,38.74,0.0,38.74
ORD002172,P0044,Fashion,2,179.61,0.0,359.22
ORD002173,P0008,Electronics,1,601.4,0.05,571.33
ORD002173,P0118,Books & Media,1,20.23,0.05,19.22
ORD002174,P0093,Beauty,1,54.29,0.0,54.29
ORD002175,P0041,Fashion,1,109.82,0.0,109.82
ORD002176,P0047,Fashion,1,146.73,0.05,139.39
ORD002177,P0036,Home & Garden,1,64.58,0.0,64.58
ORD002177,P0041,Fashion,1,109.82,0.15,93.35
ORD002178,P0011,Electronics,1,733.95,0.0,733.95
ORD002179,P0095,Beauty,1,30.92,0.05,29.37
ORD002180,P0026,Home & Garden,3,101.99,0.1,275.37
ORD002180,P0011,Electronics,2,733.95,0.0,1467.9
ORD002181,P0030,Home & Garden,1,53.4,0.0,53.4
ORD002181,P0083,Beauty,1,104.56,0.0,104.56
ORD002181,P0058,Fashion,3,166.02,0.1,448.25
ORD002182,P0034,Home & Garden,1,68.83,0.05,65.39
ORD002183,P0052,Fashion,2,129.07,0.0,258.14
ORD002183,P0059,Fashion,1,67.75,0.05,64.36
ORD002184,P0117,Books & Media,1,38.94,0.0,38.94
ORD002185,P0069,Sports,2,47.49,0.05,90.23
ORD002185,P0109,Books & Media,1,36.9,0.0,36.9
ORD002185,P0064,Sports,3,31.33,0.2,75.19
ORD002185,P0066,Sports,1,124.94,0.0,124.94
ORD002185,P0059,Fashion,3,67.75,0.0,203.25
ORD002186,P0047,Fashion,1,146.73,0.0,146.73
ORD002187,P0120,Books & Media,1,38.91,0.0,38.91
ORD002188,P0012,Electronics,2,338.21,0.0,676.42
ORD002188,P0013,Electronics,1,862.63,0.05,819.5
ORD002188,P0018,Electronics,1,370.75,0.1,333.68
ORD002188,P0020,Electronics,1,781.45,0.05,742.38
ORD002188,P0087,Beauty,1,61.99,0.0,61.99
ORD002189,P0006,Electronics,1,234.84,0.0,234.84
ORD002189,P0046,Fashion,3,37.54,0.1,101.36
ORD002189,P0001,Electronics,3,592.51,0.0,1777.53
ORD002189,P0010,Electronics,2,737.02,0.05,1400.34
ORD002189,P0100,Beauty,1,119.92,0.0,119.92
ORD002190,P0070,Sports,1,273.9,0.1,246.51
ORD002191,P0072,Sports,1,111.14,0.0,111.14
ORD002191,P0096,Beauty,3,56.41,0.0,169.23
ORD002192,P0031,Home & Garden,2,247.54,0.1,445.57
ORD002192,P0042,Fashion,1,113.53,0.2,90.82
ORD002193,P0051,Fashion,1,21.84,0.0,21.84
ORD002193,P0116,Books & Media,2,12.17,0.1,21.91
ORD002194,P0007,Electronics,3,71.56,0.05,203.95
ORD002194,P0065,Sports,1,310.58,0.0,310.58
ORD002194,P0094,Beauty,1,104.78,0.0,104.78
ORD002195,P0068,Sports,1,52.84,0.0,52.84
ORD002195,P0120,Books & Media,1,38.91,0.0,38.91
ORD002195,P0118,Books & Media,3,20.23,0.1,54.62
ORD002195,P0024,Home & Garden,3,38.74,0.0,116.22
ORD002196,P0052,Fashion,1,129.07,0.05,122.62
ORD002196,P0113,Books & Media,1,10.97,0.1,9.87
ORD002196,P0090,Beauty,1,56.59,0.2,45.27
ORD002196,P0093,Beauty,3,54.29,0.05,154.73
ORD002197,P0077,Sports,3,167.38,0.1,451.93
ORD002197,P0076,Sports,1,348.42,0.1,313.58
ORD002197,P0095,Beauty,1,30.92,0.1,27.83
ORD002198,P0012,Electronics,1,338.21,0.0,338.21
ORD002199,P0100,Beauty,2,119.92,0.0,239.84
ORD002199,P0097,Beauty,1,37.48,0.1,33.73
ORD002199,P0068,Sports,1,52.84,0.0,52.84
ORD002200,P0091,Beauty,1,90.2,0.0,90.2
ORD002200,P0008,Electronics,1,601.4,0.0,601.4
ORD002201,P0013,Electronics,1,862.63,0.2,690.1
ORD002202,P0088,Beauty,1,98.82,0.0,98.82
ORD002202,P0007,Electronics,1,71.56,0.0,71.56
ORD002203,P0039,Home & Garden,1,229.92,0.0,229.92
ORD002203,P0007,Electronics,1,71.56,0.0,71.56
ORD002203,P0059,Fashion,1,67.75,0.05,64.36
ORD002203,P0062,Sports,2,278.05,0.05,528.29
ORD002204,P0036,Home & Garden,2,64.58,0.0,129.16
ORD002204,P0093,Beauty,1,54.29,0.0,54.29
ORD002205,P0091,Beauty,1,90.2,0.1,81.18
ORD002206,P0076,Sports,1,348.42,0.1,313.58
ORD002206,P0047,Fashion,2,146.73,0.0,293.46
ORD002206,P0050,Fashion,3,175.37,0.05,499.8
ORD002207,P0042,Fashion,1,113.53,0.05,107.85
ORD002207,P0107,Books & Media,1,31.66,0.0,31.66
ORD002208,P0060,Fashion,1,117.44,0.0,117.44
ORD002208,P0039,Home & Garden,1,229.92,0.0,229.92
ORD002209,P0074,Sports,2,200.27,0.0,400.54
ORD002210,P0005,Electronics,2,407.63,0.0,815.26
ORD002211,P0110,Books & Media,1,16.05,0.05,15.25
ORD002212,P0067,Sports,3,310.35,0.0,931.05
ORD002213,P0099,Beauty,2,70.54,0.0,141.08
ORD002214,P0074,Sports,1,200.27,0.05,190.26
ORD002215,P0012,Electronics,1,338.21,0.2,270.57
ORD002216,P0007,Electronics,1,71.56,0.15,60.83
ORD002217,P0037,Home & Garden,1,220.95,0.05,209.9
ORD002218,P0003,Electronics,1,675.0,0.05,641.25
ORD002219,P0008,Electronics,1,601.4,0.15,511.19
ORD002219,P0071,Sports,1,179.47,0.0,179.47
ORD002220,P0076,Sports,1,348.42,0.2,278.74
ORD002220,P0038,Home & Garden,2,169.03,0.0,338.06
ORD002221,P0011,Electronics,1,733.95,0.2,587.16
ORD002222,P0088,Beauty,1,98.82,0.2,79.06
ORD002222,P0006,Electronics,1,234.84,0.0,234.84
ORD002222,P0117,Books & Media,2,38.94,0.0,77.88
ORD002223,P0078,Sports,1,64.33,0.0,64.33
ORD002223,P0114,Books & Media,1,34.15,0.05,32.44
ORD002224,P0002,Electronics,2,282.77,0.15,480.71
ORD002224,P0001,Electronics,3,592.51,0.0,1777.53
ORD002224,P0003,Electronics,1,675.0,0.0,675.0
ORD002225,P0003,Electronics,3,675.0,0.1,1822.5
ORD002226,P0030,Home & Garden,1,53.4,0.0,53.4
ORD002227,P0119,Books & Media,1,54.29,0.0,54.29
ORD002228,P0085,Beauty,1,33.57,0.0,33.57
ORD002229,P0044,Fashion,1,179.61,0.0,179.61
ORD002230,P0095,Beauty,1,30.92,0.0,30.92
ORD002230,P0015,Electronics,1,769.37,0.15,653.96
ORD002231,P0106,Books & Media,3,21.79,0.0,65.37
ORD002231,P0023,Home & Garden,1,33.75,0.0,33.75
ORD002232,P0056,Fashion,1,160.14,0.0,160.14
ORD002232,P0060,Fashion,2,117.44,0.1,211.39
ORD002233,P0052,Fashion,3,129.07,0.0,387.21
ORD002233,P0071,Sports,1,179.47,0.1,161.52
ORD002233,P0028,Home & Garden,1,167.29,0.0,167.29
ORD002234,P0024,Home & Garden,1,38.74,0.0,38.74
ORD002235,P0111,Books & Media,3,58.37,0.05,166.35
ORD002236,P0017,Electronics,1,504.79,0.05,479.55
ORD002236,P0040,Home & Garden,1,77.25,0.0,77.25
ORD002236,P0061,Sports,3,272.82,0.05,777.54
ORD002237,P0002,Electronics,2,282.77,0.15,480.71
ORD002237,P0091,Beauty,2,90.2,0.0,180.4
ORD002237,P0099,Beauty,1,70.54,0.0,70.54
ORD002238,P0032,Home & Garden,1,145.88,0.0,145.88
ORD002238,P0103,Books & Media,1,33.25,0.1,29.92
ORD002238,P0033,Home & Garden,1,213.07,0.05,202.42
ORD002239,P0097,Beauty,2,37.48,0.05,71.21
ORD002240,P0063,Sports,1,25.19,0.0,25.19
ORD002241,P0045,Fashion,1,34.55,0.05,32.82
ORD002241,P0040,Home & Garden,1,77.25,0.1,69.53
ORD002242,P0048,Fashion,1,30.16,0.0,30.16
ORD002242,P0013,Electronics,1,862.63,0.0,862.63
ORD002243,P0104,Books & Media,1,28.85,0.0,28.85
ORD002243,P0037,Home & Garden,2,220.95,0.0,441.9
ORD002244,P0051,Fashion,1,21.84,0.1,19.66
ORD002245,P0043,Fashion,1,83.9,0.0,83.9
ORD002245,P0072,Sports,2,111.14,0.0,222.28
ORD002245,P0092,Beauty,1,118.26,0.1,106.43
ORD002246,P0052,Fashion,1,129.07,0.0,129.07
ORD002246,P0073,Sports,1,162.52,0.0,162.52
ORD002246,P0003,Electronics,3,675.0,0.0,2025.0
ORD002247,P0081,Beauty,1,17.81,0.2,14.25
ORD002247,P0014,Electronics,1,127.83,0.15,108.66
ORD002247,P0015,Electronics,1,769.37,0.0,769.37
ORD002248,P0042,Fashion,1,113.53,0.0,113.53
ORD002248,P0021,Home & Garden,1,180.57,0.05,171.54
ORD002249,P0043,Fashion,1,83.9,0.0,83.9
ORD002250,P0056,Fashion,1,160.14,0.05,152.13
ORD002251,P0051,Fashion,1,21.84,0.0,21.84
ORD002252,P0043,Fashion,2,83.9,0.1,151.02
ORD002252,P0002,Electronics,1,282.77,0.0,282.77
ORD002253,P0111,Books & Media,1,58.37,0.1,52.53
ORD002254,P0040,Home & Garden,1,77.25,0.05,73.39
ORD002254,P0010,Electronics,3,737.02,0.05,2100.51
ORD002255,P0110,Books & Media,1,16.05,0.05,15.25
ORD002255,P0017,Electronics,1,504.79,0.05,479.55
ORD002256,P0014,Electronics,1,127.83,0.0,127.83
ORD002257,P0046,Fashion,1,37.54,0.2,30.03
ORD002257,P0014,Electronics,1,127.83,0.0,127.83
ORD002257,P0059,Fashion,1,67.75,0.0,67.75
ORD002258,P0055,Fashion,1,92.6,0.0,92.6
ORD002258,P0052,Fashion,1,129.07,0.05,122.62
ORD002259,P0108,Books & Media,2,57.78,0.1,104.0
ORD002259,P0092,Beauty,1,118.26,0.0,118.26
ORD002259,P0112,Books & Media,1,36.19,0.05,34.38
ORD002259,P0116,Books & Media,1,12.17,0.0,12.17
ORD002260,P0116,Books & Media,1,12.17,0.0,12.17
ORD002261,P0069,Sports,1,47.49,0.0,47.49
ORD002261,P0087,Beauty,1,61.99,0.0,61.99
ORD002261,P0081,Beauty,1,17.81,0.05,16.92
ORD002262,P0050,Fashion,2,175.37,0.0,350.74
ORD002263,P0054,Fashion,2,37.85,0.1,68.13
ORD002263,P0036,Home & Garden,1,64.58,0.0,64.58
ORD002264,P0056,Fashion,1,160.14,0.0,160.14
ORD002264,P0053,Fashion,2,62.69,0.0,125.38
ORD002265,P0025,Home & Garden,1,164.39,0.0,164.39
ORD002265,P0037,Home & Garden,2,220.95,0.0,441.9
ORD002265,P0095,Beauty,1,30.92,0.0,30.92
ORD002265,P0081,Beauty,1,17.81,0.0,17.81
ORD002266,P0045,Fashion,1,34.55,0.1,31.1
ORD002267,P0062,Sports,3,278.05,0.0,834.15
ORD002268,P0024,Home & Garden,3,38.74,0.1,104.6
ORD002268,P0067,Sports,1,310.35,0.0,310.35
ORD002268,P0017,Electronics,3,504.79,0.05,1438.65
ORD002269,P0020,Electronics,1,781.45,0.1,703.3
ORD002269,P0088,Beauty,3,98.82,0.0,296.46
ORD002270,P0025,Home & Garden,1,164.39,0.0,164.39
ORD002270,P0034,Home & Garden,2,68.83,0.0,137.66
ORD002271,P0022,Home & Garden,1,68.56,0.05,65.13
ORD002271,P0073,Sports,2,162.52,0.05,308.79
ORD002272,P0119,Books & Media,1,54.29,0.05,51.58
ORD002272,P0072,Sports,2,111.14,0.1,200.05
ORD002273,P0042,Fashion,1,113.53,0.0,113.53
ORD002274,P0004,Electronics,1,807.35,0.0,807.35
ORD002274,P0002,Electronics,1,282.77,0.0,282.77
ORD002275,P0024,Home & Garden,1,38.74,0.15,32.93
ORD002275,P0035,Home & Garden,1,89.13,0.05,84.67
ORD002276,P0090,Beauty,1,56.59,0.0,56.59
ORD002277,P0046,Fashion,1,37.54,0.05,35.66
ORD002278,P0095,Beauty,1,30.92,0.0,30.92
ORD002278,P0052,Fashion,1,129.07,0.0,129.07
ORD002279,P0016,Electronics,2,735.06,0.0,1470.12
ORD002280,P0071,Sports,3,179.47,0.0,538.41
ORD002280,P0062,Sports,1,278.05,0.1,250.24
ORD002280,P0034,Home & Garden,1,68.83,0.1,61.95
ORD002281,P0045,Fashion,2,34.55,0.0,69.1
ORD002281,P0024,Home & Garden,3,38.74,0.0,116.22
ORD002281,P0027,Home & Garden,1,77.74,0.15,66.08
ORD002281,P0091,Beauty,1,90.2,0.1,81.18
ORD002282,P0094,Beauty,1,104.78,0.0,104.78
ORD002283,P0076,Sports,1,348.42,0.0,348.42
ORD002284,P0043,Fashion,1,83.9,0.15,71.32
ORD002284,P0070,Sports,1,273.9,0.0,273.9
ORD002284,P0066,Sports,1,124.94,0.0,124.94
ORD002284,P0111,Books & Media,1,58.37,0.0,58.37
ORD002285,P0018,Electronics,1,370.75,0.0,370.75
ORD002285,P0086,Beauty,2,112.91,0.2,180.66
ORD002286,P0106,Books & Media,1,21.79,0.0,21.79
ORD002286,P0027,Home & Garden,1,77.74,0.0,77.74
ORD002286,P0010,Electronics,1,737.02,0.0,737.02
ORD002287,P0062,Sports,1,278.05,0.1,250.24
ORD002288,P0059,Fashion,3,67.75,0.15,172.76
ORD002289,P0069,Sports,3,47.49,0.0,142.47
ORD002289,P0003,Electronics,1,675.0,0.2,540.0
ORD002289,P0040,Home & Garden,3,77.25,0.05,220.16
ORD002290,P0002,Electronics,2,282.77,0.1,508.99
ORD002290,P0059,Fashion,2,67.75,0.0,135.5
ORD002290,P0056,Fashion,1,160.14,0.0,160.14
ORD002291,P0118,Books & Media,1,20.23,0.1,18.21
ORD002292,P0034,Home & Garden,2,68.83,0.05,130.78
ORD002293,P0062,Sports,2,278.05,0.15,472.68
ORD002293,P0083,Beauty,1,104.56,0.0,104.56
ORD002293,P0066,Sports,1,124.94,0.05,118.69
ORD002294,P0023,Home & Garden,1,33.75,0.0,33.75
ORD002295,P0095,Beauty,1,30.92,0.1,27.83
ORD002296,P0025,Home & Garden,1,164.39,0.0,164.39
ORD002296,P0066,Sports,1,124.94,0.0,124.94
ORD002297,P0033,Home & Garden,1,213.07,0.0,213.07
ORD002297,P0022,Home & Garden,1,68.56,0.1,61.7
ORD002298,P0059,Fashion,1,67.75,0.0,67.75
ORD002299,P0076,Sports,1,348.42,0.2,278.74
ORD002299,P0064,Sports,1,31.33,0.15,26.63
ORD002299,P0040,Home & Garden,1,77.25,0.0,77.25
ORD002299,P0002,Electronics,1,282.77,0.1,254.49
ORD002300,P0049,Fashion,1,179.38,0.0,179.38
ORD002300,P0071,Sports,2,179.47,0.15,305.1
ORD002300,P0053,Fashion,2,62.69,0.05,119.11
ORD002301,P0092,Beauty,1,118.26,0.1,106.43
ORD002301,P0110,Books & Media,1,16.05,0.0,16.05
ORD002302,P0064,Sports,1,31.33,0.2,25.06
ORD002303,P0058,Fashion,1,166.02,0.0,166.02
ORD002303,P0022,Home & Garden,1,68.56,0.0,68.56
ORD002303,P0007,Electronics,1,71.56,0.15,60.83
ORD002304,P0023,Home & Garden,1,33.75,0.2,27.0
ORD002305,P0065,Sports,1,310.58,0.05,295.05
ORD002305,P0038,Home & Garden,1,169.03,0.15,143.68
ORD002306,P0056,Fashion,1,160.14,0.0,160.14
ORD002306,P0039,Home & Garden,1,229.92,0.1,206.93
ORD002306,P0119,Books & Media,1,54.29,0.1,48.86
ORD002306,P0027,Home & Garden,1,77.74,0.0,77.74
ORD002307,P0019,Electronics,1,753.99,0.0,753.99
ORD002308,P0058,Fashion,1,166.02,0.0,166.02
ORD002308,P0095,Beauty,2,30.92,0.1,55.66
ORD002308,P0069,Sports,1,47.49,0.0,47.49
ORD002309,P0079,Sports,1,134.88,0.0,134.88
ORD002309,P0053,Fashion,2,62.69,0.05,119.11
ORD002309,P0088,Beauty,1,98.82,0.0,98.82
ORD002310,P0045,Fashion,1,34.55,0.0,34.55
ORD002310,P0101,Books & Media,1,58.39,0.1,52.55
ORD002310,P0084,Beauty,1,36.18,0.0,36.18
ORD002310,P0052,Fashion,1,129.07,0.0,129.07
ORD002311,P0105,Books & Media,1,27.71,0.0,27.71
ORD002311,P0006,Electronics,1,234.84,0.0,234.84
ORD002311,P0020,Electronics,1,781.45,0.0,781.45
ORD002311,P0032,Home & Garden,1,145.88,0.1,131.29
ORD002312,P0056,Fashion,1,160.14,0.05,152.13
ORD002313,P0009,Electronics,1,236.37,0.1,212.73
ORD002313,P0072,Sports,1,111.14,0.05,105.58
ORD002314,P0016,Electronics,1,735.06,0.0,735.06
ORD002315,P0010,Electronics,2,737.02,0.1,1326.64
ORD002315,P0064,Sports,1,31.33,0.0,31.33
ORD002316,P0024,Home & Garden,3,38.74,0.15,98.79
ORD002317,P0045,Fashion,1,34.55,0.1,31.1
ORD002318,P0033,Home & Garden,1,213.07,0.2,170.46
ORD002319,P0004,Electronics,1,807.35,0.0,807.35
ORD002320,P0082,Beauty,1,35.18,0.1,31.66
ORD002320,P0035,Home & Garden,1,89.13,0.0,89.13
ORD002320,P0078,Sports,2,64.33,0.0,128.66
ORD002321,P0111,Books & Media,1,58.37,0.05,55.45
ORD002321,P0025,Home & Garden,1,164.39,0.0,164.39
ORD002322,P0107,Books & Media,2,31.66,0.0,63.32
ORD002322,P0048,Fashion,1,30.16,0.0,30.16
ORD002322,P0058,Fashion,1,166.02,0.0,166.02
ORD002323,P0057,Fashion,1,100.09,0.0,100.09
ORD002323,P0017,Electronics,1,504.79,0.0,504.79
ORD002324,P0004,Electronics,1,807.35,0.0,807.35
ORD002325,P0099,Beauty,1,70.54,0.0,70.54
ORD002326,P0087,Beauty,2,61.99,0.05,117.78
ORD002326,P0039,Home & Garden,1,229.92,0.0,229.92
ORD002326,P0117,Books & Media,1,38.94,0.05,36.99
ORD002327,P0022,Home & Garden,1,68.56,0.0,68.56
ORD002327,P0066,Sports,1,124.94,0.1,112.45
ORD002328,P0013,Electronics,1,862.63,0.2,690.1
ORD002328,P0058,Fashion,1,166.02,0.0,166.02
ORD002329,P0050,Fashion,1,175.37,0.0,175.37
ORD002329,P0009,Electronics,1,236.37,0.05,224.55
ORD002329,P0045,Fashion,1,34.55,0.2,27.64
ORD002330,P0080,Sports,1,99.79,0.0,99.79
ORD002331,P0021,Home & Garden,1,180.57,0.05,171.54
ORD002332,P0077,Sports,1,167.38,0.05,159.01
ORD002333,P0107,Books & Media,1,31.66,0.0,31.66
ORD002333,P0071,Sports,1,179.47,0.05,170.5
ORD002334,P0008,Electronics,1,601.4,0.05,571.33
ORD002335,P0081,Beauty,2,17.81,0.0,35.62
ORD002336,P0087,Beauty,2,61.99,0.05,117.78
ORD002336,P0017,Electronics,1,504.79,0.05,479.55
ORD002337,P0007,Electronics,1,71.56,0.2,57.25
ORD002337,P0030,Home & Garden,1,53.4,0.0,53.4
ORD002337,P0050,Fashion,1,175.37,0.1,157.83
ORD002338,P0023,Home & Garden,1,33.75,0.05,32.06
ORD002338,P0061,Sports,1,272.82,0.0,272.82
ORD002338,P0025,Home & Garden,1,164.39,0.0,164.39
ORD002339,P0013,Electronics,2,862.63,0.0,1725.26
ORD002340,P0054,Fashion,1,37.85,0.0,37.85
ORD002341,P0060,Fashion,1,117.44,0.0,117.44
ORD002342,P0065,Sports,2,310.58,0.0,621.16
ORD002343,P0019,Electronics,1,753.99,0.0,753.99
ORD002343,P0035,Home & Garden,1,89.13,0.0,89.13
ORD002344,P0010,Electronics,2,737.02,0.0,1474.04
ORD002345,P0008,Electronics,1,601.4,0.0,601.4
ORD002345,P0057,Fashion,1,100.09,0.0,100.09
ORD002346,P0116,Books & Media,1,12.17,0.0,12.17
ORD002346,P0012,Electronics,2,338.21,0.1,608.78
ORD002347,P0096,Beauty,2,56.41,0.0,112.82
ORD002347,P0037,Home & Garden,1,220.95,0.1,198.86
ORD002347,P0054,Fashion,1,37.85,0.05,35.96
ORD002348,P0018,Electronics,1,370.75,0.0,370.75
ORD002348,P0060,Fashion,1,117.44,0.0,117.44
ORD002349,P0080,Sports,1,99.79,0.0,99.79
ORD002349,P0095,Beauty,1,30.92,0.15,26.28
ORD002349,P0006,Electronics,1,234.84,0.0,234.84
ORD002350,P0070,Sports,2,273.9,0.0,547.8
ORD002351,P0035,Home & Garden,2,89.13,0.05,169.35
ORD002352,P0031,Home & Garden,1,247.54,0.0,247.54
ORD002352,P0059,Fashion,1,67.75,0.05,64.36
ORD002353,P0029,Home & Garden,1,55.22,0.0,55.22
ORD002353,P0051,Fashion,2,21.84,0.1,39.31
ORD002354,P0054,Fashion,2,37.85,0.0,75.7
ORD002354,P0065,Sports,3,310.58,0.0,931.74
ORD002354,P0113,Books & Media,1,10.97,0.0,10.97
ORD002354,P0014,Electronics,1,127.83,0.2,102.26
ORD002355,P0097,Beauty,2,37.48,0.0,74.96
ORD002356,P0059,Fashion,2,67.75,0.0,135.5
ORD002357,P0097,Beauty,2,37.48,0.0,74.96
ORD002357,P0112,Books & Media,1,36.19,0.2,28.95
ORD002357,P0040,Home & Garden,2,77.25,0.05,146.78
ORD002358,P0008,Electronics,1,601.4,0.05,571.33
ORD002359,P0089,Beauty,3,20.66,0.0,61.98
ORD002360,P0060,Fashion,1,117.44,0.0,117.44
ORD002360,P0037,Home & Garden,1,220.95,0.05,209.9
ORD002361,P0103,Books & Media,1,33.25,0.0,33.25
ORD002362,P0048,Fashion,2,30.16,0.0,60.32
ORD002362,P0068,Sports,2,52.84,0.0,105.68
ORD002362,P0039,Home & Garden,1,229.92,0.1,206.93
ORD002363,P0102,Books & Media,2,52.13,0.1,93.83
ORD002364,P0003,Electronics,2,675.0,0.0,1350.0
ORD002365,P0120,Books & Media,1,38.91,0.05,36.96
ORD002366,P0103,Books & Media,2,33.25,0.0,66.5
ORD002367,P0052,Fashion,2,129.07,0.0,258.14
ORD002367,P0026,Home & Garden,1,101.99,0.0,101.99
ORD002368,P0076,Sports,2,348.42,0.15,592.31
ORD002368,P0041,Fashion,1,109.82,0.05,104.33
ORD002369,P0056,Fashion,1,160.14,0.05,152.13
ORD002369,P0014,Electronics,1,127.83,0.0,127.83
ORD002369,P0096,Beauty,1,56.41,0.0,56.41
ORD002370,P0111,Books & Media,1,58.37,0.05,55.45
ORD002370,P0110,Books & Media,1,16.05,0.0,16.05
ORD002371,P0005,Electronics,1,407.63,0.0,407.63
ORD002372,P0075,Sports,1,90.37,0.1,81.33
ORD002373,P0043,Fashion,1,83.9,0.05,79.7
ORD002373,P0048,Fashion,2,30.16,0.0,60.32
ORD002373,P0078,Sports,1,64.33,0.0,64.33
ORD002374,P0035,Home & Garden,1,89.13,0.0,89.13
ORD002374,P0102,Books & Media,1,52.13,0.0,52.13
ORD002375,P0057,Fashion,3,100.09,0.0,300.27
ORD002375,P0067,Sports,1,310.35,0.1,279.32
ORD002375,P0046,Fashion,1,37.54,0.2,30.03
ORD002376,P0005,Electronics,1,407.63,0.1,366.87
ORD002376,P0018,Electronics,2,370.75,0.05,704.42
ORD002377,P0091,Beauty,1,90.2,0.0,90.2
ORD002378,P0053,Fashion,1,62.69,0.0,62.69
ORD002378,P0002,Electronics,1,282.77,0.0,282.77
ORD002379,P0072,Sports,1,111.14,0.1,100.03
ORD002380,P0093,Beauty,1,54.29,0.0,54.29
ORD002381,P0034,Home & Garden,1,68.83,0.0,68.83
ORD002381,P0004,Electronics,1,807.35,0.0,807.35
ORD002381,P0097,Beauty,1,37.48,0.2,29.98
ORD002381,P0012,Electronics,1,338.21,0.1,304.39
ORD002382,P0096,Beauty,1,56.41,0.0,56.41
ORD002383,P0011,Electronics,1,733.95,0.1,660.56
ORD002383,P0069,Sports,1,47.49,0.0,47.49
ORD002383,P0039,Home & Garden,2,229.92,0.0,459.84
ORD002383,P0017,Electronics,1,504.79,0.05,479.55
ORD002383,P0056,Fashion,2,160.14,0.0,320.28
ORD002384,P0025,Home & Garden,1,164.39,0.0,164.39
ORD002384,P0024,Home & Garden,1,38.74,0.15,32.93
ORD002384,P0094,Beauty,1,104.78,0.05,99.54
ORD002384,P0078,Sports,1,64.33,0.0,64.33
ORD002385,P0057,Fashion,1,100.09,0.0,100.09
ORD002386,P0098,Beauty,1,58.74,0.0,58.74
ORD002386,P0015,Electronics,1,769.37,0.0,769.37
ORD002387,P0041,Fashion,1,109.82,0.0,109.82
ORD002388,P0040,Home & Garden,1,77.25,0.05,73.39
ORD002389,P0016,Electronics,1,735.06,0.0,735.06
ORD002389,P0064,Sports,2,31.33,0.0,62.66
ORD002390,P0044,Fashion,2,179.61,0.05,341.26
ORD002390,P0087,Beauty,1,61.99,0.15,52.69
ORD002390,P0075,Sports,2,90.37,0.0,180.74
ORD002391,P0015,Electronics,1,769.37,0.05,730.9
ORD002392,P0090,Beauty,1,56.59,0.0,56.59
ORD002392,P0091,Beauty,2,90.2,0.1,162.36
ORD002393,P0019,Electronics,2,753.99,0.1,1357.18
ORD002393,P0049,Fashion,1,179.38,0.05,170.41
ORD002393,P0076,Sports,1,348.42,0.0,348.42
ORD002394,P0028,Home & Garden,1,167.29,0.05,158.93
ORD002395,P0054,Fashion,1,37.85,0.0,37.85
ORD002396,P0092,Beauty,2,118.26,0.0,236.52
ORD002396,P0041,Fashion,1,109.82,0.0,109.82
ORD002397,P0020,Electronics,1,781.45,0.0,781.45
ORD002397,P0028,Home & Garden,1,167.29,0.1,150.56
ORD002397,P0075,Sports,2,90.37,0.15,153.63
ORD002397,P0052,Fashion,1,129.07,0.0,129.07
ORD002397,P0048,Fashion,1,30.16,0.0,30.16
ORD002398,P0056,Fashion,1,160.14,0.0,160.14
ORD002399,P0118,Books & Media,2,20.23,0.0,40.46
ORD002399,P0063,Sports,1,25.19,0.15,21.41
ORD002399,P0034,Home & Garden,2,68.83,0.0,137.66
ORD002399,P0047,Fashion,1,146.73,0.0,146.73
ORD002400,P0002,Electronics,1,282.77,0.15,240.35
ORD002400,P0071,Sports,1,179.47,0.0,179.47
ORD002400,P0002,Electronics,1,282.77,0.0,282.77
ORD002401,P0068,Sports,1,52.84,0.0,52.84
ORD002402,P0018,Electronics,1,370.75,0.1,333.68
ORD002402,P0014,Electronics,2,127.83,0.0,255.66
ORD002403,P0027,Home & Garden,1,77.74,0.1,69.97
ORD002403,P0017,Electronics,1,504.79,0.05,479.55
ORD002403,P0036,Home & Garden,1,64.58,0.1,58.12
ORD002403,P0016,Electronics,1,735.06,0.05,698.31
ORD002403,P0047,Fashion,1,146.73,0.15,124.72
ORD002404,P0069,Sports,1,47.49,0.0,47.49
ORD002404,P0009,Electronics,1,236.37,0.15,200.91
ORD002405,P0055,Fashion,1,92.6,0.15,78.71
ORD002406,P0087,Beauty,1,61.99,0.1,55.79
ORD002407,P0104,Books & Media,1,28.85,0.0,28.85
ORD002408,P0104,Books & Media,1,28.85,0.1,25.97
ORD002408,P0005,Electronics,1,407.63,0.0,407.63
ORD002409,P0074,Sports,1,200.27,0.0,200.27
ORD002410,P0078,Sports,2,64.33,0.1,115.79
ORD002410,P0013,Electronics,1,862.63,0.1,776.37
ORD002411,P0010,Electronics,2,737.02,0.0,1474.04
ORD002411,P0013,Electronics,1,862.63,0.05,819.5
ORD002411,P0072,Sports,3,111.14,0.0,333.42
ORD002411,P0120,Books & Media,1,38.91,0.0,38.91
ORD002412,P0067,Sports,1,310.35,0.1,279.32
ORD002412,P0049,Fashion,1,179.38,0.0,179.38
ORD002412,P0025,Home & Garden,2,164.39,0.1,295.9
ORD002412,P0009,Electronics,3,236.37,0.0,709.11
ORD002413,P0044,Fashion,1,179.61,0.2,143.69
ORD002414,P0029,Home & Garden,2,55.22,0.0,110.44
ORD002414,P0104,Books & Media,1,28.85,0.05,27.41
ORD002415,P0113,Books & Media,1,10.97,0.2,8.78
ORD002416,P0043,Fashion,1,83.9,0.0,83.9
ORD002417,P0099,Beauty,3,70.54,0.1,190.46
ORD002417,P0009,Electronics,1,236.37,0.0,236.37
ORD002418,P0093,Beauty,1,54.29,0.1,48.86
ORD002419,P0080,Sports,1,99.79,0.05,94.8
ORD002420,P0074,Sports,1,200.27,0.0,200.27
ORD002420,P0089,Beauty,1,20.66,0.1,18.59
ORD002420,P0011,Electronics,1,733.95,0.05,697.25
ORD002421,P0022,Home & Garden,1,68.56,0.0,68.56
ORD002422,P0010,Electronics,1,737.02,0.05,700.17
ORD002423,P0022,Home & Garden,1,68.56,0.0,68.56
ORD002423,P0008,Electronics,1,601.4,0.0,601.4
ORD002423,P0005,Electronics,2,407.63,0.15,692.97
ORD002423,P0055,Fashion,1,92.6,0.05,87.97
ORD002423,P0031,Home & Garden,1,247.54,0.1,222.79
ORD002424,P0079,Sports,2,134.88,0.0,269.76
ORD002425,P0013,Electronics,1,862.63,0.0,862.63
ORD002425,P0036,Home & Garden,1,64.58,0.0,64.58
ORD002425,P0078,Sports,1,64.33,0.0,64.33
ORD002425,P0054,Fashion,1,37.85,0.0,37.85
ORD002425,P0106,Books & Media,1,21.79,0.0,21.79
ORD002426,P0058,Fashion,3,166.02,0.1,448.25
ORD002426,P0052,Fashion,1,129.07,0.0,129.07
ORD002426,P0039,Home & Garden,1,229.92,0.15,195.43
ORD002427,P0067,Sports,1,310.35,0.0,310.35
ORD002427,P0025,Home & Garden,1,164.39,0.05,156.17
ORD002427,P0014,Electronics,1,127.83,0.15,108.66
ORD002427,P0081,Beauty,1,17.81,0.1,16.03
ORD002428,P0057,Fashion,2,100.09,0.05,190.17
ORD002429,P0004,Electronics,1,807.35,0.0,807.35
ORD002429,P0045,Fashion,2,34.55,0.05,65.64
ORD002429,P0066,Sports,2,124.94,0.1,224.89
ORD002430,P0070,Sports,1,273.9,0.1,246.51
ORD002430,P0078,Sports,1,64.33,0.1,57.9
ORD002431,P0007,Electronics,1,71.56,0.0,71.56
ORD002432,P0089,Beauty,3,20.66,0.0,61.98
ORD002433,P0058,Fashion,3,166.02,0.0,498.06
ORD002434,P0093,Beauty,1,54.29,0.15,46.15
ORD002435,P0032,Home & Garden,1,145.88,0.05,138.59
ORD002436,P0059,Fashion,1,67.75,0.1,60.98
ORD002437,P0023,Home & Garden,1,33.75,0.2,27.0
ORD002438,P0001,Electronics,2,592.51,0.0,1185.02
ORD002438,P0013,Electronics,1,862.63,0.0,862.63
ORD002439,P0117,Books & Media,1,38.94,0.0,38.94
ORD002440,P0016,Electronics,1,735.06,0.2,588.05
ORD002441,P0057,Fashion,1,100.09,0.0,100.09
ORD002441,P0099,Beauty,1,70.54,0.0,70.54
ORD002441,P0119,Books & Media,1,54.29,0.0,54.29
ORD002442,P0035,Home & Garden,1,89.13,0.05,84.67
ORD002443,P0107,Books & Media,2,31.66,0.0,63.32
ORD002444,P0077,Sports,1,167.38,0.15,142.27
ORD002444,P0020,Electronics,3,781.45,0.0,2344.35
ORD002444,P0057,Fashion,1,100.09,0.0,100.09
ORD002444,P0095,Beauty,1,30.92,0.1,27.83
ORD002445,P0037,Home & Garden,1,220.95,0.15,187.81
ORD002445,P0068,Sports,1,52.84,0.0,52.84
ORD002445,P0101,Books & Media,1,58.39,0.0,58.39
ORD002445,P0054,Fashion,1,37.85,0.1,34.07
ORD002446,P0017,Electronics,2,504.79,0.1,908.62
ORD002446,P0020,Electronics,1,781.45,0.05,742.38
ORD002446,P0040,Home & Garden,1,77.25,0.05,73.39
ORD002447,P0103,Books & Media,1,33.25,0.0,33.25
ORD002448,P0120,Books & Media,1,38.91,0.0,38.91
ORD002448,P0009,Electronics,2,236.37,0.1,425.47
ORD002449,P0026,Home & Garden,1,101.99,0.0,101.99
ORD002449,P0100,Beauty,1,119.92,0.0,119.92
ORD002450,P0105,Books & Media,1,27.71,0.0,27.71
ORD002450,P0076,Sports,1,348.42,0.0,348.42
ORD002450,P0120,Books & Media,1,38.91,0.0,38.91
ORD002450,P0090,Beauty,1,56.59,0.0,56.59
ORD002451,P0025,Home & Garden,2,164.39,0.0,328.78
ORD002452,P0083,Beauty,1,104.56,0.0,104.56
ORD002452,P0044,Fashion,2,179.61,0.05,341.26
ORD002453,P0104,Books & Media,1,28.85,0.0,28.85
ORD002454,P0073,Sports,3,162.52,0.0,487.56
ORD002454,P0088,Beauty,1,98.82,0.0,98.82
ORD002455,P0017,Electronics,1,504.79,0.05,479.55
ORD002455,P0029,Home & Garden,2,55.22,0.0,110.44
ORD002456,P0039,Home & Garden,1,229.92,0.05,218.42
ORD002456,P0023,Home & Garden,2,33.75,0.05,64.12
ORD002457,P0052,Fashion,3,129.07,0.0,387.21
ORD002458,P0034,Home & Garden,1,68.83,0.15,58.51
ORD002458,P0107,Books & Media,2,31.66,0.0,63.32
ORD002458,P0017,Electronics,1,504.79,0.0,504.79
ORD002459,P0018,Electronics,2,370.75,0.05,704.42
ORD002460,P0007,Electronics,2,71.56,0.0,143.12
ORD002460,P0107,Books & Media,2,31.66,0.0,63.32
ORD002461,P0003,Electronics,1,675.0,0.2,540.0
ORD002462,P0004,Electronics,2,807.35,0.0,1614.7
ORD002462,P0010,Electronics,1,737.02,0.0,737.02
ORD002462,P0031,Home & Garden,1,247.54,0.0,247.54
ORD002462,P0031,Home & Garden,2,247.54,0.05,470.33
ORD002462,P0119,Books & Media,1,54.29,0.1,48.86
ORD002463,P0055,Fashion,1,92.6,0.0,92.6
ORD002464,P0058,Fashion,1,166.02,0.0,166.02
ORD002465,P0047,Fashion,2,146.73,0.15,249.44
ORD002465,P0037,Home & Garden,1,220.95,0.15,187.81
ORD002465,P0072,Sports,1,111.14,0.0,111.14
ORD002466,P0030,Home & Garden,1,53.4,0.0,53.4
ORD002466,P0022,Home & Garden,3,68.56,0.1,185.11
ORD002467,P0005,Electronics,1,407.63,0.0,407.63
ORD002467,P0017,Electronics,2,504.79,0.1,908.62
ORD002468,P0024,Home & Garden,1,38.74,0.05,36.8
ORD002468,P0023,Home & Garden,1,33.75,0.0,33.75
ORD002468,P0003,Electronics,1,675.0,0.05,641.25
ORD002468,P0040,Home & Garden,1,77.25,0.2,61.8
ORD002469,P0009,Electronics,2,236.37,0.0,472.74
ORD002469,P0072,Sports,1,111.14,0.0,111.14
ORD002470,P0102,Books & Media,3,52.13,0.0,156.39
ORD002470,P0073,Sports,1,162.52,0.05,154.39
ORD002471,P0112,Books & Media,2,36.19,0.0,72.38
ORD002472,P0025,Home & Garden,2,164.39,0.0,328.78
ORD002472,P0038,Home & Garden,1,169.03,0.2,135.22
ORD002472,P0033,Home & Garden,1,213.07,0.15,181.11
ORD002472,P0086,Beauty,2,112.91,0.0,225.82
ORD002473,P0057,Fashion,2,100.09,0.0,200.18
ORD002473,P0010,Electronics,1,737.02,0.0,737.02
ORD002474,P0101,Books & Media,2,58.39,0.0,116.78
ORD002474,P0015,Electronics,2,769.37,0.0,1538.74
ORD002475,P0045,Fashion,1,34.55,0.0,34.55
ORD002476,P0053,Fashion,2,62.69,0.0,125.38
ORD002477,P0104,Books & Media,2,28.85,0.0,57.7
ORD002477,P0010,Electronics,1,737.02,0.0,737.02
ORD002478,P0094,Beauty,1,104.78,0.0,104.78
ORD002479,P0025,Home & Garden,3,164.39,0.2,394.54
ORD002479,P0018,Electronics,1,370.75,0.0,370.75
ORD002480,P0037,Home & Garden,1,220.95,0.0,220.95
ORD002481,P0116,Books & Media,1,12.17,0.0,12.17
ORD002481,P0060,Fashion,2,117.44,0.2,187.9
ORD002481,P0085,Beauty,1,33.57,0.0,33.57
ORD002482,P0030,Home & Garden,1,53.4,0.0,53.4
ORD002482,P0034,Home & Garden,3,68.83,0.1,185.84
ORD002482,P0009,Electronics,3,236.37,0.0,709.11
ORD002482,P0045,Fashion,1,34.55,0.1,31.1
ORD002483,P0039,Home & Garden,1,229.92,0.0,229.92
ORD002484,P0088,Beauty,1,98.82,0.05,93.88
ORD002484,P0095,Beauty,1,30.92,0.0,30.92
ORD002484,P0057,Fashion,1,100.09,0.05,95.09
ORD002485,P0013,Electronics,2,862.63,0.0,1725.26
ORD002485,P0035,Home & Garden,1,89.13,0.0,89.13
ORD002485,P0032,Home & Garden,1,145.88,0.05,138.59
ORD002486,P0082,Beauty,1,35.18,0.05,33.42
ORD002487,P0093,Beauty,1,54.29,0.05,51.58
ORD002487,P0096,Beauty,1,56.41,0.05,53.59
ORD002487,P0092,Beauty,1,118.26,0.0,118.26
ORD002488,P0103,Books & Media,1,33.25,0.1,29.92
ORD002489,P0003,Electronics,1,675.0,0.0,675.0
ORD002490,P0082,Beauty,1,35.18,0.0,35.18
ORD002490,P0120,Books & Media,3,38.91,0.0,116.73
ORD002490,P0073,Sports,1,162.52,0.1,146.27
ORD002490,P0029,Home & Garden,2,55.22,0.2,88.35
ORD002491,P0060,Fashion,1,117.44,0.1,105.7
ORD002491,P0006,Electronics,2,234.84,0.0,469.68
ORD002491,P0074,Sports,1,200.27,0.0,200.27
ORD002492,P0111,Books & Media,1,58.37,0.0,58.37
ORD002493,P0117,Books & Media,2,38.94,0.2,62.3
ORD002493,P0058,Fashion,1,166.02,0.05,157.72
ORD002494,P0054,Fashion,1,37.85,0.0,37.85
ORD002494,P0104,Books & Media,2,28.85,0.0,57.7
ORD002495,P0042,Fashion,2,113.53,0.0,227.06
ORD002495,P0072,Sports,1,111.14,0.05,105.58
ORD002495,P0030,Home & Garden,1,53.4,0.0,53.4
ORD002495,P0075,Sports,2,90.37,0.0,180.74
ORD002495,P0033,Home & Garden,3,213.07,0.0,639.21
ORD002496,P0120,Books & Media,1,38.91,0.1,35.02
ORD002496,P0071,Sports,1,179.47,0.05,170.5
ORD002496,P0105,Books & Media,3,27.71,0.0,83.13
ORD002497,P0116,Books & Media,1,12.17,0.0,12.17
ORD002498,P0068,Sports,1,52.84,0.0,52.84
ORD002498,P0060,Fashion,1,117.44,0.0,117.44
ORD002498,P0095,Beauty,1,30.92,0.0,30.92
ORD002498,P0110,Books & Media,1,16.05,0.0,16.05
ORD002499,P0065,Sports,1,310.58,0.0,310.58
ORD002499,P0068,Sports,1,52.84,0.0,52.84
ORD002500,P0066,Sports,3,124.94,0.05,356.08
ORD002500,P0021,Home & Garden,1,180.57,0.0,180.57
ORD002501,P0005,Electronics,1,407.63,0.2,326.1
ORD002501,P0008,Electronics,2,601.4,0.0,1202.8
ORD002502,P0054,Fashion,1,37.85,0.0,37.85
ORD002502,P0104,Books & Media,3,28.85,0.05,82.22
ORD002503,P0021,Home & Garden,1,180.57,0.0,180.57
ORD002503,P0087,Beauty,1,61.99,0.0,61.99
ORD002504,P0089,Beauty,1,20.66,0.0,20.66
ORD002505,P0090,Beauty,1,56.59,0.05,53.76
ORD002506,P0009,Electronics,1,236.37,0.0,236.37
ORD002506,P0001,Electronics,1,592.51,0.05,562.88
ORD002506,P0089,Beauty,1,20.66,0.1,18.59
ORD002507,P0030,Home & Garden,2,53.4,0.2,85.44
ORD002508,P0063,Sports,1,25.19,0.0,25.19
ORD002509,P0060,Fashion,2,117.44,0.0,234.88
ORD002510,P0068,Sports,1,52.84,0.1,47.56
ORD002511,P0011,Electronics,1,733.95,0.0,733.95
ORD002511,P0064,Sports,3,31.33,0.0,93.99
ORD002512,P0044,Fashion,1,179.61,0.05,170.63
ORD002513,P0003,Electronics,1,675.0,0.05,641.25
ORD002513,P0007,Electronics,1,71.56,0.1,64.4
ORD002514,P0045,Fashion,1,34.55,0.0,34.55
ORD002514,P0016,Electronics,1,735.06,0.05,698.31
ORD002515,P0090,Beauty,1,56.59,0.05,53.76
ORD002516,P0010,Electronics,1,737.02,0.0,737.02
ORD002516,P0001,Electronics,2,592.51,0.0,1185.02
ORD002516,P0015,Electronics,1,769.37,0.0,769.37
ORD002517,P0110,Books & Media,1,16.05,0.0,16.05
ORD002518,P0032,Home & Garden,1,145.88,0.05,138.59
ORD002518,P0101,Books & Media,3,58.39,0.15,148.89
ORD002519,P0036,Home & Garden,1,64.58,0.1,58.12
ORD002519,P0007,Electronics,1,71.56,0.1,64.4
ORD002520,P0018,Electronics,1,370.75,0.15,315.14
ORD002520,P0058,Fashion,1,166.02,0.15,141.12
ORD002521,P0006,Electronics,1,234.84,0.1,211.36
ORD002521,P0019,Electronics,2,753.99,0.1,1357.18
ORD002522,P0020,Electronics,2,781.45,0.15,1328.46
ORD002523,P0052,Fashion,3,129.07,0.1,348.49
ORD002523,P0055,Fashion,1,92.6,0.15,78.71
ORD002523,P0050,Fashion,2,175.37,0.0,350.74
ORD002523,P0014,Electronics,1,127.83,0.15,108.66
ORD002524,P0023,Home & Garden,1,33.75,0.2,27.0
ORD002524,P0096,Beauty,2,56.41,0.1,101.54
ORD002525,P0056,Fashion,1,160.14,0.0,160.14
ORD002525,P0083,Beauty,1,104.56,0.0,104.56
ORD002526,P0084,Beauty,1,36.18,0.0,36.18
ORD002526,P0092,Beauty,1,118.26,0.05,112.35
ORD002526,P0070,Sports,1,273.9,0.0,273.9
ORD002527,P0067,Sports,1,310.35,0.0,310.35
ORD002527,P0003,Electronics,1,675.0,0.0,675.0
ORD002527,P0059,Fashion,1,67.75,0.0,67.75
ORD002528,P0002,Electronics,2,282.77,0.05,537.26
ORD002529,P0085,Beauty,1,33.57,0.0,33.57
ORD002529,P0026,Home & Garden,1,101.99,0.0,101.99
ORD002529,P0082,Beauty,2,35.18,0.05,66.84
ORD002530,P0027,Home & Garden,1,77.74,0.0,77.74
ORD002530,P0110,Books & Media,1,16.05,0.0,16.05
ORD002531,P0069,Sports,1,47.49,0.0,47.49
ORD002532,P0074,Sports,1,200.27,0.15,170.23
ORD002532,P0034,Home & Garden,1,68.83,0.15,58.51
ORD002533,P0097,Beauty,2,37.48,0.0,74.96
ORD002534,P0007,Electronics,2,71.56,0.05,135.96
ORD002535,P0031,Home & Garden,1,247.54,0.0,247.54
ORD002536,P0018,Electronics,1,370.75,0.0,370.75
ORD002536,P0066,Sports,1,124.94,0.15,106.2
ORD002536,P0046,Fashion,1,37.54,0.05,35.66
ORD002537,P0120,Books & Media,1,38.91,0.0,38.91
ORD002538,P0095,Beauty,3,30.92,0.0,92.76
ORD002538,P0024,Home & Garden,1,38.74,0.0,38.74
ORD002539,P0066,Sports,1,124.94,0.1,112.45
ORD002540,P0014,Electronics,1,127.83,0.0,127.83
ORD002540,P0102,Books & Media,1,52.13,0.0,52.13
ORD002541,P0041,Fashion,1,109.82,0.0,109.82
ORD002541,P0032,Home & Garden,2,145.88,0.2,233.41
ORD002541,P0050,Fashion,1,175.37,0.0,175.37
ORD002542,P0018,Electronics,1,370.75,0.05,352.21
ORD002543,P0029,Home & Garden,2,55.22,0.1,99.4
ORD002543,P0027,Home & Garden,1,77.74,0.0,77.74
ORD002544,P0038,Home & Garden,2,169.03,0.0,338.06
ORD002545,P0001,Electronics,2,592.51,0.1,1066.52
ORD002545,P0031,Home & Garden,1,247.54,0.05,235.16
ORD002546,P0065,Sports,1,310.58,0.0,310.58
ORD002546,P0114,Books & Media,2,34.15,0.1,61.47
ORD002547,P0013,Electronics,2,862.63,0.0,1725.26
ORD002547,P0018,Electronics,1,370.75,0.0,370.75
ORD002547,P0037,Home & Garden,2,220.95,0.0,441.9
ORD002547,P0082,Beauty,1,35.18,0.0,35.18
ORD002548,P0017,Electronics,1,504.79,0.0,504.79
ORD002548,P0041,Fashion,1,109.82,0.1,98.84
ORD002548,P0114,Books & Media,1,34.15,0.0,34.15
ORD002549,P0028,Home & Garden,2,167.29,0.05,317.85
ORD002550,P0087,Beauty,1,61.99,0.0,61.99
ORD002551,P0031,Home & Garden,1,247.54,0.15,210.41
ORD002551,P0051,Fashion,1,21.84,0.0,21.84
ORD002551,P0035,Home & Garden,2,89.13,0.2,142.61
ORD002551,P0052,Fashion,2,129.07,0.0,258.14
ORD002551,P0019,Electronics,1,753.99,0.05,716.29
ORD002552,P0078,Sports,1,64.33,0.05,61.11
ORD002553,P0013,Electronics,1,862.63,0.0,862.63
ORD002553,P0112,Books & Media,1,36.19,0.0,36.19
ORD002554,P0014,Electronics,1,127.83,0.1,115.05
ORD002555,P0009,Electronics,2,236.37,0.0,472.74
ORD002556,P0069,Sports,2,47.49,0.05,90.23
ORD002556,P0113,Books & Media,2,10.97,0.0,21.94
ORD002557,P0062,Sports,3,278.05,0.1,750.74
ORD002557,P0090,Beauty,2,56.59,0.0,113.18
ORD002558,P0047,Fashion,1,146.73,0.0,146.73
ORD002558,P0090,Beauty,1,56.59,0.05,53.76
ORD002558,P0070,Sports,3,273.9,0.05,780.61
ORD002559,P0065,Sports,1,310.58,0.05,295.05
ORD002560,P0037,Home & Garden,1,220.95,0.0,220.95
ORD002561,P0104,Books & Media,2,28.85,0.0,57.7
ORD002561,P0035,Home & Garden,2,89.13,0.0,178.26
ORD002561,P0030,Home & Garden,2,53.4,0.05,101.46
ORD002562,P0079,Sports,2,134.88,0.0,269.76
ORD002563,P0024,Home & Garden,2,38.74,0.15,65.86
ORD002563,P0048,Fashion,3,30.16,0.1,81.43
ORD002563,P0060,Fashion,1,117.44,0.0,117.44
ORD002564,P0120,Books & Media,1,38.91,0.0,38.91
ORD002564,P0040,Home & Garden,1,77.25,0.0,77.25
ORD002565,P0048,Fashion,1,30.16,0.1,27.14
ORD002565,P0063,Sports,1,25.19,0.2,20.15
ORD002565,P0043,Fashion,1,83.9,0.1,75.51
ORD002565,P0106,Books & Media,1,21.79,0.0,21.79
ORD002565,P0024,Home & Garden,2,38.74,0.0,77.48
ORD002566,P0009,Electronics,2,236.37,0.0,472.74
ORD002566,P0022,Home & Garden,1,68.56,0.05,65.13
ORD002567,P0083,Beauty,1,104.56,0.0,104.56
ORD002567,P0067,Sports,1,310.35,0.0,310.35
ORD002568,P0031,Home & Garden,1,247.54,0.05,235.16
ORD002568,P0003,Electronics,1,675.0,0.0,675.0
ORD002568,P0050,Fashion,1,175.37,0.0,175.37
ORD002568,P0010,Electronics,2,737.02,0.0,1474.04
ORD002569,P0011,Electronics,1,733.95,0.1,660.56
ORD002570,P0104,Books & Media,2,28.85,0.0,57.7
ORD002570,P0115,Books & Media,3,16.19,0.0,48.57
ORD002571,P0067,Sports,1,310.35,0.15,263.8
ORD002572,P0014,Electronics,1,127.83,0.05,121.44
ORD002572,P0023,Home & Garden,1,33.75,0.15,28.69
ORD002573,P0004,Electronics,1,807.35,0.05,766.98
ORD002574,P0007,Electronics,3,71.56,0.05,203.95
ORD002575,P0034,Home & Garden,1,68.83,0.0,68.83
ORD002576,P0005,Electronics,2,407.63,0.1,733.73
ORD002576,P0086,Beauty,1,112.91,0.0,112.91
ORD002577,P0095,Beauty,1,30.92,0.0,30.92
ORD002577,P0019,Electronics,1,753.99,0.05,716.29
ORD002577,P0060,Fashion,1,117.44,0.2,93.95
ORD002577,P0042,Fashion,1,113.53,0.2,90.82
ORD002577,P0099,Beauty,2,70.54,0.0,141.08
ORD002578,P0108,Books & Media,2,57.78,0.0,115.56
ORD002578,P0055,Fashion,2,92.6,0.15,157.42
ORD002579,P0117,Books & Media,1,38.94,0.0,38.94
ORD002579,P0068,Sports,3,52.84,0.0,158.52
ORD002579,P0012,Electronics,1,338.21,0.0,338.21
ORD002579,P0023,Home & Garden,1,33.75,0.0,33.75
ORD002580,P0051,Fashion,1,21.84,0.0,21.84
ORD002581,P0036,Home & Garden,2,64.58,0.0,129.16
ORD002581,P0046,Fashion,1,37.54,0.0,37.54
ORD002582,P0018,Electronics,2,370.75,0.0,741.5
ORD002582,P0062,Sports,1,278.05,0.0,278.05
ORD002583,P0066,Sports,1,124.94,0.0,124.94
ORD002584,P0052,Fashion,1,129.07,0.0,129.07
ORD002584,P0094,Beauty,1,104.78,0.0,104.78
ORD002584,P0104,Books & Media,1,28.85,0.05,27.41
ORD002584,P0031,Home & Garden,1,247.54,0.0,247.54
ORD002584,P0096,Beauty,2,56.41,0.0,112.82
ORD002585,P0068,Sports,1,52.84,0.0,52.84
ORD002585,P0080,Sports,1,99.79,0.0,99.79
ORD002586,P0070,Sports,1,273.9,0.15,232.81
ORD002586,P0021,Home & Garden,2,180.57,0.05,343.08
ORD002586,P0102,Books & Media,1,52.13,0.0,52.13
ORD002586,P0032,Home & Garden,1,145.88,0.0,145.88
ORD002587,P0086,Beauty,1,112.91,0.05,107.26
ORD002588,P0029,Home & Garden,1,55.22,0.0,55.22
ORD002589,P0062,Sports,1,278.05,0.0,278.05
ORD002589,P0025,Home & Garden,1,164.39,0.05,156.17
ORD002590,P0041,Fashion,2,109.82,0.0,219.64
ORD002591,P0118,Books & Media,2,20.23,0.0,40.46
ORD002592,P0022,Home & Garden,1,68.56,0.05,65.13
ORD002593,P0112,Books & Media,1,36.19,0.0,36.19
ORD002594,P0098,Beauty,2,58.74,0.1,105.73
ORD002594,P0059,Fashion,1,67.75,0.05,64.36
ORD002594,P0120,Books & Media,1,38.91,0.05,36.96
ORD002595,P0093,Beauty,2,54.29,0.1,97.72
ORD002595,P0066,Sports,1,124.94,0.0,124.94
ORD002596,P0067,Sports,1,310.35,0.15,263.8
ORD002597,P0066,Sports,1,124.94,0.2,99.95
ORD002598,P0053,Fashion,1,62.69,0.15,53.29
ORD002598,P0110,Books & Media,1,16.05,0.05,15.25
ORD002599,P0089,Beauty,1,20.66,0.15,17.56
ORD002599,P0020,Electronics,1,781.45,0.0,781.45
ORD002599,P0092,Beauty,1,118.26,0.05,112.35
ORD002599,P0096,Beauty,2,56.41,0.05,107.18
ORD002600,P0046,Fashion,3,37.54,0.05,106.99
ORD002600,P0039,Home & Garden,1,229.92,0.1,206.93
ORD002601,P0033,Home & Garden,1,213.07,0.05,202.42
ORD002601,P0012,Electronics,1,338.21,0.05,321.3
ORD002602,P0114,Books & Media,2,34.15,0.15,58.05
ORD002603,P0118,Books & Media,1,20.23,0.0,20.23
ORD002604,P0070,Sports,2,273.9,0.0,547.8
ORD002605,P0036,Home & Garden,2,64.58,0.0,129.16
ORD002605,P0028,Home & Garden,1,167.29,0.0,167.29
ORD002606,P0009,Electronics,1,236.37,0.0,236.37
ORD002607,P0069,Sports,1,47.49,0.0,47.49
ORD002607,P0117,Books & Media,3,38.94,0.0,116.82
ORD002607,P0045,Fashion,1,34.55,0.0,34.55
ORD002608,P0030,Home & Garden,2,53.4,0.0,106.8
ORD002609,P0062,Sports,3,278.05,0.1,750.74
ORD002609,P0081,Beauty,1,17.81,0.0,17.81
ORD002610,P0048,Fashion,1,30.16,0.0,30.16
ORD002611,P0026,Home & Garden,2,101.99,0.0,203.98
ORD002612,P0035,Home & Garden,2,89.13,0.1,160.43
ORD002612,P0003,Electronics,1,675.0,0.15,573.75
ORD002612,P0108,Books & Media,1,57.78,0.15,49.11
ORD002612,P0059,Fashion,1,67.75,0.0,67.75
ORD002613,P0050,Fashion,2,175.37,0.0,350.74
ORD002614,P0085,Beauty,1,33.57,0.0,33.57
ORD002614,P0001,Electronics,3,592.51,0.0,1777.53
ORD002614,P0029,Home & Garden,1,55.22,0.0,55.22
ORD002614,P0064,Sports,2,31.33,0.0,62.66
ORD002615,P0029,Home & Garden,1,55.22,0.05,52.46
ORD002615,P0035,Home & Garden,1,89.13,0.05,84.67
ORD002615,P0088,Beauty,2,98.82,0.0,197.64
ORD002616,P0070,Sports,1,273.9,0.0,273.9
ORD002616,P0020,Electronics,1,781.45,0.1,703.3
ORD002616,P0076,Sports,2,348.42,0.05,662.0
ORD002617,P0035,Home & Garden,1,89.13,0.0,89.13
ORD002617,P0021,Home & Garden,1,180.57,0.0,180.57
ORD002617,P0061,Sports,1,272.82,0.05,259.18
ORD002617,P0102,Books & Media,1,52.13,0.05,49.52
ORD002618,P0035,Home & Garden,3,89.13,0.15,227.28
ORD002619,P0105,Books & Media,1,27.71,0.0,27.71
ORD002620,P0048,Fashion,1,30.16,0.0,30.16
ORD002621,P0006,Electronics,2,234.84,0.2,375.74
ORD002621,P0061,Sports,1,272.82,0.1,245.54
ORD002622,P0063,Sports,1,25.19,0.0,25.19
ORD002623,P0120,Books & Media,3,38.91,0.0,116.73
ORD002623,P0014,Electronics,1,127.83,0.1,115.05
ORD002623,P0072,Sports,1,111.14,0.0,111.14
ORD002624,P0056,Fashion,2,160.14,0.2,256.22
ORD002624,P0090,Beauty,3,56.59,0.1,152.79
ORD002625,P0071,Sports,1,179.47,0.0,179.47
ORD002626,P0056,Fashion,3,160.14,0.1,432.38
ORD002626,P0023,Home & Garden,1,33.75,0.0,33.75
ORD002626,P0064,Sports,3,31.33,0.0,93.99
ORD002627,P0048,Fashion,1,30.16,0.0,30.16
ORD002627,P0007,Electronics,1,71.56,0.0,71.56
ORD002628,P0064,Sports,2,31.33,0.0,62.66
ORD002629,P0064,Sports,1,31.33,0.15,26.63
ORD002629,P0102,Books & Media,1,52.13,0.0,52.13
ORD002630,P0051,Fashion,1,21.84,0.05,20.75
ORD002630,P0120,Books & Media,2,38.91,0.05,73.93
ORD002630,P0006,Electronics,1,234.84,0.0,234.84
ORD002630,P0059,Fashion,2,67.75,0.05,128.72
ORD002631,P0004,Electronics,1,807.35,0.15,686.25
ORD002632,P0060,Fashion,2,117.44,0.05,223.14
ORD002632,P0030,Home & Garden,1,53.4,0.0,53.4
ORD002632,P0050,Fashion,1,175.37,0.05,166.6
ORD002633,P0017,Electronics,1,504.79,0.0,504.79
ORD002634,P0115,Books & Media,1,16.19,0.0,16.19
ORD002634,P0046,Fashion,1,37.54,0.0,37.54
ORD002635,P0001,Electronics,1,592.51,0.0,592.51
ORD002635,P0025,Home & Garden,1,164.39,0.1,147.95
ORD002636,P0031,Home & Garden,2,247.54,0.0,495.08
ORD002637,P0031,Home & Garden,1,247.54,0.0,247.54
ORD002637,P0115,Books & Media,1,16.19,0.1,14.57
ORD002638,P0103,Books & Media,1,33.25,0.0,33.25
ORD002638,P0044,Fashion,1,179.61,0.0,179.61
ORD002639,P0098,Beauty,1,58.74,0.0,58.74
ORD002639,P0040,Home & Garden,1,77.25,0.0,77.25
ORD002639,P0043,Fashion,2,83.9,0.0,167.8
ORD002639,P0097,Beauty,2,37.48,0.0,74.96
ORD002640,P0007,Electronics,1,71.56,0.05,67.98
ORD002640,P0037,Home & Garden,1,220.95,0.05,209.9
ORD002641,P0052,Fashion,1,129.07,0.05,122.62
ORD002641,P0044,Fashion,2,179.61,0.0,359.22
ORD002642,P0090,Beauty,1,56.59,0.1,50.93
ORD002642,P0021,Home & Garden,3,180.57,0.05,514.62
ORD002643,P0116,Books & Media,1,12.17,0.15,10.34
ORD002643,P0097,Beauty,1,37.48,0.0,37.48
ORD002644,P0067,Sports,2,310.35,0.1,558.63
ORD002644,P0012,Electronics,1,338.21,0.1,304.39
ORD002644,P0007,Electronics,1,71.56,0.0,71.56
ORD002645,P0046,Fashion,1,37.54,0.05,35.66
ORD002645,P0014,Electronics,1,127.83,0.0,127.83
ORD002646,P0049,Fashion,3,179.38,0.1,484.33
ORD002646,P0057,Fashion,3,100.09,0.1,270.24
ORD002647,P0110,Books & Media,3,16.05,0.2,38.52
ORD002648,P0009,Electronics,1,236.37,0.0,236.37
ORD002649,P0034,Home & Garden,1,68.83,0.05,65.39
ORD002649,P0091,Beauty,2,90.2,0.0,180.4
ORD002650,P0018,Electronics,1,370.75,0.15,315.14
ORD002650,P0109,Books & Media,1,36.9,0.05,35.06
ORD002650,P0008,Electronics,1,601.4,0.05,571.33
ORD002650,P0106,Books & Media,1,21.79,0.1,19.61
ORD002651,P0038,Home & Garden,2,169.03,0.15,287.35
ORD002651,P0114,Books & Media,2,34.15,0.05,64.88
ORD002652,P0004,Electronics,2,807.35,0.05,1533.96
ORD002653,P0020,Electronics,2,781.45,0.1,1406.61
ORD002654,P0038,Home & Garden,1,169.03,0.05,160.58
ORD002655,P0018,Electronics,2,370.75,0.1,667.35
ORD002656,P0038,Home & Garden,1,169.03,0.0,169.03
ORD002657,P0075,Sports,1,90.37,0.15,76.81
ORD002657,P0112,Books & Media,1,36.19,0.0,36.19
ORD002657,P0016,Electronics,2,735.06,0.15,1249.6
ORD002658,P0005,Electronics,1,407.63,0.0,407.63
ORD002658,P0033,Home & Garden,3,213.07,0.0,639.21
ORD002659,P0101,Books & Media,1,58.39,0.0,58.39
ORD002660,P0109,Books & Media,1,36.9,0.0,36.9
ORD002660,P0005,Electronics,1,407.63,0.0,407.63
ORD002660,P0032,Home & Garden,1,145.88,0.0,145.88
ORD002660,P0028,Home & Garden,1,167.29,0.0,167.29
ORD002661,P0035,Home & Garden,2,89.13,0.2,142.61
ORD002661,P0096,Beauty,3,56.41,0.0,169.23
ORD002661,P0030,Home & Garden,1,53.4,0.1,48.06
ORD002662,P0013,Electronics,1,862.63,0.2,690.1
ORD002662,P0016,Electronics,1,735.06,0.0,735.06
ORD002663,P0010,Electronics,1,737.02,0.0,737.02
ORD002663,P0085,Beauty,1,33.57,0.0,33.57
ORD002663,P0020,Electronics,1,781.45,0.0,781.45
ORD002664,P0118,Books & Media,1,20.23,0.0,20.23
ORD002665,P0007,Electronics,1,71.56,0.15,60.83
ORD002666,P0092,Beauty,2,118.26,0.0,236.52
ORD002667,P0047,Fashion,1,146.73,0.1,132.06
ORD002668,P0035,Home & Garden,2,89.13,0.15,151.52
ORD002668,P0025,Home & Garden,2,164.39,0.0,328.78
ORD002669,P0075,Sports,1,90.37,0.0,90.37
ORD002670,P0076,Sports,1,348.42,0.1,313.58
ORD002671,P0091,Beauty,1,90.2,0.15,76.67
ORD002672,P0014,Electronics,1,127.83,0.0,127.83
ORD002673,P0087,Beauty,1,61.99,0.0,61.99
ORD002673,P0068,Sports,1,52.84,0.0,52.84
ORD002674,P0035,Home & Garden,1,89.13,0.0,89.13
ORD002675,P0023,Home & Garden,1,33.75,0.05,32.06
ORD002676,P0042,Fashion,1,113.53,0.0,113.53
ORD002677,P0071,Sports,2,179.47,0.15,305.1
ORD002677,P0053,Fashion,2,62.69,0.0,125.38
ORD002678,P0056,Fashion,2,160.14,0.15,272.24
ORD002678,P0100,Beauty,2,119.92,0.05,227.85
ORD002678,P0104,Books & Media,2,28.85,0.1,51.93
ORD002678,P0027,Home & Garden,1,77.74,0.0,77.74
ORD002678,P0015,Electronics,2,769.37,0.05,1461.8
ORD002679,P0020,Electronics,1,781.45,0.0,781.45
ORD002680,P0046,Fashion,2,37.54,0.0,75.08
ORD002681,P0003,Electronics,1,675.0,0.0,675.0
ORD002682,P0071,Sports,2,179.47,0.0,358.94
ORD002683,P0008,Electronics,1,601.4,0.0,601.4
ORD002684,P0059,Fashion,1,67.75,0.0,67.75
ORD002685,P0087,Beauty,1,61.99,0.0,61.99
ORD002685,P0093,Beauty,1,54.29,0.2,43.43
ORD002685,P0058,Fashion,1,166.02,0.15,141.12
ORD002685,P0069,Sports,2,47.49,0.0,94.98
ORD002685,P0058,Fashion,1,166.02,0.05,157.72
ORD002686,P0075,Sports,2,90.37,0.0,180.74
ORD002686,P0026,Home & Garden,1,101.99,0.0,101.99
ORD002687,P0045,Fashion,2,34.55,0.0,69.1
ORD002688,P0116,Books & Media,2,12.17,0.0,24.34
ORD002688,P0013,Electronics,3,862.63,0.0,2587.89
ORD002688,P0005,Electronics,2,407.63,0.0,815.26
ORD002689,P0019,Electronics,2,753.99,0.0,1507.98
ORD002689,P0090,Beauty,1,56.59,0.0,56.59
ORD002690,P0018,Electronics,1,370.75,0.0,370.75
ORD002691,P0097,Beauty,2,37.48,0.0,74.96
ORD002692,P0100,Beauty,1,119.92,0.0,119.92
ORD002692,P0032,Home & Garden,2,145.88,0.0,291.76
ORD002692,P0048,Fashion,3,30.16,0.0,90.48
ORD002692,P0031,Home & Garden,1,247.54,0.0,247.54
ORD002693,P0030,Home & Garden,3,53.4,0.1,144.18
ORD002693,P0057,Fashion,3,100.09,0.0,300.27
ORD002694,P0020,Electronics,1,781.45,0.0,781.45
ORD002695,P0044,Fashion,2,179.61,0.05,341.26
ORD002695,P0008,Electronics,1,601.4,0.1,541.26
ORD002696,P0061,Sports,1,272.82,0.0,272.82
ORD002697,P0090,Beauty,1,56.59,0.0,56.59
ORD002698,P0001,Electronics,1,592.51,0.0,592.51
ORD002698,P0114,Books & Media,3,34.15,0.1,92.2
ORD002699,P0086,Beauty,2,112.91,0.1,203.24
ORD002700,P0007,Electronics,2,71.56,0.0,143.12
ORD002700,P0064,Sports,1,31.33,0.0,31.33
ORD002701,P0036,Home & Garden,2,64.58,0.0,129.16
ORD002702,P0095,Beauty,2,30.92,0.05,58.75
ORD002702,P0054,Fashion,1,37.85,0.15,32.17
ORD002702,P0118,Books & Media,1,20.23,0.0,20.23
ORD002702,P0081,Beauty,2,17.81,0.0,35.62
ORD002702,P0087,Beauty,1,61.99,0.0,61.99
ORD002703,P0061,Sports,2,272.82,0.05,518.36
ORD002704,P0020,Electronics,2,781.45,0.0,1562.9
ORD002705,P0008,Electronics,2,601.4,0.15,1022.38
ORD002705,P0051,Fashion,1,21.84,0.05,20.75
ORD002706,P0114,Books & Media,2,34.15,0.05,64.88
ORD002707,P0063,Sports,1,25.19,0.1,22.67
ORD002708,P0023,Home & Garden,1,33.75,0.0,33.75
ORD002708,P0091,Beauty,1,90.2,0.0,90.2
ORD002709,P0094,Beauty,1,104.78,0.0,104.78
ORD002709,P0049,Fashion,1,179.38,0.1,161.44
ORD002709,P0024,Home & Garden,1,38.74,0.0,38.74
ORD002710,P0115,Books & Media,1,16.19,0.0,16.19
ORD002711,P0067,Sports,1,310.35,0.05,294.83
ORD002711,P0112,Books & Media,1,36.19,0.0,36.19
ORD002711,P0004,Electronics,1,807.35,0.0,807.35
ORD002712,P0060,Fashion,1,117.44,0.0,117.44
ORD002713,P0008,Electronics,1,601.4,0.05,571.33
ORD002713,P0022,Home & Garden,3,68.56,0.0,205.68
ORD002713,P0097,Beauty,1,37.48,0.1,33.73
ORD002714,P0063,Sports,2,25.19,0.1,45.34
ORD002714,P0010,Electronics,1,737.02,0.0,737.02
ORD002715,P0054,Fashion,1,37.85,0.15,32.17
ORD002715,P0063,Sports,3,25.19,0.0,75.57
ORD002716,P0072,Sports,2,111.14,0.05,211.17
ORD002717,P0015,Electronics,1,769.37,0.0,769.37
ORD002717,P0003,Electronics,1,675.0,0.1,607.5
ORD002718,P0037,Home & Garden,1,220.95,0.05,209.9
ORD002719,P0066,Sports,1,124.94,0.0,124.94
ORD002719,P0001,Electronics,1,592.51,0.0,592.51
ORD002719,P0018,Electronics,1,370.75,0.0,370.75
ORD002720,P0073,Sports,1,162.52,0.05,154.39
ORD002721,P0093,Beauty,1,54.29,0.0,54.29
ORD002721,P0104,Books & Media,2,28.85,0.0,57.7
ORD002722,P0043,Fashion,1,83.9,0.05,79.7
ORD002722,P0052,Fashion,1,129.07,0.0,129.07
ORD002722,P0077,Sports,1,167.38,0.0,167.38
ORD002722,P0055,Fashion,1,92.6,0.0,92.6
ORD002723,P0028,Home & Garden,1,167.29,0.0,167.29
ORD002724,P0072,Sports,1,111.14,0.05,105.58
ORD002724,P0053,Fashion,1,62.69,0.1,56.42
ORD002724,P0044,Fashion,1,179.61,0.0,179.61
ORD002724,P0030,Home & Garden,2,53.4,0.05,101.46
ORD002724,P0018,Electronics,1,370.75,0.2,296.6
ORD002725,P0084,Beauty,1,36.18,0.05,34.37
ORD002725,P0059,Fashion,2,67.75,0.0,135.5
ORD002726,P0032,Home & Garden,2,145.88,0.1,262.58
ORD002726,P0001,Electronics,1,592.51,0.05,562.88
ORD002726,P0118,Books & Media,3,20.23,0.0,60.69
ORD002727,P0043,Fashion,1,83.9,0.0,83.9
ORD002727,P0030,Home & Garden,2,53.4,0.1,96.12
ORD002727,P0069,Sports,1,47.49,0.0,47.49
ORD002728,P0025,Home & Garden,1,164.39,0.0,164.39
ORD002728,P0087,Beauty,2,61.99,0.0,123.98
ORD002728,P0105,Books & Media,1,27.71,0.0,27.71
ORD002728,P0074,Sports,2,200.27,0.0,400.54
ORD002729,P0004,Electronics,1,807.35,0.05,766.98
ORD002730,P0068,Sports,1,52.84,0.1,47.56
ORD002731,P0084,Beauty,1,36.18,0.0,36.18
ORD002731,P0078,Sports,1,64.33,0.05,61.11
ORD002732,P0017,Electronics,2,504.79,0.0,1009.58
ORD002732,P0060,Fashion,1,117.44,0.0,117.44
ORD002733,P0061,Sports,1,272.82,0.05,259.18
ORD002734,P0026,Home & Garden,1,101.99,0.0,101.99
ORD002735,P0038,Home & Garden,1,169.03,0.0,169.03
ORD002735,P0005,Electronics,2,407.63,0.0,815.26
ORD002736,P0037,Home & Garden,1,220.95,0.0,220.95
ORD002736,P0099,Beauty,1,70.54,0.05,67.01
ORD002736,P0043,Fashion,2,83.9,0.15,142.63
ORD002737,P0058,Fashion,2,166.02,0.0,332.04
ORD002737,P0012,Electronics,1,338.21,0.0,338.21
ORD002738,P0082,Beauty,1,35.18,0.1,31.66
ORD002739,P0095,Beauty,1,30.92,0.0,30.92
ORD002739,P0039,Home & Garden,1,229.92,0.1,206.93
ORD002740,P0011,Electronics,1,733.95,0.05,697.25
ORD002741,P0024,Home & Garden,2,38.74,0.0,77.48
ORD002742,P0008,Electronics,1,601.4,0.0,601.4
ORD002743,P0098,Beauty,1,58.74,0.0,58.74
ORD002744,P0041,Fashion,1,109.82,0.0,109.82
ORD002745,P0026,Home & Garden,2,101.99,0.1,183.58
ORD002746,P0034,Home & Garden,1,68.83,0.0,68.83
ORD002746,P0107,Books & Media,1,31.66,0.1,28.49
ORD002746,P0055,Fashion,2,92.6,0.05,175.94
ORD002746,P0076,Sports,1,348.42,0.05,331.0
ORD002747,P0020,Electronics,1,781.45,0.1,703.3
ORD002747,P0106,Books & Media,1,21.79,0.0,21.79
ORD002747,P0029,Home & Garden,1,55.22,0.15,46.94
ORD002747,P0062,Sports,1,278.05,0.05,264.15
ORD002748,P0040,Home & Garden,1,77.25,0.0,77.25
ORD002749,P0036,Home & Garden,1,64.58,0.0,64.58
ORD002750,P0066,Sports,1,124.94,0.1,112.45
ORD002750,P0044,Fashion,3,179.61,0.05,511.89
ORD002750,P0026,Home & Garden,2,101.99,0.0,203.98
ORD002751,P0017,Electronics,1,504.79,0.0,504.79
ORD002752,P0102,Books & Media,2,52.13,0.0,104.26
ORD002752,P0040,Home & Garden,1,77.25,0.0,77.25
ORD002752,P0015,Electronics,2,769.37,0.2,1230.99
ORD002753,P0055,Fashion,2,92.6,0.05,175.94
ORD002753,P0003,Electronics,1,675.0,0.1,607.5
ORD002754,P0044,Fashion,1,179.61,0.2,143.69
ORD002754,P0015,Electronics,1,769.37,0.0,769.37
ORD002754,P0098,Beauty,1,58.74,0.1,52.87
ORD002755,P0072,Sports,1,111.14,0.0,111.14
ORD002756,P0115,Books & Media,1,16.19,0.0,16.19
ORD002756,P0118,Books & Media,2,20.23,0.05,38.44
ORD002756,P0064,Sports,2,31.33,0.05,59.53
ORD002757,P0109,Books & Media,1,36.9,0.0,36.9
ORD002758,P0062,Sports,2,278.05,0.0,556.1
ORD002758,P0014,Electronics,1,127.83,0.15,108.66
ORD002758,P0017,Electronics,1,504.79,0.1,454.31
ORD002759,P0094,Beauty,2,104.78,0.05,199.08
ORD002759,P0099,Beauty,2,70.54,0.15,119.92
ORD002759,P0060,Fashion,2,117.44,0.2,187.9
ORD002760,P0046,Fashion,2,37.54,0.0,75.08
ORD002760,P0033,Home & Garden,1,213.07,0.0,213.07
ORD002761,P0047,Fashion,1,146.73,0.05,139.39
ORD002761,P0019,Electronics,1,753.99,0.05,716.29
ORD002762,P0115,Books & Media,1,16.19,0.0,16.19
ORD002762,P0031,Home & Garden,1,247.54,0.0,247.54
ORD002763,P0104,Books & Media,1,28.85,0.0,28.85
ORD002763,P0007,Electronics,1,71.56,0.15,60.83
ORD002763,P0047,Fashion,1,146.73,0.0,146.73
ORD002764,P0072,Sports,1,111.14,0.1,100.03
ORD002764,P0053,Fashion,1,62.69,0.0,62.69
ORD002765,P0015,Electronics,1,769.37,0.1,692.43
ORD002766,P0057,Fashion,1,100.09,0.2,80.07
ORD002766,P0062,Sports,3,278.05,0.0,834.15
ORD002767,P0074,Sports,1,200.27,0.0,200.27
ORD002767,P0006,Electronics,1,234.84,0.0,234.84
ORD002768,P0103,Books & Media,2,33.25,0.0,66.5
ORD002769,P0015,Electronics,1,769.37,0.0,769.37
ORD002769,P0047,Fashion,1,146.73,0.0,146.73
ORD002769,P0036,Home & Garden,1,64.58,0.0,64.58
ORD002769,P0115,Books & Media,1,16.19,0.0,16.19
ORD002770,P0031,Home & Garden,1,247.54,0.1,222.79
ORD002770,P0089,Beauty,1,20.66,0.2,16.53
ORD002771,P0043,Fashion,2,83.9,0.0,167.8
ORD002771,P0011,Electronics,1,733.95,0.0,733.95
ORD002772,P0086,Beauty,2,112.91,0.05,214.53
ORD002773,P0085,Beauty,1,33.57,0.05,31.89
ORD002773,P0070,Sports,2,273.9,0.1,493.02
ORD002774,P0100,Beauty,1,119.92,0.05,113.92
ORD002774,P0043,Fashion,1,83.9,0.05,79.7
ORD002775,P0111,Books & Media,1,58.37,0.0,58.37
ORD002776,P0073,Sports,1,162.52,0.0,162.52
ORD002776,P0097,Beauty,1,37.48,0.1,33.73
ORD002776,P0077,Sports,1,167.38,0.0,167.38
ORD002777,P0046,Fashion,1,37.54,0.05,35.66
ORD002777,P0001,Electronics,2,592.51,0.05,1125.77
ORD002777,P0019,Electronics,1,753.99,0.0,753.99
ORD002777,P0019,Electronics,1,753.99,0.2,603.19
ORD002778,P0011,Electronics,1,733.95,0.05,697.25
ORD002778,P0070,Sports,1,273.9,0.0,273.9
ORD002779,P0066,Sports,1,124.94,0.0,124.94
ORD002780,P0043,Fashion,1,83.9,0.0,83.9
ORD002781,P0057,Fashion,1,100.09,0.0,100.09
ORD002782,P0070,Sports,1,273.9,0.05,260.2
ORD002782,P0055,Fashion,1,92.6,0.0,92.6
ORD002782,P0004,Electronics,1,807.35,0.05,766.98
ORD002783,P0065,Sports,2,310.58,0.0,621.16
ORD002784,P0105,Books & Media,1,27.71,0.0,27.71
ORD002784,P0015,Electronics,1,769.37,0.0,769.37
ORD002785,P0040,Home & Garden,2,77.25,0.0,154.5
ORD002786,P0048,Fashion,1,30.16,0.0,30.16
ORD002786,P0075,Sports,1,90.37,0.0,90.37
ORD002787,P0012,Electronics,1,338.21,0.0,338.21
ORD002788,P0037,Home & Garden,1,220.95,0.0,220.95
ORD002788,P0042,Fashion,1,113.53,0.0,113.53
ORD002789,P0111,Books & Media,1,58.37,0.0,58.37
ORD002790,P0040,Home & Garden,2,77.25,0.15,131.32
ORD002790,P0102,Books & Media,1,52.13,0.0,52.13
ORD002790,P0029,Home & Garden,1,55.22,0.0,55.22
ORD002790,P0058,Fashion,3,166.02,0.0,498.06
ORD002791,P0004,Electronics,1,807.35,0.1,726.62
ORD002792,P0042,Fashion,1,113.53,0.0,113.53
ORD002793,P0058,Fashion,2,166.02,0.0,332.04
ORD002794,P0056,Fashion,1,160.14,0.0,160.14
ORD002794,P0009,Electronics,1,236.37,0.0,236.37
ORD002795,P0093,Beauty,1,54.29,0.0,54.29
ORD002795,P0045,Fashion,3,34.55,0.0,103.65
ORD002795,P0092,Beauty,2,118.26,0.0,236.52
ORD002795,P0102,Books & Media,1,52.13,0.0,52.13
ORD002796,P0006,Electronics,1,234.84,0.05,223.1
ORD002796,P0019,Electronics,1,753.99,0.05,716.29
ORD002797,P0024,Home & Garden,1,38.74,0.0,38.74
ORD002797,P0105,Books & Media,3,27.71,0.1,74.82
ORD002798,P0078,Sports,1,64.33,0.0,64.33
ORD002798,P0110,Books & Media,1,16.05,0.0,16.05
ORD002798,P0062,Sports,1,278.05,0.0,278.05
ORD002798,P0039,Home & Garden,2,229.92,0.15,390.86
ORD002799,P0084,Beauty,1,36.18,0.15,30.75
ORD002800,P0023,Home & Garden,1,33.75,0.0,33.75
ORD002801,P0092,Beauty,1,118.26,0.0,118.26
ORD002801,P0068,Sports,2,52.84,0.0,105.68
ORD002801,P0068,Sports,2,52.84,0.05,100.4
ORD002802,P0024,Home & Garden,1,38.74,0.05,36.8
ORD002802,P0008,Electronics,2,601.4,0.0,1202.8
ORD002803,P0008,Electronics,1,601.4,0.1,541.26
ORD002803,P0007,Electronics,1,71.56,0.15,60.83
ORD002803,P0014,Electronics,2,127.83,0.0,255.66
ORD002804,P0068,Sports,2,52.84,0.0,105.68
ORD002805,P0108,Books & Media,2,57.78,0.0,115.56
ORD002805,P0088,Beauty,1,98.82,0.0,98.82
ORD002805,P0019,Electronics,3,753.99,0.0,2261.97
ORD002806,P0087,Beauty,2,61.99,0.0,123.98
ORD002807,P0046,Fashion,2,37.54,0.2,60.06
ORD002808,P0054,Fashion,1,37.85,0.0,37.85
ORD002808,P0032,Home & Garden,2,145.88,0.1,262.58
ORD002808,P0107,Books & Media,1,31.66,0.0,31.66
ORD002808,P0085,Beauty,1,33.57,0.0,33.57
ORD002809,P0052,Fashion,2,129.07,0.1,232.33
ORD002809,P0115,Books & Media,2,16.19,0.2,25.9
ORD002809,P0070,Sports,2,273.9,0.0,547.8
ORD002809,P0026,Home & Garden,1,101.99,0.1,91.79
ORD002809,P0101,Books & Media,3,58.39,0.1,157.65
ORD002810,P0056,Fashion,1,160.14,0.0,160.14
ORD002810,P0014,Electronics,2,127.83,0.05,242.88
ORD002810,P0038,Home & Garden,1,169.03,0.15,143.68
ORD002810,P0059,Fashion,1,67.75,0.0,67.75
ORD002811,P0004,Electronics,1,807.35,0.0,807.35
ORD002811,P0037,Home & Garden,1,220.95,0.0,220.95
ORD002811,P0110,Books & Media,1,16.05,0.0,16.05
ORD002812,P0096,Beauty,1,56.41,0.0,56.41
ORD002812,P0019,Electronics,1,753.99,0.05,716.29
ORD002813,P0009,Electronics,1,236.37,0.1,212.73
ORD002813,P0050,Fashion,2,175.37,0.0,350.74
ORD002813,P0044,Fashion,2,179.61,0.0,359.22
ORD002813,P0021,Home & Garden,1,180.57,0.1,162.51
ORD002814,P0004,Electronics,2,807.35,0.05,1533.96
ORD002814,P0070,Sports,1,273.9,0.0,273.9
ORD002815,P0047,Fashion,1,146.73,0.1,132.06
ORD002816,P0027,Home & Garden,1,77.74,0.0,77.74
ORD002817,P0043,Fashion,2,83.9,0.05,159.41
ORD002818,P0001,Electronics,1,592.51,0.05,562.88
ORD002819,P0004,Electronics,1,807.35,0.05,766.98
ORD002820,P0113,Books & Media,1,10.97,0.05,10.42
ORD002820,P0059,Fashion,1,67.75,0.0,67.75
ORD002821,P0033,Home & Garden,1,213.07,0.05,202.42
ORD002822,P0095,Beauty,1,30.92,0.1,27.83
ORD002823,P0046,Fashion,2,37.54,0.0,75.08
ORD002823,P0020,Electronics,1,781.45,0.15,664.23
ORD002824,P0094,Beauty,3,104.78,0.05,298.62
ORD002824,P0071,Sports,1,179.47,0.05,170.5
ORD002825,P0029,Home & Garden,1,55.22,0.05,52.46
ORD002825,P0014,Electronics,1,127.83,0.05,121.44
ORD002826,P0039,Home & Garden,1,229.92,0.2,183.94
ORD002826,P0075,Sports,1,90.37,0.0,90.37
ORD002827,P0031,Home & Garden,1,247.54,0.0,247.54
ORD002827,P0010,Electronics,1,737.02,0.1,663.32
ORD002827,P0056,Fashion,2,160.14,0.0,320.28
ORD002827,P0034,Home & Garden,1,68.83,0.2,55.06
ORD002828,P0100,Beauty,1,119.92,0.05,113.92
ORD002828,P0100,Beauty,1,119.92,0.0,119.92
ORD002828,P0014,Electronics,1,127.83,0.0,127.83
ORD002828,P0063,Sports,1,25.19,0.0,25.19
ORD002829,P0080,Sports,1,99.79,0.15,84.82
ORD002830,P0103,Books & Media,1,33.25,0.0,33.25
ORD002830,P0118,Books & Media,1,20.23,0.1,18.21
ORD002831,P0057,Fashion,1,100.09,0.1,90.08
ORD002832,P0007,Electronics,1,71.56,0.1,64.4
ORD002833,P0009,Electronics,1,236.37,0.0,236.37
ORD002833,P0007,Electronics,1,71.56,0.0,71.56
ORD002833,P0043,Fashion,1,83.9,0.0,83.9
ORD002833,P0052,Fashion,1,129.07,0.15,109.71
ORD002833,P0098,Beauty,3,58.74,0.0,176.22
ORD002834,P0020,Electronics,2,781.45,0.0,1562.9
ORD002834,P0093,Beauty,2,54.29,0.0,108.58
ORD002834,P0025,Home & Garden,1,164.39,0.05,156.17
ORD002835,P0003,Electronics,2,675.0,0.0,1350.0
ORD002835,P0005,Electronics,1,407.63,0.0,407.63
ORD002836,P0036,Home & Garden,3,64.58,0.0,193.74
ORD002836,P0049,Fashion,2,179.38,0.2,287.01
ORD002836,P0063,Sports,2,25.19,0.05,47.86
ORD002836,P0034,Home & Garden,2,68.83,0.1,123.89
ORD002836,P0033,Home & Garden,1,213.07,0.1,191.76
ORD002837,P0013,Electronics,1,862.63,0.0,862.63
ORD002838,P0010,Electronics,2,737.02,0.05,1400.34
ORD002839,P0120,Books & Media,3,38.91,0.0,116.73
ORD002840,P0037,Home & Garden,1,220.95,0.0,220.95
ORD002841,P0090,Beauty,1,56.59,0.0,56.59
ORD002841,P0046,Fashion,2,37.54,0.0,75.08
ORD002842,P0118,Books & Media,2,20.23,0.0,40.46
ORD002843,P0046,Fashion,1,37.54,0.0,37.54
ORD002844,P0107,Books & Media,1,31.66,0.05,30.08
ORD002844,P0060,Fashion,1,117.44,0.0,117.44
ORD002845,P0025,Home & Garden,1,164.39,0.0,164.39
ORD002845,P0043,Fashion,1,83.9,0.0,83.9
ORD002846,P0067,Sports,1,310.35,0.0,310.35
ORD002846,P0037,Home & Garden,1,220.95,0.2,176.76
ORD002846,P0108,Books & Media,1,57.78,0.05,54.89
ORD002846,P0104,Books & Media,1,28.85,0.0,28.85
ORD002847,P0027,Home & Garden,3,77.74,0.0,233.22
ORD002847,P0009,Electronics,1,236.37,0.0,236.37
ORD002848,P0050,Fashion,1,175.37,0.15,149.06
ORD002849,P0008,Electronics,1,601.4,0.0,601.4
ORD002850,P0063,Sports,1,25.19,0.0,25.19
ORD002851,P0109,Books & Media,3,36.9,0.1,99.63
ORD002851,P0068,Sports,1,52.84,0.05,50.2
ORD002852,P0095,Beauty,1,30.92,0.1,27.83
ORD002852,P0024,Home & Garden,1,38.74,0.0,38.74
ORD002852,P0033,Home & Garden,1,213.07,0.1,191.76
ORD002852,P0002,Electronics,3,282.77,0.0,848.31
ORD002852,P0014,Electronics,1,127.83,0.05,121.44
ORD002853,P0046,Fashion,2,37.54,0.05,71.33
ORD002854,P0038,Home & Garden,1,169.03,0.05,160.58
ORD002854,P0034,Home & Garden,2,68.83,0.05,130.78
ORD002854,P0001,Electronics,1,592.51,0.0,592.51
ORD002855,P0002,Electronics,1,282.77,0.0,282.77
ORD002855,P0058,Fashion,1,166.02,0.1,149.42
ORD002855,P0059,Fashion,1,67.75,0.0,67.75
ORD002855,P0032,Home & Garden,3,145.88,0.0,437.64
ORD002856,P0063,Sports,1,25.19,0.0,25.19
ORD002856,P0027,Home & Garden,1,77.74,0.05,73.85
ORD002857,P0020,Electronics,1,781.45,0.1,703.3
ORD002857,P0083,Beauty,1,104.56,0.0,104.56
ORD002857,P0116,Books & Media,1,12.17,0.0,12.17
ORD002858,P0045,Fashion,1,34.55,0.05,32.82
ORD002858,P0073,Sports,2,162.52,0.05,308.79
ORD002858,P0058,Fashion,1,166.02,0.0,166.02
ORD002859,P0032,Home & Garden,1,145.88,0.05,138.59
ORD002859,P0043,Fashion,1,83.9,0.0,83.9
ORD002859,P0010,Electronics,1,737.02,0.0,737.02
ORD002859,P0038,Home & Garden,2,169.03,0.0,338.06
ORD002860,P0036,Home & Garden,1,64.58,0.15,54.89
ORD002861,P0010,Electronics,1,737.02,0.0,737.02
ORD002862,P0043,Fashion,1,83.9,0.0,83.9
ORD002863,P0010,Electronics,2,737.02,0.05,1400.34
ORD002863,P0008,Electronics,1,601.4,0.1,541.26
ORD002864,P0119,Books & Media,1,54.29,0.0,54.29
ORD002865,P0060,Fashion,2,117.44,0.0,234.88
ORD002865,P0029,Home & Garden,1,55.22,0.0,55.22
ORD002865,P0015,Electronics,1,769.37,0.1,692.43
ORD002866,P0068,Sports,1,52.84,0.2,42.27
ORD002867,P0109,Books & Media,3,36.9,0.1,99.63
ORD002868,P0058,Fashion,1,166.02,0.0,166.02
ORD002868,P0014,Electronics,1,127.83,0.2,102.26
ORD002868,P0108,Books & Media,1,57.78,0.05,54.89
ORD002868,P0120,Books & Media,1,38.91,0.1,35.02
ORD002868,P0005,Electronics,1,407.63,0.0,407.63
ORD002869,P0113,Books & Media,3,10.97,0.0,32.91
ORD002870,P0111,Books & Media,3,58.37,0.0,175.11
ORD002870,P0049,Fashion,1,179.38,0.0,179.38
ORD002871,P0014,Electronics,1,127.83,0.0,127.83
ORD002871,P0084,Beauty,1,36.18,0.05,34.37
ORD002872,P0085,Beauty,1,33.57,0.1,30.21
ORD002872,P0015,Electronics,1,769.37,0.05,730.9
ORD002872,P0065,Sports,1,310.58,0.1,279.52
ORD002873,P0057,Fashion,1,100.09,0.0,100.09
ORD002874,P0038,Home & Garden,1,169.03,0.1,152.13
ORD002874,P0065,Sports,1,310.58,0.0,310.58
ORD002875,P0004,Electronics,3,807.35,0.0,2422.05
ORD002875,P0073,Sports,1,162.52,0.15,138.14
ORD002876,P0091,Beauty,1,90.2,0.0,90.2
ORD002876,P0111,Books & Media,1,58.37,0.0,58.37
ORD002876,P0076,Sports,2,348.42,0.0,696.84
ORD002877,P0082,Beauty,1,35.18,0.05,33.42
ORD002877,P0072,Sports,3,111.14,0.0,333.42
ORD002878,P0044,Fashion,1,179.61,0.0,179.61
ORD002879,P0041,Fashion,1,109.82,0.05,104.33
ORD002879,P0082,Beauty,1,35.18,0.2,28.14
ORD002879,P0057,Fashion,1,100.09,0.0,100.09
ORD002880,P0050,Fashion,1,175.37,0.15,149.06
ORD002881,P0093,Beauty,1,54.29,0.0,54.29
ORD002881,P0035,Home & Garden,2,89.13,0.0,178.26
ORD002882,P0002,Electronics,1,282.77,0.0,282.77
ORD002883,P0051,Fashion,3,21.84,0.0,65.52
ORD002883,P0059,Fashion,1,67.75,0.15,57.59
ORD002883,P0085,Beauty,1,33.57,0.0,33.57
ORD002883,P0007,Electronics,1,71.56,0.0,71.56
ORD002884,P0103,Books & Media,1,33.25,0.0,33.25
ORD002884,P0107,Books & Media,3,31.66,0.05,90.23
ORD002885,P0046,Fashion,3,37.54,0.1,101.36
ORD002885,P0114,Books & Media,1,34.15,0.0,34.15
ORD002886,P0038,Home & Garden,1,169.03,0.0,169.03
ORD002887,P0088,Beauty,1,98.82,0.0,98.82
ORD002888,P0015,Electronics,1,769.37,0.0,769.37
ORD002888,P0049,Fashion,3,179.38,0.0,538.14
ORD002889,P0014,Electronics,1,127.83,0.05,121.44
ORD002890,P0059,Fashion,1,67.75,0.1,60.98
ORD002890,P0088,Beauty,1,98.82,0.0,98.82
ORD002890,P0091,Beauty,2,90.2,0.1,162.36
ORD002890,P0086,Beauty,1,112.91,0.0,112.91
ORD002891,P0053,Fashion,2,62.69,0.2,100.3
ORD002891,P0011,Electronics,1,733.95,0.1,660.56
ORD002892,P0093,Beauty,1,54.29,0.0,54.29
ORD002893,P0069,Sports,1,47.49,0.0,47.49
ORD002894,P0116,Books & Media,1,12.17,0.0,12.17
ORD002894,P0114,Books & Media,1,34.15,0.15,29.03
ORD002895,P0005,Electronics,1,407.63,0.0,407.63
ORD002895,P0081,Beauty,1,17.81,0.0,17.81
ORD002895,P0028,Home & Garden,1,167.29,0.0,167.29
ORD002896,P0005,Electronics,1,407.63,0.05,387.25
ORD002897,P0084,Beauty,2,36.18,0.0,72.36
ORD002898,P0103,Books & Media,1,33.25,0.05,31.59
ORD002898,P0105,Books & Media,1,27.71,0.0,27.71
ORD002898,P0047,Fashion,1,146.73,0.15,124.72
ORD002899,P0054,Fashion,1,37.85,0.05,35.96
ORD002899,P0018,Electronics,2,370.75,0.05,704.42
ORD002900,P0116,Books & Media,3,12.17,0.05,34.68
ORD002901,P0070,Sports,1,273.9,0.2,219.12
ORD002902,P0045,Fashion,1,34.55,0.05,32.82
ORD002903,P0036,Home & Garden,1,64.58,0.0,64.58
ORD002903,P0002,Electronics,2,282.77,0.1,508.99
ORD002903,P0090,Beauty,2,56.59,0.0,113.18
ORD002904,P0047,Fashion,1,146.73,0.0,146.73
ORD002905,P0108,Books & Media,1,57.78,0.0,57.78
ORD002906,P0106,Books & Media,1,21.79,0.0,21.79
ORD002906,P0005,Electronics,1,407.63,0.0,407.63
ORD002906,P0063,Sports,2,25.19,0.15,42.82
ORD002907,P0096,Beauty,1,56.41,0.05,53.59
ORD002907,P0046,Fashion,1,37.54,0.05,35.66
ORD002908,P0120,Books & Media,1,38.91,0.05,36.96
ORD002909,P0003,Electronics,1,675.0,0.15,573.75
ORD002909,P0079,Sports,1,134.88,0.1,121.39
ORD002909,P0008,Electronics,1,601.4,0.0,601.4
ORD002910,P0024,Home & Garden,2,38.74,0.15,65.86
ORD002911,P0034,Home & Garden,1,68.83,0.0,68.83
ORD002912,P0065,Sports,2,310.58,0.1,559.04
ORD002912,P0003,Electronics,1,675.0,0.0,675.0
ORD002913,P0047,Fashion,2,146.73,0.0,293.46
ORD002913,P0052,Fashion,1,129.07,0.0,129.07
ORD002913,P0021,Home & Garden,3,180.57,0.05,514.62
ORD002913,P0049,Fashion,1,179.38,0.0,179.38
ORD002914,P0034,Home & Garden,1,68.83,0.05,65.39
ORD002914,P0030,Home & Garden,3,53.4,0.0,160.2
ORD002915,P0095,Beauty,2,30.92,0.1,55.66
ORD002915,P0060,Fashion,1,117.44,0.15,99.82
ORD002915,P0033,Home & Garden,1,213.07,0.0,213.07
ORD002916,P0020,Electronics,1,781.45,0.0,781.45
ORD002916,P0110,Books & Media,1,16.05,0.15,13.64
ORD002916,P0013,Electronics,2,862.63,0.0,1725.26
ORD002917,P0102,Books & Media,2,52.13,0.0,104.26
ORD002918,P0020,Electronics,1,781.45,0.0,781.45
ORD002919,P0055,Fashion,1,92.6,0.0,92.6
ORD002920,P0034,Home & Garden,3,68.83,0.15,175.52
ORD002920,P0098,Beauty,1,58.74,0.15,49.93
ORD002920,P0086,Beauty,1,112.91,0.2,90.33
ORD002921,P0103,Books & Media,1,33.25,0.0,33.25
ORD002922,P0090,Beauty,1,56.59,0.1,50.93
ORD002923,P0016,Electronics,1,735.06,0.15,624.8
ORD002924,P0009,Electronics,1,236.37,0.1,212.73
ORD002925,P0058,Fashion,1,166.02,0.0,166.02
ORD002925,P0046,Fashion,2,37.54,0.05,71.33
ORD002925,P0018,Electronics,2,370.75,0.05,704.42
ORD002926,P0030,Home & Garden,1,53.4,0.0,53.4
ORD002926,P0110,Books & Media,3,16.05,0.15,40.93
ORD002926,P0007,Electronics,1,71.56,0.0,71.56
ORD002926,P0085,Beauty,3,33.57,0.15,85.6
ORD002927,P0117,Books & Media,1,38.94,0.0,38.94
ORD002928,P0048,Fashion,2,30.16,0.0,60.32
ORD002928,P0033,Home & Garden,2,213.07,0.05,404.83
ORD002929,P0005,Electronics,1,407.63,0.2,326.1
ORD002929,P0078,Sports,1,64.33,0.0,64.33
ORD002930,P0029,Home & Garden,1,55.22,0.0,55.22
ORD002930,P0038,Home & Garden,1,169.03,0.0,169.03
ORD002931,P0076,Sports,3,348.42,0.0,1045.26
ORD002931,P0017,Electronics,1,504.79,0.0,504.79
ORD002932,P0110,Books & Media,1,16.05,0.1,14.44
ORD002932,P0079,Sports,2,134.88,0.0,269.76
ORD002932,P0058,Fashion,1,166.02,0.05,157.72
ORD002932,P0056,Fashion,1,160.14,0.1,144.13
ORD002932,P0032,Home & Garden,1,145.88,0.0,145.88
ORD002933,P0088,Beauty,1,98.82,0.0,98.82
ORD002934,P0011,Electronics,2,733.95,0.05,1394.5
ORD002935,P0003,Electronics,1,675.0,0.0,675.0
ORD002935,P0008,Electronics,1,601.4,0.0,601.4
ORD002935,P0098,Beauty,3,58.74,0.1,158.6
ORD002936,P0041,Fashion,3,109.82,0.0,329.46
ORD002936,P0112,Books & Media,1,36.19,0.0,36.19
ORD002937,P0044,Fashion,1,179.61,0.0,179.61
ORD002937,P0017,Electronics,1,504.79,0.1,454.31
ORD002937,P0019,Electronics,1,753.99,0.0,753.99
ORD002938,P0013,Electronics,2,862.63,0.0,1725.26
ORD002939,P0053,Fashion,2,62.69,0.0,125.38
ORD002940,P0026,Home & Garden,2,101.99,0.0,203.98
ORD002940,P0048,Fashion,1,30.16,0.1,27.14
ORD002941,P0070,Sports,1,273.9,0.05,260.2
ORD002942,P0043,Fashion,1,83.9,0.0,83.9
ORD002942,P0013,Electronics,3,862.63,0.0,2587.89
ORD002943,P0101,Books & Media,2,58.39,0.05,110.94
ORD002943,P0003,Electronics,1,675.0,0.15,573.75
ORD002943,P0067,Sports,1,310.35,0.05,294.83
ORD002943,P0063,Sports,1,25.19,0.1,22.67
ORD002944,P0118,Books & Media,1,20.23,0.05,19.22
ORD002945,P0029,Home & Garden,1,55.22,0.0,55.22
ORD002946,P0031,Home & Garden,2,247.54,0.0,495.08
ORD002946,P0065,Sports,1,310.58,0.05,295.05
ORD002947,P0047,Fashion,1,146.73,0.0,146.73
ORD002948,P0037,Home & Garden,1,220.95,0.0,220.95
ORD002948,P0066,Sports,1,124.94,0.0,124.94
ORD002948,P0116,Books & Media,1,12.17,0.05,11.56
ORD002949,P0004,Electronics,2,807.35,0.05,1533.96
ORD002949,P0007,Electronics,2,71.56,0.0,143.12
ORD002950,P0106,Books & Media,2,21.79,0.0,43.58
ORD002951,P0070,Sports,2,273.9,0.0,547.8
ORD002951,P0076,Sports,2,348.42,0.0,696.84
ORD002951,P0068,Sports,2,52.84,0.0,105.68
ORD002952,P0003,Electronics,2,675.0,0.05,1282.5
ORD002953,P0087,Beauty,1,61.99,0.05,58.89
ORD002954,P0034,Home & Garden,1,68.83,0.0,68.83
ORD002954,P0017,Electronics,1,504.79,0.0,504.79
ORD002955,P0013,Electronics,1,862.63,0.0,862.63
ORD002955,P0015,Electronics,1,769.37,0.0,769.37
ORD002956,P0114,Books & Media,1,34.15,0.05,32.44
ORD002956,P0063,Sports,2,25.19,0.05,47.86
ORD002956,P0038,Home & Garden,1,169.03,0.05,160.58
ORD002956,P0106,Books & Media,1,21.79,0.0,21.79
ORD002957,P0013,Electronics,1,862.63,0.0,862.63
ORD002958,P0020,Electronics,1,781.45,0.0,781.45
ORD002958,P0006,Electronics,1,234.84,0.0,234.84
ORD002958,P0041,Fashion,1,109.82,0.05,104.33
ORD002959,P0054,Fashion,1,37.85,0.05,35.96
ORD002959,P0008,Electronics,1,601.4,0.05,571.33
ORD002959,P0041,Fashion,2,109.82,0.0,219.64
ORD002960,P0023,Home & Garden,2,33.75,0.0,67.5
ORD002960,P0005,Electronics,2,407.63,0.2,652.21
ORD002960,P0022,Home & Garden,1,68.56,0.0,68.56
ORD002961,P0119,Books & Media,2,54.29,0.05,103.15
ORD002962,P0112,Books & Media,1,36.19,0.15,30.76
ORD002962,P0079,Sports,1,134.88,0.05,128.14
ORD002962,P0028,Home & Garden,1,167.29,0.0,167.29
ORD002963,P0043,Fashion,1,83.9,0.1,75.51
ORD002964,P0070,Sports,1,273.9,0.0,273.9
ORD002965,P0015,Electronics,1,769.37,0.0,769.37
ORD002966,P0056,Fashion,1,160.14,0.1,144.13
ORD002966,P0009,Electronics,1,236.37,0.15,200.91
ORD002966,P0072,Sports,1,111.14,0.1,100.03
ORD002966,P0011,Electronics,1,733.95,0.1,660.56
ORD002966,P0119,Books & Media,1,54.29,0.05,51.58
ORD002967,P0001,Electronics,3,592.51,0.05,1688.65
ORD002968,P0054,Fashion,2,37.85,0.0,75.7
ORD002968,P0034,Home & Garden,1,68.83,0.05,65.39
ORD002969,P0108,Books & Media,1,57.78,0.0,57.78
ORD002970,P0053,Fashion,1,62.69,0.0,62.69
ORD002971,P0058,Fashion,1,166.02,0.0,166.02
ORD002972,P0013,Electronics,1,862.63,0.0,862.63
ORD002973,P0017,Electronics,1,504.79,0.0,504.79
ORD002974,P0091,Beauty,1,90.2,0.1,81.18
ORD002975,P0104,Books & Media,1,28.85,0.0,28.85
ORD002975,P0024,Home & Garden,1,38.74,0.0,38.74
ORD002976,P0117,Books & Media,1,38.94,0.2,31.15
ORD002977,P0045,Fashion,1,34.55,0.0,34.55
ORD002978,P0013,Electronics,2,862.63,0.1,1552.73
ORD002978,P0011,Electronics,2,733.95,0.05,1394.5
ORD002979,P0074,Sports,2,200.27,0.0,400.54
ORD002979,P0065,Sports,1,310.58,0.2,248.46
ORD002980,P0024,Home & Garden,3,38.74,0.15,98.79
ORD002980,P0026,Home & Garden,1,101.99,0.0,101.99
ORD002981,P0005,Electronics,1,407.63,0.05,387.25
ORD002981,P0014,Electronics,2,127.83,0.0,255.66
ORD002982,P0009,Electronics,1,236.37,0.0,236.37
ORD002982,P0106,Books & Media,1,21.79,0.0,21.79
ORD002983,P0089,Beauty,1,20.66,0.0,20.66
ORD002984,P0020,Electronics,2,781.45,0.15,1328.46
ORD002985,P0039,Home & Garden,1,229.92,0.15,195.43
ORD002985,P0044,Fashion,1,179.61,0.05,170.63
ORD002986,P0065,Sports,1,310.58,0.05,295.05
ORD002987,P0026,Home & Garden,1,101.99,0.0,101.99
ORD002988,P0061,Sports,3,272.82,0.2,654.77
ORD002988,P0055,Fashion,1,92.6,0.0,92.6
ORD002988,P0045,Fashion,2,34.55,0.05,65.64
ORD002988,P0017,Electronics,1,504.79,0.05,479.55
ORD002989,P0041,Fashion,1,109.82,0.1,98.84
ORD002990,P0019,Electronics,1,753.99,0.05,716.29
ORD002990,P0021,Home & Garden,1,180.57,0.05,171.54
ORD002991,P0062,Sports,1,278.05,0.05,264.15
ORD002991,P0046,Fashion,1,37.54,0.0,37.54
ORD002992,P0053,Fashion,1,62.69,0.2,50.15
ORD002993,P0066,Sports,2,124.94,0.0,249.88
ORD002994,P0116,Books & Media,1,12.17,0.0,12.17
ORD002995,P0044,Fashion,1,179.61,0.0,179.61
ORD002995,P0109,Books & Media,2,36.9,0.1,66.42
ORD002996,P0108,Books & Media,1,57.78,0.1,52.0
ORD002996,P0093,Beauty,2,54.29,0.0,108.58
ORD002996,P0101,Books & Media,2,58.39,0.0,116.78
ORD002996,P0049,Fashion,1,179.38,0.0,179.38
ORD002996,P0085,Beauty,2,33.57,0.0,67.14
ORD002997,P0036,Home & Garden,2,64.58,0.0,129.16
ORD002998,P0031,Home & Garden,2,247.54,0.1,445.57
ORD002998,P0018,Electronics,1,370.75,0.05,352.21
ORD002999,P0023,Home & Garden,1,33.75,0.0,33.75
ORD002999,P0044,Fashion,1,179.61,0.0,179.61
ORD002999,P0016,Electronics,1,735.06,0.05,698.31
ORD002999,P0063,Sports,1,25.19,0.0,25.19
ORD002999,P0080,Sports,2,99.79,0.0,199.58
ORD003000,P0011,Electronics,1,733.95,0.0,733.95
ORD003000,P0015,Electronics,1,769.37,0.1,692.43
ORD003001,P0015,Electronics,1,769.37,0.05,730.9
ORD003002,P0097,Beauty,1,37.48,0.0,37.48
ORD003003,P0025,Home & Garden,2,164.39,0.0,328.78
ORD003004,P0048,Fashion,1,30.16,0.05,28.65
ORD003004,P0113,Books & Media,1,10.97,0.0,10.97
ORD003005,P0022,Home & Garden,3,68.56,0.0,205.68
ORD003005,P0002,Electronics,1,282.77,0.15,240.35
ORD003006,P0075,Sports,1,90.37,0.05,85.85
ORD003006,P0068,Sports,1,52.84,0.05,50.2
ORD003006,P0089,Beauty,2,20.66,0.0,41.32
ORD003007,P0040,Home & Garden,2,77.25,0.1,139.05
ORD003008,P0049,Fashion,2,179.38,0.0,358.76
ORD003008,P0014,Electronics,1,127.83,0.0,127.83
ORD003009,P0033,Home & Garden,1,213.07,0.05,202.42
ORD003009,P0044,Fashion,1,179.61,0.0,179.61
ORD003009,P0086,Beauty,1,112.91,0.05,107.26
ORD003009,P0067,Sports,3,310.35,0.1,837.94
ORD003009,P0063,Sports,1,25.19,0.05,23.93
ORD003010,P0001,Electronics,1,592.51,0.05,562.88
ORD003010,P0106,Books & Media,3,21.79,0.1,58.83
ORD003010,P0094,Beauty,1,104.78,0.1,94.3
ORD003011,P0034,Home & Garden,1,68.83,0.0,68.83
ORD003012,P0044,Fashion,1,179.61,0.05,170.63
ORD003012,P0028,Home & Garden,1,167.29,0.05,158.93
ORD003013,P0022,Home & Garden,1,68.56,0.15,58.28
ORD003013,P0007,Electronics,1,71.56,0.0,71.56
ORD003014,P0071,Sports,2,179.47,0.2,287.15
ORD003014,P0100,Beauty,1,119.92,0.05,113.92
ORD003015,P0080,Sports,1,99.79,0.0,99.79
ORD003015,P0010,Electronics,1,737.02,0.0,737.02
ORD003016,P0002,Electronics,2,282.77,0.0,565.54
ORD003016,P0047,Fashion,2,146.73,0.2,234.77
ORD003017,P0009,Electronics,1,236.37,0.0,236.37
ORD003018,P0086,Beauty,1,112.91,0.0,112.91
ORD003019,P0064,Sports,1,31.33,0.05,29.76
ORD003019,P0040,Home & Garden,1,77.25,0.0,77.25
ORD003020,P0019,Electronics,1,753.99,0.0,753.99
ORD003020,P0061,Sports,1,272.82,0.0,272.82
ORD003021,P0025,Home & Garden,1,164.39,0.05,156.17
ORD003022,P0111,Books & Media,1,58.37,0.0,58.37
ORD003022,P0028,Home & Garden,1,167.29,0.0,167.29
ORD003023,P0111,Books & Media,1,58.37,0.05,55.45
ORD003023,P0010,Electronics,1,737.02,0.2,589.62
ORD003024,P0008,Electronics,1,601.4,0.1,541.26
ORD003025,P0080,Sports,1,99.79,0.0,99.79
ORD003025,P0098,Beauty,1,58.74,0.05,55.8
ORD003026,P0061,Sports,1,272.82,0.1,245.54
ORD003027,P0077,Sports,1,167.38,0.1,150.64
ORD003028,P0102,Books & Media,3,52.13,0.0,156.39
ORD003028,P0002,Electronics,1,282.77,0.0,282.77
ORD003028,P0045,Fashion,3,34.55,0.05,98.47
ORD003029,P0015,Electronics,1,769.37,0.0,769.37
ORD003030,P0050,Fashion,2,175.37,0.0,350.74
ORD003030,P0041,Fashion,1,109.82,0.0,109.82
ORD003031,P0019,Electronics,1,753.99,0.0,753.99
ORD003031,P0077,Sports,2,167.38,0.0,334.76
ORD003031,P0046,Fashion,2,37.54,0.0,75.08
ORD003032,P0024,Home & Garden,3,38.74,0.15,98.79
ORD003032,P0038,Home & Garden,1,169.03,0.0,169.03
ORD003032,P0017,Electronics,3,504.79,0.05,1438.65
ORD003032,P0085,Beauty,1,33.57,0.0,33.57
ORD003032,P0014,Electronics,1,127.83,0.05,121.44
ORD003033,P0044,Fashion,1,179.61,0.0,179.61
ORD003033,P0028,Home & Garden,1,167.29,0.0,167.29
ORD003034,P0115,Books & Media,2,16.19,0.1,29.14
ORD003034,P0060,Fashion,1,117.44,0.05,111.57
ORD003035,P0076,Sports,1,348.42,0.0,348.42
ORD003035,P0110,Books & Media,1,16.05,0.0,16.05
ORD003035,P0036,Home & Garden,1,64.58,0.05,61.35
ORD003036,P0009,Electronics,3,236.37,0.05,673.65
ORD003036,P0023,Home & Garden,1,33.75,0.0,33.75
ORD003036,P0103,Books & Media,3,33.25,0.2,79.8
ORD003037,P0081,Beauty,3,17.81,0.0,53.43
ORD003038,P0033,Home & Garden,1,213.07,0.0,213.07
ORD003038,P0063,Sports,1,25.19,0.05,23.93
ORD003039,P0004,Electronics,1,807.35,0.1,726.62
ORD003039,P0052,Fashion,1,129.07,0.0,129.07
ORD003039,P0050,Fashion,2,175.37,0.2,280.59
ORD003040,P0024,Home & Garden,1,38.74,0.05,36.8
ORD003040,P0104,Books & Media,2,28.85,0.15,49.04
ORD003041,P0043,Fashion,3,83.9,0.05,239.12
ORD003041,P0006,Electronics,1,234.84,0.0,234.84
ORD003042,P0043,Fashion,1,83.9,0.05,79.7
ORD003043,P0022,Home & Garden,1,68.56,0.15,58.28
ORD003044,P0057,Fashion,1,100.09,0.0,100.09
ORD003044,P0001,Electronics,1,592.51,0.05,562.88
ORD003045,P0086,Beauty,1,112.91,0.0,112.91
ORD003045,P0018,Electronics,1,370.75,0.05,352.21
ORD003046,P0073,Sports,1,162.52,0.05,154.39
ORD003047,P0099,Beauty,2,70.54,0.0,141.08
ORD003047,P0047,Fashion,1,146.73,0.1,132.06
ORD003047,P0059,Fashion,2,67.75,0.15,115.18
ORD003048,P0093,Beauty,1,54.29,0.05,51.58
ORD003049,P0044,Fashion,1,179.61,0.05,170.63
ORD003050,P0055,Fashion,1,92.6,0.0,92.6
ORD003050,P0042,Fashion,1,113.53,0.0,113.53
ORD003051,P0028,Home & Garden,1,167.29,0.0,167.29
ORD003052,P0111,Books & Media,3,58.37,0.0,175.11
ORD003053,P0001,Electronics,1,592.51,0.05,562.88
ORD003054,P0050,Fashion,1,175.37,0.05,166.6
ORD003054,P0099,Beauty,2,70.54,0.05,134.03
ORD003055,P0011,Electronics,2,733.95,0.1,1321.11
ORD003055,P0114,Books & Media,1,34.15,0.0,34.15
ORD003055,P0029,Home & Garden,1,55.22,0.0,55.22
ORD003056,P0079,Sports,2,134.88,0.0,269.76
ORD003056,P0059,Fashion,1,67.75,0.1,60.98
ORD003057,P0084,Beauty,3,36.18,0.2,86.83
ORD003057,P0111,Books & Media,1,58.37,0.0,58.37
ORD003057,P0101,Books & Media,1,58.39,0.1,52.55
ORD003057,P0012,Electronics,1,338.21,0.15,287.48
ORD003058,P0097,Beauty,2,37.48,0.0,74.96
ORD003059,P0019,Electronics,1,753.99,0.0,753.99
ORD003060,P0114,Books & Media,1,34.15,0.0,34.15
ORD003060,P0049,Fashion,1,179.38,0.15,152.47
ORD003060,P0054,Fashion,1,37.85,0.0,37.85
ORD003060,P0001,Electronics,1,592.51,0.0,592.51
ORD003061,P0025,Home & Garden,2,164.39,0.0,328.78
ORD003061,P0006,Electronics,1,234.84,0.0,234.84
ORD003061,P0069,Sports,2,47.49,0.05,90.23
ORD003062,P0005,Electronics,2,407.63,0.0,815.26
ORD003062,P0065,Sports,1,310.58,0.1,279.52
ORD003062,P0113,Books & Media,1,10.97,0.15,9.32
ORD003063,P0091,Beauty,1,90.2,0.05,85.69
ORD003064,P0107,Books & Media,2,31.66,0.15,53.82
ORD003064,P0112,Books & Media,2,36.19,0.0,72.38
ORD003065,P0032,Home & Garden,1,145.88,0.2,116.7
ORD003066,P0010,Electronics,3,737.02,0.0,2211.06
ORD003067,P0081,Beauty,2,17.81,0.0,35.62
ORD003067,P0064,Sports,1,31.33,0.2,25.06
ORD003067,P0058,Fashion,1,166.02,0.0,166.02
ORD003067,P0082,Beauty,2,35.18,0.1,63.32
ORD003068,P0023,Home & Garden,1,33.75,0.2,27.0
ORD003069,P0082,Beauty,1,35.18,0.1,31.66
ORD003069,P0087,Beauty,1,61.99,0.05,58.89
ORD003069,P0027,Home & Garden,1,77.74,0.0,77.74
ORD003069,P0018,Electronics,2,370.75,0.0,741.5
ORD003070,P0045,Fashion,1,34.55,0.05,32.82
ORD003070,P0048,Fashion,1,30.16,0.05,28.65
ORD003070,P0037,Home & Garden,1,220.95,0.0,220.95
ORD003070,P0020,Electronics,2,781.45,0.0,1562.9
ORD003071,P0037,Home & Garden,1,220.95,0.1,198.86
ORD003072,P0099,Beauty,1,70.54,0.0,70.54
ORD003072,P0027,Home & Garden,1,77.74,0.0,77.74
ORD003073,P0070,Sports,1,273.9,0.05,260.2
ORD003074,P0069,Sports,1,47.49,0.1,42.74
ORD003074,P0087,Beauty,1,61.99,0.0,61.99
ORD003075,P0086,Beauty,1,112.91,0.0,112.91
ORD003076,P0027,Home & Garden,1,77.74,0.15,66.08
ORD003077,P0101,Books & Media,1,58.39,0.0,58.39
ORD003078,P0092,Beauty,1,118.26,0.15,100.52
ORD003079,P0061,Sports,1,272.82,0.15,231.9
ORD003080,P0080,Sports,2,99.79,0.0,199.58
ORD003080,P0109,Books & Media,1,36.9,0.0,36.9
ORD003081,P0049,Fashion,1,179.38,0.05,170.41
ORD003082,P0120,Books & Media,1,38.91,0.0,38.91
ORD003083,P0099,Beauty,2,70.54,0.2,112.86
ORD003084,P0093,Beauty,1,54.29,0.05,51.58
ORD003085,P0029,Home & Garden,2,55.22,0.0,110.44
ORD003085,P0029,Home & Garden,1,55.22,0.0,55.22
ORD003086,P0024,Home & Garden,2,38.74,0.0,77.48
ORD003086,P0047,Fashion,1,146.73,0.0,146.73
ORD003086,P0048,Fashion,3,30.16,0.0,90.48
ORD003087,P0095,Beauty,1,30.92,0.1,27.83
ORD003088,P0049,Fashion,1,179.38,0.05,170.41
ORD003089,P0037,Home & Garden,1,220.95,0.0,220.95
ORD003089,P0093,Beauty,1,54.29,0.1,48.86
ORD003090,P0038,Home & Garden,1,169.03,0.0,169.03
ORD003091,P0024,Home & Garden,1,38.74,0.0,38.74
ORD003091,P0059,Fashion,1,67.75,0.15,57.59
ORD003092,P0015,Electronics,2,769.37,0.15,1307.93
ORD003092,P0001,Electronics,1,592.51,0.2,474.01
ORD003093,P0105,Books & Media,1,27.71,0.0,27.71
ORD003094,P0034,Home & Garden,3,68.83,0.0,206.49
ORD003094,P0013,Electronics,1,862.63,0.0,862.63
ORD003094,P0027,Home & Garden,1,77.74,0.0,77.74
ORD003095,P0041,Fashion,1,109.82,0.05,104.33
ORD003095,P0058,Fashion,3,166.02,0.15,423.35
ORD003095,P0003,Electronics,2,675.0,0.0,1350.0
ORD003096,P0025,Home & Garden,3,164.39,0.0,493.17
ORD003097,P0028,Home & Garden,1,167.29,0.15,142.2
ORD003097,P0009,Electronics,1,236.37,0.1,212.73
ORD003098,P0008,Electronics,3,601.4,0.05,1713.99
ORD003098,P0102,Books & Media,1,52.13,0.1,46.92
ORD003098,P0060,Fashion,1,117.44,0.0,117.44
ORD003099,P0086,Beauty,1,112.91,0.0,112.91
ORD003100,P0016,Electronics,1,735.06,0.1,661.55
ORD003100,P0010,Electronics,2,737.02,0.0,1474.04
ORD003101,P0098,Beauty,1,58.74,0.05,55.8
ORD003101,P0001,Electronics,1,592.51,0.1,533.26
ORD003102,P0027,Home & Garden,1,77.74,0.0,77.74
ORD003102,P0044,Fashion,1,179.61,0.05,170.63
ORD003103,P0104,Books & Media,3,28.85,0.0,86.55
ORD003103,P0031,Home & Garden,2,247.54,0.0,495.08
ORD003103,P0052,Fashion,1,129.07,0.0,129.07
ORD003104,P0047,Fashion,1,146.73,0.0,146.73
ORD003104,P0021,Home & Garden,1,180.57,0.0,180.57
ORD003104,P0059,Fashion,1,67.75,0.05,64.36
ORD003105,P0013,Electronics,1,862.63,0.0,862.63
ORD003105,P0015,Electronics,1,769.37,0.0,769.37
ORD003105,P0053,Fashion,2,62.69,0.0,125.38
ORD003105,P0051,Fashion,1,21.84,0.0,21.84
ORD003105,P0060,Fashion,2,117.44,0.0,234.88
ORD003106,P0090,Beauty,1,56.59,0.0,56.59
ORD003106,P0038,Home & Garden,1,169.03,0.1,152.13
ORD003107,P0073,Sports,2,162.52,0.0,325.04
ORD003107,P0052,Fashion,1,129.07,0.0,129.07
ORD003107,P0016,Electronics,1,735.06,0.0,735.06
ORD003107,P0053,Fashion,2,62.69,0.0,125.38
ORD003107,P0095,Beauty,1,30.92,0.1,27.83
ORD003108,P0038,Home & Garden,1,169.03,0.0,169.03
ORD003109,P0074,Sports,1,200.27,0.15,170.23
ORD003109,P0039,Home & Garden,1,229.92,0.1,206.93
ORD003109,P0049,Fashion,1,179.38,0.0,179.38
ORD003110,P0048,Fashion,2,30.16,0.0,60.32
ORD003110,P0051,Fashion,1,21.84,0.0,21.84
ORD003110,P0066,Sports,1,124.94,0.15,106.2
ORD003110,P0009,Electronics,1,236.37,0.05,224.55
ORD003110,P0106,Books & Media,1,21.79,0.05,20.7
ORD003111,P0048,Fashion,1,30.16,0.0,30.16
ORD003111,P0038,Home & Garden,1,169.03,0.0,169.03
ORD003111,P0101,Books & Media,3,58.39,0.05,166.41
ORD003111,P0017,Electronics,1,504.79,0.15,429.07
ORD003112,P0022,Home & Garden,1,68.56,0.0,68.56
ORD003112,P0052,Fashion,1,129.07,0.05,122.62
ORD003113,P0060,Fashion,1,117.44,0.05,111.57
ORD003114,P0053,Fashion,2,62.69,0.0,125.38
ORD003115,P0019,Electronics,1,753.99,0.2,603.19
ORD003115,P0056,Fashion,2,160.14,0.1,288.25
ORD003115,P0002,Electronics,2,282.77,0.15,480.71
ORD003115,P0072,Sports,2,111.14,0.0,222.28
ORD003116,P0107,Books & Media,2,31.66,0.1,56.99
ORD003117,P0054,Fashion,1,37.85,0.0,37.85
ORD003118,P0011,Electronics,3,733.95,0.0,2201.85
ORD003118,P0020,Electronics,2,781.45,0.2,1250.32
ORD003119,P0102,Books & Media,2,52.13,0.0,104.26
ORD003120,P0093,Beauty,1,54.29,0.0,54.29
ORD003120,P0022,Home & Garden,2,68.56,0.15,116.55
ORD003121,P0088,Beauty,1,98.82,0.0,98.82
ORD003121,P0018,Electronics,2,370.75,0.0,741.5
ORD003122,P0017,Electronics,3,504.79,0.0,1514.37
ORD003122,P0018,Electronics,1,370.75,0.1,333.68
ORD003122,P0119,Books & Media,2,54.29,0.0,108.58
ORD003123,P0108,Books & Media,2,57.78,0.2,92.45
ORD003123,P0025,Home & Garden,2,164.39,0.15,279.46
ORD003123,P0045,Fashion,1,34.55,0.1,31.1
ORD003124,P0107,Books & Media,1,31.66,0.0,31.66
ORD003124,P0118,Books & Media,3,20.23,0.1,54.62
ORD003125,P0068,Sports,1,52.84,0.0,52.84
ORD003126,P0075,Sports,1,90.37,0.05,85.85
ORD003127,P0024,Home & Garden,1,38.74,0.0,38.74
ORD003128,P0017,Electronics,2,504.79,0.05,959.1
ORD003129,P0023,Home & Garden,1,33.75,0.0,33.75
ORD003130,P0062,Sports,1,278.05,0.0,278.05
ORD003131,P0089,Beauty,1,20.66,0.0,20.66
ORD003131,P0078,Sports,1,64.33,0.0,64.33
ORD003132,P0027,Home & Garden,1,77.74,0.1,69.97
ORD003132,P0018,Electronics,1,370.75,0.0,370.75
ORD003133,P0021,Home & Garden,1,180.57,0.0,180.57
ORD003133,P0105,Books & Media,1,27.71,0.1,24.94
ORD003133,P0112,Books & Media,1,36.19,0.1,32.57
ORD003134,P0060,Fashion,1,117.44,0.0,117.44
ORD003134,P0103,Books & Media,1,33.25,0.05,31.59
ORD003135,P0048,Fashion,1,30.16,0.0,30.16
ORD003136,P0036,Home & Garden,1,64.58,0.1,58.12
ORD003137,P0009,Electronics,1,236.37,0.0,236.37
ORD003137,P0051,Fashion,1,21.84,0.05,20.75
ORD003138,P0076,Sports,2,348.42,0.0,696.84
ORD003139,P0091,Beauty,1,90.2,0.0,90.2
ORD003140,P0046,Fashion,1,37.54,0.0,37.54
ORD003140,P0022,Home & Garden,3,68.56,0.2,164.54
ORD003141,P0099,Beauty,1,70.54,0.0,70.54
ORD003141,P0025,Home & Garden,1,164.39,0.05,156.17
ORD003142,P0062,Sports,1,278.05,0.0,278.05
ORD003142,P0058,Fashion,2,166.02,0.0,332.04
ORD003142,P0091,Beauty,2,90.2,0.05,171.38
ORD003143,P0066,Sports,3,124.94,0.0,374.82
ORD003143,P0056,Fashion,2,160.14,0.1,288.25
ORD003144,P0017,Electronics,1,504.79,0.0,504.79
ORD003144,P0118,Books & Media,1,20.23,0.05,19.22
ORD003145,P0028,Home & Garden,1,167.29,0.0,167.29
ORD003145,P0035,Home & Garden,1,89.13,0.0,89.13
ORD003146,P0064,Sports,1,31.33,0.0,31.33
ORD003146,P0057,Fashion,3,100.09,0.05,285.26
ORD003146,P0091,Beauty,1,90.2,0.1,81.18
ORD003147,P0044,Fashion,1,179.61,0.0,179.61
ORD003148,P0063,Sports,2,25.19,0.1,45.34
ORD003149,P0072,Sports,3,111.14,0.0,333.42
ORD003149,P0010,Electronics,1,737.02,0.0,737.02
ORD003150,P0052,Fashion,1,129.07,0.2,103.26
ORD003151,P0016,Electronics,2,735.06,0.1,1323.11
ORD003151,P0052,Fashion,2,129.07,0.0,258.14
ORD003152,P0104,Books & Media,2,28.85,0.0,57.7
ORD003153,P0113,Books & Media,1,10.97,0.0,10.97
ORD003154,P0005,Electronics,1,407.63,0.05,387.25
ORD003154,P0109,Books & Media,1,36.9,0.05,35.06
ORD003155,P0039,Home & Garden,2,229.92,0.1,413.86
ORD003155,P0078,Sports,1,64.33,0.05,61.11
ORD003156,P0009,Electronics,1,236.37,0.2,189.1
ORD003157,P0044,Fashion,1,179.61,0.0,179.61
ORD003157,P0087,Beauty,1,61.99,0.15,52.69
ORD003157,P0027,Home & Garden,1,77.74,0.1,69.97
ORD003157,P0097,Beauty,1,37.48,0.0,37.48
ORD003158,P0063,Sports,1,25.19,0.15,21.41
ORD003158,P0070,Sports,1,273.9,0.0,273.9
ORD003159,P0004,Electronics,2,807.35,0.15,1372.5
ORD003159,P0028,Home & Garden,1,167.29,0.0,167.29
ORD003159,P0031,Home & Garden,1,247.54,0.05,235.16
ORD003159,P0088,Beauty,1,98.82,0.0,98.82
ORD003160,P0050,Fashion,1,175.37,0.0,175.37
ORD003160,P0119,Books & Media,1,54.29,0.0,54.29
ORD003161,P0068,Sports,2,52.84,0.2,84.54
ORD003162,P0025,Home & Garden,1,164.39,0.0,164.39
ORD003162,P0015,Electronics,1,769.37,0.0,769.37
ORD003163,P0014,Electronics,2,127.83,0.1,230.09
ORD003164,P0085,Beauty,2,33.57,0.05,63.78
ORD003164,P0052,Fashion,1,129.07,0.0,129.07
ORD003165,P0112,Books & Media,1,36.19,0.15,30.76
ORD003165,P0071,Sports,2,179.47,0.0,358.94
ORD003165,P0019,Electronics,1,753.99,0.2,603.19
ORD003166,P0011,Electronics,1,733.95,0.1,660.56
ORD003167,P0051,Fashion,1,21.84,0.0,21.84
ORD003168,P0045,Fashion,1,34.55,0.05,32.82
ORD003169,P0028,Home & Garden,1,167.29,0.1,150.56
ORD003170,P0087,Beauty,2,61.99,0.0,123.98
ORD003171,P0034,Home & Garden,1,68.83,0.1,61.95
ORD003171,P0120,Books & Media,1,38.91,0.0,38.91
ORD003172,P0044,Fashion,2,179.61,0.05,341.26
ORD003173,P0042,Fashion,1,113.53,0.05,107.85
ORD003173,P0006,Electronics,2,234.84,0.15,399.23
ORD003173,P0048,Fashion,3,30.16,0.0,90.48
ORD003173,P0026,Home & Garden,3,101.99,0.0,305.97
ORD003173,P0039,Home & Garden,1,229.92,0.1,206.93
ORD003174,P0017,Electronics,1,504.79,0.0,504.79
ORD003174,P0093,Beauty,1,54.29,0.05,51.58
ORD003175,P0105,Books & Media,2,27.71,0.15,47.11
ORD003175,P0075,Sports,2,90.37,0.0,180.74
ORD003176,P0011,Electronics,1,733.95,0.0,733.95
ORD003177,P0040,Home & Garden,1,77.25,0.05,73.39
ORD003177,P0091,Beauty,2,90.2,0.1,162.36
ORD003177,P0049,Fashion,1,179.38,0.05,170.41
ORD003178,P0096,Beauty,1,56.41,0.0,56.41
ORD003179,P0119,Books & Media,1,54.29,0.0,54.29
ORD003179,P0008,Electronics,1,601.4,0.0,601.4
ORD003179,P0049,Fashion,1,179.38,0.1,161.44
ORD003179,P0115,Books & Media,1,16.19,0.0,16.19
ORD003179,P0051,Fashion,1,21.84,0.05,20.75
ORD003180,P0018,Electronics,1,370.75,0.2,296.6
ORD003181,P0042,Fashion,2,113.53,0.0,227.06
ORD003182,P0029,Home & Garden,1,55.22,0.0,55.22
ORD003182,P0051,Fashion,1,21.84,0.0,21.84
ORD003182,P0032,Home & Garden,2,145.88,0.05,277.17
ORD003183,P0003,Electronics,3,675.0,0.0,2025.0
ORD003183,P0066,Sports,1,124.94,0.0,124.94
ORD003183,P0061,Sports,2,272.82,0.0,545.64
ORD003183,P0113,Books & Media,1,10.97,0.1,9.87
ORD003184,P0079,Sports,2,134.88,0.0,269.76
ORD003185,P0027,Home & Garden,1,77.74,0.1,69.97
ORD003185,P0029,Home & Garden,1,55.22,0.0,55.22
ORD003185,P0079,Sports,1,134.88,0.05,128.14
ORD003186,P0098,Beauty,1,58.74,0.05,55.8
ORD003187,P0038,Home & Garden,1,169.03,0.0,169.03
ORD003188,P0021,Home & Garden,1,180.57,0.0,180.57
ORD003188,P0016,Electronics,1,735.06,0.05,698.31
ORD003189,P0062,Sports,1,278.05,0.0,278.05
ORD003189,P0091,Beauty,2,90.2,0.0,180.4
ORD003189,P0025,Home & Garden,1,164.39,0.0,164.39
ORD003189,P0001,Electronics,1,592.51,0.1,533.26
ORD003190,P0037,Home & Garden,2,220.95,0.2,353.52
ORD003191,P0120,Books & Media,1,38.91,0.0,38.91
ORD003192,P0075,Sports,1,90.37,0.15,76.81
ORD003192,P0044,Fashion,2,179.61,0.0,359.22
ORD003193,P0031,Home & Garden,2,247.54,0.0,495.08
ORD003193,P0100,Beauty,1,119.92,0.1,107.93
ORD003194,P0037,Home & Garden,1,220.95,0.0,220.95
ORD003194,P0010,Electronics,3,737.02,0.15,1879.4
ORD003194,P0031,Home & Garden,1,247.54,0.0,247.54
ORD003194,P0110,Books & Media,1,16.05,0.0,16.05
ORD003195,P0021,Home & Garden,1,180.57,0.0,180.57
ORD003196,P0056,Fashion,1,160.14,0.0,160.14
ORD003196,P0029,Home & Garden,1,55.22,0.0,55.22
ORD003196,P0042,Fashion,1,113.53,0.0,113.53
ORD003197,P0111,Books & Media,1,58.37,0.0,58.37
ORD003197,P0026,Home & Garden,1,101.99,0.05,96.89
ORD003197,P0012,Electronics,1,338.21,0.0,338.21
ORD003198,P0046,Fashion,1,37.54,0.0,37.54
ORD003199,P0073,Sports,1,162.52,0.05,154.39
ORD003199,P0075,Sports,1,90.37,0.0,90.37
ORD003199,P0057,Fashion,1,100.09,0.0,100.09
ORD003200,P0064,Sports,3,31.33,0.0,93.99
ORD003200,P0012,Electronics,1,338.21,0.15,287.48
ORD003200,P0102,Books & Media,1,52.13,0.0,52.13
ORD003200,P0074,Sports,3,200.27,0.05,570.77
ORD003200,P0047,Fashion,1,146.73,0.2,117.38
ORD003201,P0060,Fashion,1,117.44,0.0,117.44
ORD003202,P0021,Home & Garden,2,180.57,0.05,343.08
ORD003202,P0096,Beauty,1,56.41,0.0,56.41
ORD003202,P0015,Electronics,2,769.37,0.05,1461.8
ORD003202,P0102,Books & Media,1,52.13,0.0,52.13
ORD003203,P0070,Sports,1,273.9,0.05,260.2
ORD003203,P0030,Home & Garden,1,53.4,0.0,53.4
ORD003204,P0098,Beauty,1,58.74,0.05,55.8
ORD003205,P0081,Beauty,1,17.81,0.15,15.14
ORD003205,P0072,Sports,2,111.14,0.0,222.28
ORD003205,P0093,Beauty,2,54.29,0.05,103.15
ORD003206,P0013,Electronics,2,862.63,0.0,1725.26
ORD003206,P0104,Books & Media,1,28.85,0.1,25.97
ORD003206,P0030,Home & Garden,2,53.4,0.0,106.8
ORD003207,P0109,Books & Media,1,36.9,0.1,33.21
ORD003207,P0057,Fashion,1,100.09,0.1,90.08
ORD003207,P0092,Beauty,1,118.26,0.0,118.26
ORD003207,P0003,Electronics,1,675.0,0.1,607.5
ORD003207,P0002,Electronics,2,282.77,0.15,480.71
ORD003208,P0024,Home & Garden,1,38.74,0.0,38.74
ORD003208,P0037,Home & Garden,1,220.95,0.2,176.76
ORD003209,P0091,Beauty,1,90.2,0.05,85.69
ORD003210,P0101,Books & Media,1,58.39,0.05,55.47
ORD003211,P0039,Home & Garden,1,229.92,0.15,195.43
ORD003212,P0098,Beauty,1,58.74,0.0,58.74
ORD003212,P0083,Beauty,1,104.56,0.15,88.88
ORD003212,P0091,Beauty,1,90.2,0.0,90.2
ORD003213,P0051,Fashion,1,21.84,0.0,21.84
ORD003214,P0045,Fashion,2,34.55,0.1,62.19
ORD003215,P0006,Electronics,2,234.84,0.0,469.68
ORD003216,P0046,Fashion,2,37.54,0.0,75.08
ORD003217,P0057,Fashion,3,100.09,0.0,300.27
ORD003217,P0109,Books & Media,1,36.9,0.0,36.9
ORD003218,P0118,Books & Media,2,20.23,0.1,36.41
ORD003219,P0053,Fashion,1,62.69,0.05,59.56
ORD003220,P0045,Fashion,1,34.55,0.0,34.55
ORD003221,P0105,Books & Media,2,27.71,0.0,55.42
ORD003221,P0065,Sports,1,310.58,0.05,295.05
ORD003221,P0117,Books & Media,1,38.94,0.2,31.15
ORD003222,P0057,Fashion,2,100.09,0.0,200.18
ORD003222,P0030,Home & Garden,2,53.4,0.1,96.12
ORD003223,P0023,Home & Garden,2,33.75,0.0,67.5
ORD003224,P0101,Books & Media,1,58.39,0.0,58.39
ORD003224,P0083,Beauty,1,104.56,0.0,104.56
ORD003225,P0059,Fashion,2,67.75,0.05,128.72
ORD003225,P0007,Electronics,2,71.56,0.0,143.12
ORD003226,P0024,Home & Garden,1,38.74,0.1,34.87
ORD003227,P0082,Beauty,1,35.18,0.1,31.66
ORD003228,P0102,Books & Media,1,52.13,0.0,52.13
ORD003228,P0027,Home & Garden,1,77.74,0.0,77.74
ORD003228,P0013,Electronics,3,862.63,0.15,2199.71
ORD003228,P0119,Books & Media,1,54.29,0.05,51.58
ORD003229,P0098,Beauty,1,58.74,0.0,58.74
ORD003230,P0014,Electronics,2,127.83,0.1,230.09
ORD003230,P0063,Sports,1,25.19,0.2,20.15
ORD003231,P0067,Sports,1,310.35,0.1,279.32
ORD003232,P0111,Books & Media,1,58.37,0.0,58.37
ORD003233,P0101,Books & Media,1,58.39,0.0,58.39
ORD003233,P0082,Beauty,1,35.18,0.1,31.66
ORD003233,P0076,Sports,1,348.42,0.0,348.42
ORD003233,P0061,Sports,1,272.82,0.0,272.82
ORD003234,P0016,Electronics,1,735.06,0.0,735.06
ORD003235,P0112,Books & Media,1,36.19,0.15,30.76
ORD003235,P0024,Home & Garden,1,38.74,0.0,38.74
ORD003236,P0006,Electronics,2,234.84,0.1,422.71
ORD003237,P0060,Fashion,2,117.44,0.05,223.14
ORD003237,P0022,Home & Garden,2,68.56,0.0,137.12
ORD003237,P0093,Beauty,1,54.29,0.05,51.58
ORD003238,P0002,Electronics,1,282.77,0.0,282.77
ORD003239,P0118,Books & Media,1,20.23,0.05,19.22
ORD003239,P0051,Fashion,3,21.84,0.0,65.52
ORD003239,P0040,Home & Garden,1,77.25,0.1,69.53
ORD003239,P0066,Sports,1,124.94,0.05,118.69
ORD003240,P0038,Home & Garden,3,169.03,0.0,507.09
ORD003240,P0070,Sports,1,273.9,0.1,246.51
ORD003240,P0053,Fashion,1,62.69,0.0,62.69
ORD003241,P0050,Fashion,1,175.37,0.0,175.37
ORD003241,P0045,Fashion,2,34.55,0.0,69.1
ORD003241,P0102,Books & Media,2,52.13,0.0,104.26
ORD003242,P0057,Fashion,1,100.09,0.05,95.09
ORD003243,P0039,Home & Garden,2,229.92,0.1,413.86
ORD003244,P0037,Home & Garden,1,220.95,0.1,198.86
ORD003245,P0063,Sports,1,25.19,0.2,20.15
ORD003246,P0100,Beauty,2,119.92,0.0,239.84
ORD003246,P0057,Fashion,1,100.09,0.1,90.08
ORD003247,P0002,Electronics,3,282.77,0.15,721.06
ORD003247,P0075,Sports,1,90.37,0.0,90.37
ORD003248,P0079,Sports,1,134.88,0.2,107.9
ORD003248,P0075,Sports,3,90.37,0.0,271.11
ORD003248,P0117,Books & Media,1,38.94,0.0,38.94
ORD003248,P0085,Beauty,2,33.57,0.0,67.14
ORD003248,P0024,Home & Garden,1,38.74,0.0,38.74
ORD003249,P0112,Books & Media,1,36.19,0.0,36.19
ORD003249,P0088,Beauty,2,98.82,0.0,197.64
ORD003250,P0017,Electronics,1,504.79,0.0,504.79
ORD003250,P0018,Electronics,2,370.75,0.0,741.5
ORD003250,P0067,Sports,1,310.35,0.0,310.35
ORD003251,P0026,Home & Garden,1,101.99,0.2,81.59
ORD003252,P0048,Fashion,2,30.16,0.0,60.32
ORD003252,P0102,Books & Media,1,52.13,0.1,46.92
ORD003253,P0113,Books & Media,1,10.97,0.0,10.97
ORD003253,P0012,Electronics,1,338.21,0.15,287.48
ORD003254,P0063,Sports,2,25.19,0.05,47.86
ORD003254,P0041,Fashion,1,109.82,0.0,109.82
ORD003254,P0013,Electronics,1,862.63,0.0,862.63
ORD003254,P0109,Books & Media,1,36.9,0.0,36.9
ORD003254,P0060,Fashion,1,117.44,0.05,111.57
ORD003255,P0045,Fashion,1,34.55,0.0,34.55
ORD003255,P0023,Home & Garden,1,33.75,0.0,33.75
ORD003255,P0115,Books & Media,2,16.19,0.0,32.38
ORD003255,P0034,Home & Garden,1,68.83,0.0,68.83
ORD003256,P0073,Sports,2,162.52,0.1,292.54
ORD003256,P0030,Home & Garden,2,53.4,0.05,101.46
ORD003257,P0059,Fashion,1,67.75,0.2,54.2
ORD003257,P0118,Books & Media,1,20.23,0.05,19.22
ORD003257,P0027,Home & Garden,1,77.74,0.15,66.08
ORD003258,P0048,Fashion,2,30.16,0.1,54.29
ORD003258,P0028,Home & Garden,2,167.29,0.0,334.58
ORD003258,P0076,Sports,3,348.42,0.0,1045.26
ORD003258,P0012,Electronics,1,338.21,0.0,338.21
ORD003259,P0116,Books & Media,1,12.17,0.0,12.17
ORD003260,P0045,Fashion,1,34.55,0.0,34.55
ORD003261,P0075,Sports,1,90.37,0.0,90.37
ORD003261,P0015,Electronics,2,769.37,0.05,1461.8
ORD003262,P0066,Sports,3,124.94,0.15,318.6
ORD003262,P0011,Electronics,1,733.95,0.1,660.56
ORD003262,P0115,Books & Media,1,16.19,0.1,14.57
ORD003263,P0003,Electronics,1,675.0,0.0,675.0
ORD003264,P0051,Fashion,1,21.84,0.0,21.84
ORD003264,P0041,Fashion,1,109.82,0.15,93.35
ORD003264,P0061,Sports,1,272.82,0.0,272.82
ORD003265,P0054,Fashion,1,37.85,0.0,37.85
ORD003266,P0032,Home & Garden,2,145.88,0.1,262.58
ORD003266,P0004,Electronics,1,807.35,0.2,645.88
ORD003266,P0117,Books & Media,1,38.94,0.15,33.1
ORD003267,P0005,Electronics,1,407.63,0.05,387.25
ORD003268,P0096,Beauty,2,56.41,0.05,107.18
ORD003268,P0101,Books & Media,2,58.39,0.0,116.78
ORD003269,P0024,Home & Garden,1,38.74,0.05,36.8
ORD003270,P0096,Beauty,1,56.41,0.0,56.41
ORD003271,P0053,Fashion,1,62.69,0.1,56.42
ORD003272,P0021,Home & Garden,1,180.57,0.0,180.57
ORD003272,P0009,Electronics,1,236.37,0.1,212.73
ORD003273,P0063,Sports,1,25.19,0.0,25.19
ORD003273,P0043,Fashion,1,83.9,0.0,83.9
ORD003274,P0023,Home & Garden,1,33.75,0.0,33.75
ORD003275,P0001,Electronics,1,592.51,0.2,474.01
ORD003275,P0017,Electronics,1,504.79,0.0,504.79
ORD003276,P0109,Books & Media,2,36.9,0.1,66.42
ORD003276,P0075,Sports,1,90.37,0.0,90.37
ORD003277,P0035,Home & Garden,1,89.13,0.0,89.13
ORD003277,P0100,Beauty,1,119.92,0.1,107.93
ORD003278,P0047,Fashion,1,146.73,0.0,146.73
ORD003279,P0014,Electronics,2,127.83,0.0,255.66
ORD003280,P0042,Fashion,2,113.53,0.15,193.0
ORD003281,P0078,Sports,1,64.33,0.05,61.11
ORD003281,P0073,Sports,2,162.52,0.1,292.54
ORD003281,P0013,Electronics,2,862.63,0.0,1725.26
ORD003282,P0064,Sports,1,31.33,0.05,29.76
ORD003283,P0112,Books & Media,1,36.19,0.05,34.38
ORD003283,P0069,Sports,2,47.49,0.0,94.98
ORD003283,P0014,Electronics,1,127.83,0.0,127.83
ORD003283,P0017,Electronics,1,504.79,0.0,504.79
ORD003283,P0058,Fashion,1,166.02,0.1,149.42
ORD003284,P0106,Books & Media,3,21.79,0.0,65.37
ORD003284,P0027,Home & Garden,2,77.74,0.1,139.93
ORD003284,P0079,Sports,1,134.88,0.0,134.88
ORD003285,P0068,Sports,3,52.84,0.05,150.59
ORD003286,P0030,Home & Garden,1,53.4,0.2,42.72
ORD003287,P0088,Beauty,1,98.82,0.0,98.82
ORD003287,P0002,Electronics,1,282.77,0.05,268.63
ORD003287,P0074,Sports,1,200.27,0.05,190.26
ORD003288,P0040,Home & Garden,3,77.25,0.0,231.75
ORD003289,P0008,Electronics,1,601.4,0.0,601.4
ORD003290,P0081,Beauty,2,17.81,0.0,35.62
ORD003291,P0108,Books & Media,1,57.78,0.0,57.78
ORD003291,P0011,Electronics,1,733.95,0.0,733.95
ORD003291,P0046,Fashion,1,37.54,0.0,37.54
ORD003291,P0109,Books & Media,1,36.9,0.15,31.36
ORD003291,P0050,Fashion,1,175.37,0.0,175.37
ORD003292,P0018,Electronics,1,370.75,0.1,333.68
ORD003293,P0014,Electronics,2,127.83,0.0,255.66
ORD003294,P0031,Home & Garden,2,247.54,0.0,495.08
ORD003295,P0036,Home & Garden,1,64.58,0.0,64.58
ORD003296,P0053,Fashion,1,62.69,0.05,59.56
ORD003297,P0060,Fashion,1,117.44,0.05,111.57
ORD003297,P0091,Beauty,1,90.2,0.0,90.2
ORD003298,P0012,Electronics,1,338.21,0.0,338.21
ORD003299,P0088,Beauty,2,98.82,0.0,197.64
ORD003300,P0044,Fashion,1,179.61,0.1,161.65
ORD003300,P0015,Electronics,2,769.37,0.05,1461.8
ORD003301,P0018,Electronics,1,370.75,0.05,352.21
ORD003302,P0057,Fashion,1,100.09,0.0,100.09
ORD003302,P0032,Home & Garden,2,145.88,0.05,277.17
ORD003302,P0050,Fashion,1,175.37,0.2,140.3
ORD003303,P0081,Beauty,1,17.81,0.1,16.03
ORD003304,P0047,Fashion,1,146.73,0.0,146.73
ORD003305,P0032,Home & Garden,1,145.88,0.0,145.88
ORD003306,P0001,Electronics,2,592.51,0.05,1125.77
ORD003307,P0095,Beauty,1,30.92,0.0,30.92
ORD003308,P0054,Fashion,1,37.85,0.0,37.85
ORD003308,P0098,Beauty,1,58.74,0.05,55.8
ORD003309,P0104,Books & Media,1,28.85,0.1,25.97
ORD003309,P0106,Books & Media,1,21.79,0.0,21.79
ORD003310,P0115,Books & Media,3,16.19,0.05,46.14
ORD003310,P0057,Fashion,1,100.09,0.0,100.09
ORD003310,P0088,Beauty,1,98.82,0.1,88.94
ORD003310,P0046,Fashion,1,37.54,0.05,35.66
ORD003311,P0043,Fashion,1,83.9,0.15,71.32
ORD003312,P0058,Fashion,1,166.02,0.1,149.42
ORD003312,P0007,Electronics,1,71.56,0.0,71.56
ORD003313,P0021,Home & Garden,1,180.57,0.15,153.48
ORD003314,P0001,Electronics,1,592.51,0.0,592.51
ORD003314,P0062,Sports,1,278.05,0.15,236.34
ORD003314,P0044,Fashion,1,179.61,0.0,179.61
ORD003315,P0018,Electronics,1,370.75,0.05,352.21
ORD003316,P0046,Fashion,2,37.54,0.1,67.57
ORD003317,P0105,Books & Media,1,27.71,0.05,26.32
ORD003317,P0060,Fashion,1,117.44,0.05,111.57
ORD003318,P0018,Electronics,1,370.75,0.0,370.75
ORD003319,P0030,Home & Garden,1,53.4,0.05,50.73
ORD003320,P0107,Books & Media,2,31.66,0.0,63.32
ORD003321,P0049,Fashion,1,179.38,0.2,143.5
ORD003322,P0038,Home & Garden,1,169.03,0.0,169.03
ORD003323,P0099,Beauty,1,70.54,0.2,56.43
ORD003324,P0088,Beauty,1,98.82,0.0,98.82
ORD003325,P0018,Electronics,2,370.75,0.05,704.42
ORD003325,P0119,Books & Media,1,54.29,0.0,54.29
ORD003326,P0025,Home & Garden,1,164.39,0.0,164.39
ORD003326,P0063,Sports,1,25.19,0.0,25.19
ORD003327,P0103,Books & Media,3,33.25,0.05,94.76
ORD003328,P0001,Electronics,1,592.51,0.0,592.51
ORD003328,P0109,Books & Media,1,36.9,0.0,36.9
ORD003329,P0065,Sports,1,310.58,0.0,310.58
ORD003330,P0117,Books & Media,1,38.94,0.2,31.15
ORD003331,P0096,Beauty,1,56.41,0.1,50.77
ORD003331,P0046,Fashion,1,37.54,0.15,31.91
ORD003332,P0054,Fashion,2,37.85,0.0,75.7
ORD003333,P0034,Home & Garden,1,68.83,0.0,68.83
ORD003334,P0053,Fashion,1,62.69,0.0,62.69
ORD003334,P0098,Beauty,1,58.74,0.05,55.8
ORD003335,P0109,Books & Media,2,36.9,0.1,66.42
ORD003335,P0043,Fashion,2,83.9,0.0,167.8
ORD003335,P0066,Sports,3,124.94,0.0,374.82
ORD003335,P0005,Electronics,1,407.63,0.15,346.49
ORD003335,P0048,Fashion,1,30.16,0.2,24.13
ORD003336,P0008,Electronics,1,601.4,0.0,601.4
ORD003336,P0001,Electronics,1,592.51,0.0,592.51
ORD003337,P0035,Home & Garden,2,89.13,0.15,151.52
ORD003337,P0060,Fashion,1,117.44,0.0,117.44
ORD003337,P0005,Electronics,1,407.63,0.0,407.63
ORD003337,P0027,Home & Garden,1,77.74,0.15,66.08
ORD003338,P0056,Fashion,1,160.14,0.0,160.14
ORD003338,P0115,Books & Media,1,16.19,0.0,16.19
ORD003339,P0040,Home & Garden,1,77.25,0.0,77.25
ORD003339,P0091,Beauty,1,90.2,0.05,85.69
ORD003340,P0007,Electronics,3,71.56,0.1,193.21
ORD003340,P0005,Electronics,2,407.63,0.15,692.97
ORD003340,P0069,Sports,2,47.49,0.05,90.23
ORD003340,P0116,Books & Media,1,12.17,0.05,11.56
ORD003340,P0092,Beauty,1,118.26,0.0,118.26
ORD003341,P0055,Fashion,1,92.6,0.0,92.6
ORD003342,P0042,Fashion,1,113.53,0.0,113.53
ORD003342,P0067,Sports,1,310.35,0.05,294.83
ORD003342,P0007,Electronics,2,71.56,0.05,135.96
ORD003342,P0052,Fashion,1,129.07,0.2,103.26
ORD003342,P0045,Fashion,1,34.55,0.0,34.55
ORD003343,P0005,Electronics,1,407.63,0.05,387.25
ORD003343,P0057,Fashion,1,100.09,0.15,85.08
ORD003344,P0097,Beauty,3,37.48,0.15,95.57
ORD003345,P0025,Home & Garden,1,164.39,0.0,164.39
ORD003346,P0061,Sports,1,272.82,0.0,272.82
ORD003346,P0080,Sports,1,99.79,0.0,99.79
ORD003347,P0051,Fashion,1,21.84,0.05,20.75
ORD003347,P0058,Fashion,1,166.02,0.05,157.72
ORD003348,P0028,Home & Garden,2,167.29,0.0,334.58
ORD003349,P0005,Electronics,1,407.63,0.0,407.63
ORD003349,P0114,Books & Media,1,34.15,0.0,34.15
ORD003350,P0027,Home & Garden,1,77.74,0.05,73.85
ORD003351,P0077,Sports,1,167.38,0.15,142.27
ORD003351,P0057,Fashion,1,100.09,0.0,100.09
ORD003351,P0020,Electronics,2,781.45,0.0,1562.9
ORD003351,P0039,Home & Garden,1,229.92,0.05,218.42
ORD003352,P0023,Home & Garden,1,33.75,0.0,33.75
ORD003353,P0040,Home & Garden,1,77.25,0.0,77.25
ORD003354,P0003,Electronics,1,675.0,0.0,675.0
ORD003354,P0073,Sports,2,162.52,0.0,325.04
ORD003355,P0080,Sports,1,99.79,0.0,99.79
ORD003355,P0074,Sports,1,200.27,0.0,200.27
ORD003355,P0086,Beauty,1,112.91,0.15,95.97
ORD003355,P0003,Electronics,2,675.0,0.0,1350.0
ORD003356,P0119,Books & Media,3,54.29,0.15,138.44
ORD003356,P0120,Books & Media,1,38.91,0.05,36.96
ORD003357,P0001,Electronics,1,592.51,0.0,592.51
ORD003357,P0076,Sports,3,348.42,0.0,1045.26
ORD003357,P0021,Home & Garden,1,180.57,0.0,180.57
ORD003358,P0002,Electronics,3,282.77,0.0,848.31
ORD003359,P0059,Fashion,1,67.75,0.1,60.98
ORD003359,P0117,Books & Media,1,38.94,0.15,33.1
ORD003360,P0031,Home & Garden,1,247.54,0.0,247.54
ORD003360,P0023,Home & Garden,1,33.75,0.1,30.38
ORD003361,P0092,Beauty,1,118.26,0.0,118.26
ORD003361,P0041,Fashion,2,109.82,0.0,219.64
ORD003362,P0092,Beauty,1,118.26,0.05,112.35
ORD003363,P0053,Fashion,1,62.69,0.0,62.69
ORD003364,P0032,Home & Garden,2,145.88,0.05,277.17
ORD003365,P0019,Electronics,2,753.99,0.05,1432.58
ORD003365,P0034,Home & Garden,1,68.83,0.1,61.95
ORD003365,P0034,Home & Garden,1,68.83,0.0,68.83
ORD003366,P0052,Fashion,1,129.07,0.0,129.07
ORD003367,P0017,Electronics,1,504.79,0.0,504.79
ORD003368,P0030,Home & Garden,2,53.4,0.15,90.78
ORD003369,P0017,Electronics,2,504.79,0.1,908.62
ORD003370,P0073,Sports,1,162.52,0.1,146.27
ORD003370,P0113,Books & Media,1,10.97,0.0,10.97
ORD003371,P0088,Beauty,1,98.82,0.1,88.94
ORD003371,P0115,Books & Media,1,16.19,0.0,16.19
ORD003372,P0052,Fashion,2,129.07,0.05,245.23
ORD003373,P0044,Fashion,2,179.61,0.15,305.34
ORD003373,P0058,Fashion,1,166.02,0.0,166.02
ORD003373,P0116,Books & Media,1,12.17,0.0,12.17
ORD003373,P0002,Electronics,1,282.77,0.0,282.77
ORD003374,P0086,Beauty,1,112.91,0.0,112.91
ORD003374,P0093,Beauty,1,54.29,0.15,46.15
ORD003375,P0080,Sports,2,99.79,0.0,199.58
ORD003375,P0050,Fashion,2,175.37,0.0,350.74
ORD003376,P0019,Electronics,3,753.99,0.0,2261.97
ORD003376,P0009,Electronics,2,236.37,0.05,449.1
ORD003377,P0026,Home & Garden,1,101.99,0.2,81.59
ORD003377,P0081,Beauty,1,17.81,0.0,17.81
ORD003377,P0027,Home & Garden,1,77.74,0.0,77.74
ORD003377,P0120,Books & Media,2,38.91,0.0,77.82
ORD003378,P0096,Beauty,1,56.41,0.1,50.77
ORD003378,P0112,Books & Media,1,36.19,0.05,34.38
ORD003378,P0080,Sports,1,99.79,0.0,99.79
ORD003379,P0054,Fashion,1,37.85,0.0,37.85
ORD003380,P0079,Sports,1,134.88,0.1,121.39
ORD003381,P0106,Books & Media,2,21.79,0.0,43.58
ORD003381,P0097,Beauty,1,37.48,0.1,33.73
ORD003381,P0044,Fashion,2,179.61,0.0,359.22
ORD003381,P0089,Beauty,1,20.66,0.1,18.59
ORD003382,P0062,Sports,2,278.05,0.0,556.1
ORD003383,P0114,Books & Media,1,34.15,0.1,30.74
ORD003384,P0046,Fashion,2,37.54,0.0,75.08
ORD003385,P0044,Fashion,3,179.61,0.05,511.89
ORD003386,P0096,Beauty,2,56.41,0.1,101.54
ORD003386,P0029,Home & Garden,2,55.22,0.0,110.44
ORD003387,P0030,Home & Garden,1,53.4,0.0,53.4
ORD003387,P0097,Beauty,2,37.48,0.1,67.46
ORD003387,P0031,Home & Garden,2,247.54,0.0,495.08
ORD003387,P0112,Books & Media,1,36.19,0.0,36.19
ORD003388,P0072,Sports,1,111.14,0.1,100.03
ORD003389,P0103,Books & Media,1,33.25,0.05,31.59
ORD003390,P0105,Books & Media,1,27.71,0.1,24.94
ORD003391,P0070,Sports,2,273.9,0.05,520.41
ORD003392,P0037,Home & Garden,1,220.95,0.0,220.95
ORD003392,P0023,Home & Garden,1,33.75,0.0,33.75
ORD003392,P0047,Fashion,2,146.73,0.0,293.46
ORD003393,P0086,Beauty,1,112.91,0.15,95.97
ORD003394,P0042,Fashion,1,113.53,0.0,113.53
ORD003395,P0053,Fashion,3,62.69,0.2,150.46
ORD003396,P0087,Beauty,1,61.99,0.1,55.79
ORD003396,P0092,Beauty,1,118.26,0.0,118.26
ORD003396,P0031,Home & Garden,1,247.54,0.0,247.54
ORD003396,P0035,Home & Garden,1,89.13,0.05,84.67
ORD003397,P0014,Electronics,1,127.83,0.0,127.83
ORD003397,P0028,Home & Garden,2,167.29,0.0,334.58
ORD003397,P0035,Home & Garden,1,89.13,0.0,89.13
ORD003397,P0067,Sports,1,310.35,0.1,279.32
ORD003398,P0040,Home & Garden,1,77.25,0.05,73.39
ORD003398,P0001,Electronics,1,592.51,0.05,562.88
ORD003399,P0104,Books & Media,1,28.85,0.15,24.52
ORD003399,P0101,Books & Media,1,58.39,0.0,58.39
ORD003400,P0089,Beauty,1,20.66,0.0,20.66
ORD003400,P0117,Books & Media,1,38.94,0.0,38.94
ORD003400,P0043,Fashion,1,83.9,0.0,83.9
ORD003400,P0085,Beauty,1,33.57,0.05,31.89
ORD003401,P0050,Fashion,1,175.37,0.05,166.6
ORD003401,P0084,Beauty,1,36.18,0.0,36.18
ORD003402,P0098,Beauty,1,58.74,0.0,58.74
ORD003402,P0013,Electronics,2,862.63,0.05,1639.0
ORD003402,P0022,Home & Garden,1,68.56,0.15,58.28
ORD003402,P0006,Electronics,3,234.84,0.1,634.07
ORD003403,P0006,Electronics,1,234.84,0.05,223.1
ORD003403,P0025,Home & Garden,2,164.39,0.0,328.78
ORD003404,P0095,Beauty,1,30.92,0.0,30.92
ORD003404,P0103,Books & Media,1,33.25,0.2,26.6
ORD003405,P0061,Sports,3,272.82,0.0,818.46
ORD003405,P0015,Electronics,3,769.37,0.05,2192.7
ORD003405,P0034,Home & Garden,1,68.83,0.15,58.51
ORD003406,P0041,Fashion,1,109.82,0.05,104.33
ORD003406,P0031,Home & Garden,1,247.54,0.1,222.79
ORD003406,P0056,Fashion,1,160.14,0.15,136.12
ORD003406,P0010,Electronics,1,737.02,0.0,737.02
ORD003406,P0068,Sports,1,52.84,0.0,52.84
ORD003407,P0036,Home & Garden,1,64.58,0.1,58.12
ORD003407,P0011,Electronics,1,733.95,0.0,733.95
ORD003407,P0039,Home & Garden,2,229.92,0.0,459.84
ORD003407,P0056,Fashion,1,160.14,0.0,160.14
ORD003408,P0114,Books & Media,1,34.15,0.0,34.15
ORD003408,P0059,Fashion,1,67.75,0.0,67.75
ORD003409,P0027,Home & Garden,1,77.74,0.05,73.85
ORD003409,P0085,Beauty,1,33.57,0.15,28.53
ORD003410,P0045,Fashion,2,34.55,0.0,69.1
ORD003410,P0031,Home & Garden,1,247.54,0.1,222.79
ORD003410,P0072,Sports,1,111.14,0.0,111.14
ORD003411,P0006,Electronics,1,234.84,0.0,234.84
ORD003412,P0117,Books & Media,3,38.94,0.0,116.82
ORD003413,P0003,Electronics,3,675.0,0.0,2025.0
ORD003414,P0074,Sports,2,200.27,0.0,400.54
ORD003415,P0101,Books & Media,1,58.39,0.0,58.39
ORD003415,P0015,Electronics,1,769.37,0.05,730.9
ORD003415,P0051,Fashion,2,21.84,0.0,43.68
ORD003415,P0119,Books & Media,1,54.29,0.15,46.15
ORD003416,P0046,Fashion,1,37.54,0.0,37.54
ORD003416,P0005,Electronics,1,407.63,0.1,366.87
ORD003416,P0059,Fashion,3,67.75,0.05,193.09
ORD003417,P0097,Beauty,1,37.48,0.0,37.48
ORD003417,P0024,Home & Garden,2,38.74,0.2,61.98
ORD003418,P0050,Fashion,1,175.37,0.0,175.37
ORD003419,P0083,Beauty,1,104.56,0.05,99.33
ORD003420,P0045,Fashion,1,34.55,0.0,34.55
ORD003420,P0067,Sports,1,310.35,0.0,310.35
ORD003420,P0053,Fashion,1,62.69,0.15,53.29
ORD003421,P0044,Fashion,1,179.61,0.0,179.61
ORD003421,P0067,Sports,1,310.35,0.1,279.32
ORD003421,P0030,Home & Garden,1,53.4,0.0,53.4
ORD003422,P0119,Books & Media,1,54.29,0.1,48.86
ORD003422,P0015,Electronics,1,769.37,0.2,615.5
ORD003422,P0048,Fashion,2,30.16,0.05,57.3
ORD003423,P0092,Beauty,1,118.26,0.05,112.35
ORD003424,P0043,Fashion,1,83.9,0.0,83.9
ORD003424,P0044,Fashion,3,179.61,0.0,538.83
ORD003425,P0045,Fashion,1,34.55,0.1,31.1
ORD003426,P0105,Books & Media,1,27.71,0.1,24.94
ORD003427,P0019,Electronics,1,753.99,0.05,716.29
ORD003427,P0040,Home & Garden,1,77.25,0.05,73.39
ORD003428,P0017,Electronics,1,504.79,0.0,504.79
ORD003429,P0115,Books & Media,1,16.19,0.15,13.76
ORD003429,P0002,Electronics,1,282.77,0.0,282.77
ORD003429,P0013,Electronics,3,862.63,0.15,2199.71
ORD003430,P0045,Fashion,1,34.55,0.0,34.55
ORD003431,P0120,Books & Media,2,38.91,0.0,77.82
ORD003431,P0005,Electronics,1,407.63,0.15,346.49
ORD003431,P0007,Electronics,1,71.56,0.0,71.56
ORD003431,P0006,Electronics,1,234.84,0.05,223.1
ORD003432,P0113,Books & Media,1,10.97,0.0,10.97
ORD003432,P0082,Beauty,1,35.18,0.0,35.18
ORD003432,P0051,Fashion,1,21.84,0.0,21.84
ORD003432,P0060,Fashion,1,117.44,0.0,117.44
ORD003433,P0043,Fashion,1,83.9,0.15,71.32
ORD003433,P0119,Books & Media,1,54.29,0.0,54.29
ORD003433,P0041,Fashion,1,109.82,0.05,104.33
ORD003433,P0097,Beauty,2,37.48,0.0,74.96
ORD003434,P0068,Sports,1,52.84,0.0,52.84
ORD003435,P0112,Books & Media,1,36.19,0.0,36.19
ORD003435,P0004,Electronics,1,807.35,0.05,766.98
ORD003436,P0014,Electronics,2,127.83,0.15,217.31
ORD003437,P0119,Books & Media,1,54.29,0.15,46.15
ORD003437,P0066,Sports,1,124.94,0.2,99.95
ORD003438,P0047,Fashion,1,146.73,0.0,146.73
ORD003439,P0086,Beauty,1,112.91,0.0,112.91
ORD003439,P0010,Electronics,1,737.02,0.0,737.02
ORD003440,P0110,Books & Media,2,16.05,0.0,32.1
ORD003440,P0021,Home & Garden,1,180.57,0.0,180.57
ORD003440,P0014,Electronics,2,127.83,0.0,255.66
ORD003440,P0116,Books & Media,1,12.17,0.2,9.74
ORD003441,P0018,Electronics,1,370.75,0.0,370.75
ORD003442,P0077,Sports,1,167.38,0.15,142.27
ORD003442,P0036,Home & Garden,1,64.58,0.0,64.58
ORD003443,P0008,Electronics,1,601.4,0.1,541.26
ORD003443,P0093,Beauty,1,54.29,0.0,54.29
ORD003444,P0009,Electronics,1,236.37,0.0,236.37
ORD003445,P0105,Books & Media,1,27.71,0.0,27.71
ORD003445,P0078,Sports,1,64.33,0.05,61.11
ORD003445,P0089,Beauty,1,20.66,0.0,20.66
ORD003445,P0098,Beauty,2,58.74,0.0,117.48
ORD003445,P0054,Fashion,1,37.85,0.05,35.96
ORD003446,P0057,Fashion,1,100.09,0.1,90.08
ORD003446,P0051,Fashion,1,21.84,0.05,20.75
ORD003447,P0035,Home & Garden,1,89.13,0.05,84.67
ORD003447,P0024,Home & Garden,2,38.74,0.0,77.48
ORD003447,P0100,Beauty,2,119.92,0.0,239.84
ORD003448,P0036,Home & Garden,1,64.58,0.0,64.58
ORD003448,P0070,Sports,1,273.9,0.0,273.9
ORD003449,P0034,Home & Garden,2,68.83,0.15,117.01
ORD003450,P0009,Electronics,1,236.37,0.0,236.37
ORD003451,P0062,Sports,1,278.05,0.0,278.05
ORD003452,P0026,Home & Garden,1,101.99,0.0,101.99
ORD003453,P0015,Electronics,1,769.37,0.0,769.37
ORD003453,P0012,Electronics,1,338.21,0.0,338.21
ORD003453,P0069,Sports,1,47.49,0.0,47.49
ORD003453,P0035,Home & Garden,2,89.13,0.05,169.35
ORD003453,P0042,Fashion,1,113.53,0.1,102.18
ORD003454,P0089,Beauty,1,20.66,0.0,20.66
ORD003454,P0032,Home & Garden,1,145.88,0.2,116.7
ORD003454,P0061,Sports,1,272.82,0.15,231.9
ORD003455,P0049,Fashion,2,179.38,0.05,340.82
ORD003455,P0009,Electronics,3,236.37,0.0,709.11
ORD003456,P0065,Sports,1,310.58,0.0,310.58
ORD003456,P0055,Fashion,1,92.6,0.05,87.97
ORD003457,P0034,Home & Garden,1,68.83,0.0,68.83
ORD003458,P0014,Electronics,1,127.83,0.0,127.83
ORD003459,P0067,Sports,1,310.35,0.0,310.35
ORD003460,P0039,Home & Garden,1,229.92,0.05,218.42
ORD003461,P0049,Fashion,3,179.38,0.0,538.14
ORD003461,P0057,Fashion,1,100.09,0.0,100.09
ORD003462,P0040,Home & Garden,1,77.25,0.0,77.25
ORD003463,P0047,Fashion,2,146.73,0.05,278.79
ORD003463,P0084,Beauty,1,36.18,0.15,30.75
ORD003463,P0047,Fashion,2,146.73,0.05,278.79
ORD003464,P0007,Electronics,1,71.56,0.0,71.56
ORD003465,P0037,Home & Garden,3,220.95,0.0,662.85
ORD003466,P0032,Home & Garden,1,145.88,0.0,145.88
ORD003467,P0001,Electronics,1,592.51,0.1,533.26
ORD003467,P0012,Electronics,1,338.21,0.0,338.21
ORD003468,P0035,Home & Garden,1,89.13,0.0,89.13
ORD003469,P0115,Books & Media,1,16.19,0.1,14.57
ORD003469,P0109,Books & Media,1,36.9,0.0,36.9
ORD003469,P0010,Electronics,1,737.02,0.0,737.02
ORD003470,P0078,Sports,1,64.33,0.2,51.46
ORD003470,P0018,Electronics,1,370.75,0.0,370.75
ORD003470,P0034,Home & Garden,1,68.83,0.0,68.83
ORD003470,P0053,Fashion,1,62.69,0.0,62.69
ORD003471,P0097,Beauty,1,37.48,0.2,29.98
ORD003472,P0032,Home & Garden,2,145.88,0.0,291.76
ORD003473,P0100,Beauty,2,119.92,0.0,239.84
ORD003474,P0059,Fashion,3,67.75,0.0,203.25
ORD003475,P0002,Electronics,2,282.77,0.2,452.43
ORD003475,P0049,Fashion,1,179.38,0.1,161.44
ORD003476,P0093,Beauty,1,54.29,0.1,48.86
ORD003477,P0057,Fashion,1,100.09,0.05,95.09
ORD003478,P0021,Home & Garden,1,180.57,0.1,162.51
ORD003478,P0031,Home & Garden,1,247.54,0.05,235.16
ORD003479,P0019,Electronics,1,753.99,0.0,753.99
ORD003479,P0112,Books & Media,2,36.19,0.0,72.38
ORD003479,P0064,Sports,2,31.33,0.1,56.39
ORD003480,P0034,Home & Garden,1,68.83,0.1,61.95
ORD003480,P0023,Home & Garden,2,33.75,0.1,60.75
ORD003481,P0048,Fashion,1,30.16,0.1,27.14
ORD003481,P0025,Home & Garden,1,164.39,0.0,164.39
ORD003481,P0018,Electronics,1,370.75,0.1,333.68
ORD003482,P0059,Fashion,3,67.75,0.05,193.09
ORD003483,P0039,Home & Garden,1,229.92,0.0,229.92
ORD003484,P0049,Fashion,1,179.38,0.0,179.38
ORD003484,P0100,Beauty,1,119.92,0.0,119.92
ORD003485,P0066,Sports,1,124.94,0.0,124.94
ORD003485,P0085,Beauty,1,33.57,0.0,33.57
ORD003485,P0032,Home & Garden,1,145.88,0.0,145.88
ORD003485,P0015,Electronics,3,769.37,0.05,2192.7
ORD003485,P0049,Fashion,1,179.38,0.2,143.5
ORD003486,P0040,Home & Garden,3,77.25,0.1,208.58
ORD003487,P0011,Electronics,3,733.95,0.05,2091.76
ORD003487,P0063,Sports,1,25.19,0.0,25.19
ORD003487,P0076,Sports,1,348.42,0.0,348.42
ORD003488,P0013,Electronics,1,862.63,0.0,862.63
ORD003488,P0075,Sports,1,90.37,0.05,85.85
ORD003488,P0093,Beauty,1,54.29,0.1,48.86
ORD003489,P0064,Sports,2,31.33,0.05,59.53
ORD003489,P0042,Fashion,1,113.53,0.1,102.18
ORD003490,P0018,Electronics,1,370.75,0.05,352.21
ORD003490,P0042,Fashion,1,113.53,0.0,113.53
ORD003491,P0110,Books & Media,1,16.05,0.0,16.05
ORD003491,P0090,Beauty,2,56.59,0.0,113.18
ORD003491,P0016,Electronics,2,735.06,0.15,1249.6
ORD003491,P0052,Fashion,1,129.07,0.0,129.07
ORD003491,P0042,Fashion,1,113.53,0.0,113.53
ORD003492,P0052,Fashion,1,129.07,0.0,129.07
ORD003492,P0013,Electronics,2,862.63,0.1,1552.73
ORD003492,P0048,Fashion,1,30.16,0.0,30.16
ORD003492,P0017,Electronics,1,504.79,0.2,403.83
ORD003492,P0090,Beauty,1,56.59,0.0,56.59
ORD003493,P0036,Home & Garden,1,64.58,0.05,61.35
ORD003493,P0006,Electronics,1,234.84,0.05,223.1
ORD003493,P0030,Home & Garden,1,53.4,0.0,53.4
ORD003494,P0064,Sports,1,31.33,0.0,31.33
ORD003495,P0052,Fashion,1,129.07,0.0,129.07
ORD003495,P0070,Sports,1,273.9,0.0,273.9
ORD003495,P0004,Electronics,3,807.35,0.0,2422.05
ORD003496,P0051,Fashion,1,21.84,0.1,19.66
ORD003496,P0117,Books & Media,1,38.94,0.2,31.15
ORD003496,P0116,Books & Media,1,12.17,0.0,12.17
ORD003497,P0003,Electronics,2,675.0,0.0,1350.0
ORD003497,P0082,Beauty,1,35.18,0.0,35.18
ORD003498,P0055,Fashion,2,92.6,0.05,175.94
ORD003499,P0047,Fashion,2,146.73,0.1,264.11
ORD003499,P0002,Electronics,2,282.77,0.15,480.71
ORD003500,P0081,Beauty,1,17.81,0.0,17.81
ORD003501,P0095,Beauty,2,30.92,0.15,52.56
ORD003501,P0046,Fashion,1,37.54,0.0,37.54
ORD003502,P0005,Electronics,3,407.63,0.0,1222.89
ORD003503,P0006,Electronics,2,234.84,0.1,422.71
ORD003504,P0098,Beauty,2,58.74,0.15,99.86
ORD003505,P0117,Books & Media,2,38.94,0.0,77.88
ORD003505,P0081,Beauty,3,17.81,0.05,50.76
ORD003505,P0021,Home & Garden,1,180.57,0.05,171.54
ORD003505,P0005,Electronics,2,407.63,0.0,815.26
ORD003506,P0002,Electronics,1,282.77,0.2,226.22
ORD003507,P0058,Fashion,3,166.02,0.2,398.45
ORD003508,P0006,Electronics,1,234.84,0.0,234.84
ORD003509,P0070,Sports,2,273.9,0.2,438.24
ORD003510,P0014,Electronics,1,127.83,0.1,115.05
ORD003510,P0003,Electronics,1,675.0,0.15,573.75
ORD003511,P0120,Books & Media,1,38.91,0.0,38.91
ORD003511,P0017,Electronics,1,504.79,0.0,504.79
ORD003511,P0030,Home & Garden,1,53.4,0.0,53.4
ORD003512,P0107,Books & Media,1,31.66,0.0,31.66
ORD003513,P0003,Electronics,1,675.0,0.1,607.5
ORD003514,P0036,Home & Garden,1,64.58,0.0,64.58
ORD003514,P0048,Fashion,1,30.16,0.0,30.16
ORD003514,P0088,Beauty,1,98.82,0.0,98.82
ORD003515,P0097,Beauty,1,37.48,0.15,31.86
ORD003515,P0086,Beauty,1,112.91,0.0,112.91
ORD003516,P0103,Books & Media,1,33.25,0.15,28.26
ORD003516,P0068,Sports,1,52.84,0.0,52.84
ORD003516,P0037,Home & Garden,2,220.95,0.0,441.9
ORD003517,P0058,Fashion,2,166.02,0.05,315.44
ORD003518,P0064,Sports,2,31.33,0.1,56.39
ORD003518,P0003,Electronics,3,675.0,0.15,1721.25
ORD003518,P0077,Sports,1,167.38,0.0,167.38
ORD003518,P0019,Electronics,1,753.99,0.0,753.99
ORD003518,P0108,Books & Media,3,57.78,0.0,173.34
ORD003519,P0039,Home & Garden,1,229.92,0.0,229.92
ORD003519,P0073,Sports,1,162.52,0.0,162.52
ORD003520,P0110,Books & Media,2,16.05,0.0,32.1
ORD003520,P0014,Electronics,1,127.83,0.05,121.44
ORD003520,P0037,Home & Garden,1,220.95,0.15,187.81
ORD003521,P0051,Fashion,1,21.84,0.1,19.66
ORD003522,P0118,Books & Media,1,20.23,0.0,20.23
ORD003523,P0012,Electronics,1,338.21,0.1,304.39
ORD003523,P0061,Sports,1,272.82,0.05,259.18
ORD003523,P0065,Sports,1,310.58,0.0,310.58
ORD003523,P0027,Home & Garden,1,77.74,0.1,69.97
ORD003523,P0118,Books & Media,1,20.23,0.1,18.21
ORD003524,P0084,Beauty,1,36.18,0.0,36.18
ORD003524,P0084,Beauty,1,36.18,0.05,34.37
ORD003525,P0018,Electronics,1,370.75,0.1,333.68
ORD003526,P0110,Books & Media,1,16.05,0.1,14.44
ORD003527,P0029,Home & Garden,2,55.22,0.0,110.44
ORD003527,P0029,Home & Garden,2,55.22,0.0,110.44
ORD003528,P0058,Fashion,2,166.02,0.0,332.04
ORD003529,P0022,Home & Garden,2,68.56,0.1,123.41
ORD003529,P0004,Electronics,1,807.35,0.05,766.98
ORD003529,P0020,Electronics,2,781.45,0.0,1562.9
ORD003529,P0008,Electronics,1,601.4,0.05,571.33
ORD003530,P0116,Books & Media,1,12.17,0.1,10.95
ORD003530,P0093,Beauty,1,54.29,0.0,54.29
ORD003530,P0117,Books & Media,1,38.94,0.15,33.1
ORD003530,P0010,Electronics,1,737.02,0.0,737.02
ORD003530,P0029,Home & Garden,1,55.22,0.0,55.22
ORD003531,P0032,Home & Garden,1,145.88,0.0,145.88
ORD003531,P0065,Sports,3,310.58,0.1,838.57
ORD003531,P0042,Fashion,1,113.53,0.0,113.53
ORD003531,P0009,Electronics,3,236.37,0.0,709.11
ORD003532,P0048,Fashion,1,30.16,0.0,30.16
ORD003532,P0027,Home & Garden,3,77.74,0.0,233.22
ORD003533,P0008,Electronics,3,601.4,0.0,1804.2
ORD003534,P0054,Fashion,1,37.85,0.0,37.85
ORD003534,P0053,Fashion,1,62.69,0.0,62.69
ORD003535,P0007,Electronics,3,71.56,0.1,193.21
ORD003536,P0026,Home & Garden,2,101.99,0.0,203.98
ORD003536,P0097,Beauty,1,37.48,0.15,31.86
ORD003536,P0094,Beauty,3,104.78,0.0,314.34
ORD003537,P0108,Books & Media,2,57.78,0.0,115.56
ORD003537,P0023,Home & Garden,1,33.75,0.05,32.06
ORD003537,P0075,Sports,1,90.37,0.0,90.37
ORD003538,P0027,Home & Garden,1,77.74,0.15,66.08
ORD003539,P0053,Fashion,1,62.69,0.05,59.56
ORD003540,P0061,Sports,2,272.82,0.0,545.64
ORD003541,P0052,Fashion,1,129.07,0.05,122.62
ORD003541,P0074,Sports,1,200.27,0.1,180.24
ORD003542,P0088,Beauty,1,98.82,0.05,93.88
ORD003542,P0022,Home & Garden,1,68.56,0.0,68.56
ORD003543,P0112,Books & Media,1,36.19,0.05,34.38
ORD003543,P0014,Electronics,2,127.83,0.05,242.88
ORD003544,P0078,Sports,1,64.33,0.0,64.33
ORD003545,P0017,Electronics,1,504.79,0.05,479.55
ORD003545,P0087,Beauty,1,61.99,0.2,49.59
ORD003545,P0099,Beauty,1,70.54,0.05,67.01
ORD003546,P0048,Fashion,1,30.16,0.05,28.65
ORD003546,P0017,Electronics,1,504.79,0.0,504.79
ORD003547,P0099,Beauty,1,70.54,0.0,70.54
ORD003547,P0065,Sports,2,310.58,0.0,621.16
ORD003547,P0029,Home & Garden,1,55.22,0.1,49.7
ORD003547,P0053,Fashion,1,62.69,0.1,56.42
ORD003548,P0014,Electronics,2,127.83,0.0,255.66
ORD003548,P0005,Electronics,2,407.63,0.0,815.26
ORD003549,P0086,Beauty,3,112.91,0.05,321.79
ORD003549,P0118,Books & Media,1,20.23,0.2,16.18
ORD003550,P0071,Sports,1,179.47,0.0,179.47
ORD003550,P0038,Home & Garden,1,169.03,0.0,169.03
ORD003551,P0075,Sports,1,90.37,0.0,90.37
ORD003551,P0059,Fashion,1,67.75,0.05,64.36
ORD003552,P0071,Sports,1,179.47,0.15,152.55
ORD003553,P0100,Beauty,1,119.92,0.0,119.92
ORD003553,P0056,Fashion,1,160.14,0.0,160.14
ORD003554,P0013,Electronics,1,862.63,0.15,733.24
ORD003554,P0085,Beauty,1,33.57,0.05,31.89
ORD003555,P0024,Home & Garden,1,38.74,0.0,38.74
ORD003556,P0008,Electronics,1,601.4,0.1,541.26
ORD003556,P0024,Home & Garden,1,38.74,0.0,38.74
ORD003557,P0010,Electronics,1,737.02,0.05,700.17
ORD003557,P0071,Sports,1,179.47,0.0,179.47
ORD003557,P0058,Fashion,1,166.02,0.0,166.02
ORD003557,P0055,Fashion,1,92.6,0.0,92.6
ORD003557,P0017,Electronics,2,504.79,0.0,1009.58
ORD003558,P0027,Home & Garden,1,77.74,0.0,77.74
ORD003559,P0018,Electronics,1,370.75,0.0,370.75
ORD003559,P0024,Home & Garden,2,38.74,0.05,73.61
ORD003560,P0026,Home & Garden,1,101.99,0.0,101.99
ORD003561,P0098,Beauty,1,58.74,0.05,55.8
ORD003561,P0119,Books & Media,1,54.29,0.0,54.29
ORD003562,P0010,Electronics,1,737.02,0.05,700.17
ORD003562,P0001,Electronics,1,592.51,0.1,533.26
ORD003563,P0049,Fashion,3,179.38,0.1,484.33
ORD003563,P0042,Fashion,2,113.53,0.1,204.35
ORD003563,P0080,Sports,1,99.79,0.2,79.83
ORD003564,P0073,Sports,1,162.52,0.0,162.52
ORD003564,P0004,Electronics,1,807.35,0.1,726.62
ORD003564,P0048,Fashion,1,30.16,0.05,28.65
ORD003564,P0006,Electronics,1,234.84,0.0,234.84
ORD003565,P0008,Electronics,1,601.4,0.0,601.4
ORD003566,P0031,Home & Garden,2,247.54,0.0,495.08
ORD003567,P0074,Sports,1,200.27,0.15,170.23
ORD003568,P0045,Fashion,2,34.55,0.2,55.28
ORD003568,P0099,Beauty,1,70.54,0.0,70.54
ORD003569,P0051,Fashion,1,21.84,0.0,21.84
ORD003570,P0016,Electronics,3,735.06,0.0,2205.18
ORD003571,P0089,Beauty,1,20.66,0.0,20.66
ORD003572,P0091,Beauty,1,90.2,0.15,76.67
ORD003573,P0006,Electronics,1,234.84,0.0,234.84
ORD003574,P0107,Books & Media,1,31.66,0.1,28.49
ORD003574,P0077,Sports,1,167.38,0.0,167.38
ORD003574,P0052,Fashion,1,129.07,0.0,129.07
ORD003575,P0088,Beauty,1,98.82,0.05,93.88
ORD003576,P0021,Home & Garden,2,180.57,0.0,361.14
ORD003576,P0066,Sports,2,124.94,0.0,249.88
ORD003577,P0046,Fashion,1,37.54,0.1,33.79
ORD003578,P0039,Home & Garden,1,229.92,0.0,229.92
ORD003578,P0085,Beauty,1,33.57,0.0,33.57
ORD003579,P0097,Beauty,1,37.48,0.0,37.48
ORD003580,P0057,Fashion,2,100.09,0.15,170.15
ORD003581,P0026,Home & Garden,3,101.99,0.0,305.97
ORD003581,P0087,Beauty,2,61.99,0.0,123.98
ORD003581,P0098,Beauty,1,58.74,0.0,58.74
ORD003582,P0053,Fashion,2,62.69,0.1,112.84
ORD003582,P0094,Beauty,3,104.78,0.0,314.34
ORD003582,P0005,Electronics,3,407.63,0.0,1222.89
ORD003582,P0046,Fashion,3,37.54,0.0,112.62
ORD003583,P0047,Fashion,1,146.73,0.0,146.73
ORD003583,P0072,Sports,1,111.14,0.0,111.14
ORD003583,P0068,Sports,1,52.84,0.05,50.2
ORD003583,P0115,Books & Media,3,16.19,0.0,48.57
ORD003584,P0104,Books & Media,2,28.85,0.1,51.93
ORD003584,P0011,Electronics,2,733.95,0.1,1321.11
ORD003585,P0029,Home & Garden,2,55.22,0.05,104.92
ORD003585,P0050,Fashion,1,175.37,0.0,175.37
ORD003586,P0077,Sports,1,167.38,0.0,167.38
ORD003586,P0119,Books & Media,1,54.29,0.15,46.15
ORD003587,P0020,Electronics,1,781.45,0.0,781.45
ORD003588,P0029,Home & Garden,2,55.22,0.0,110.44
ORD003588,P0045,Fashion,2,34.55,0.15,58.73
ORD003588,P0021,Home & Garden,1,180.57,0.15,153.48
ORD003589,P0037,Home & Garden,1,220.95,0.0,220.95
ORD003589,P0004,Electronics,1,807.35,0.0,807.35
ORD003589,P0011,Electronics,2,733.95,0.0,1467.9
ORD003590,P0104,Books & Media,1,28.85,0.0,28.85
ORD003591,P0001,Electronics,1,592.51,0.0,592.51
ORD003591,P0112,Books & Media,1,36.19,0.0,36.19
ORD003592,P0119,Books & Media,1,54.29,0.15,46.15
ORD003592,P0110,Books & Media,1,16.05,0.2,12.84
ORD003592,P0035,Home & Garden,1,89.13,0.0,89.13
ORD003593,P0065,Sports,1,310.58,0.0,310.58
ORD003593,P0073,Sports,1,162.52,0.1,146.27
ORD003594,P0017,Electronics,1,504.79,0.0,504.79
ORD003595,P0073,Sports,1,162.52,0.0,162.52
ORD003596,P0106,Books & Media,1,21.79,0.0,21.79
ORD003596,P0106,Books & Media,3,21.79,0.05,62.1
ORD003596,P0073,Sports,1,162.52,0.05,154.39
ORD003596,P0040,Home & Garden,1,77.25,0.05,73.39
ORD003597,P0050,Fashion,1,175.37,0.1,157.83
ORD003598,P0090,Beauty,2,56.59,0.0,113.18
ORD003598,P0084,Beauty,1,36.18,0.05,34.37
ORD003599,P0051,Fashion,3,21.84,0.1,58.97
ORD003599,P0107,Books & Media,1,31.66,0.05,30.08
ORD003600,P0073,Sports,2,162.52,0.0,325.04
ORD003601,P0013,Electronics,1,862.63,0.05,819.5
ORD003602,P0035,Home & Garden,1,89.13,0.15,75.76
ORD003603,P0114,Books & Media,3,34.15,0.1,92.2
ORD003603,P0038,Home & Garden,3,169.03,0.15,431.03
ORD003604,P0014,Electronics,1,127.83,0.1,115.05
ORD003605,P0051,Fashion,1,21.84,0.0,21.84
ORD003606,P0022,Home & Garden,1,68.56,0.0,68.56
ORD003606,P0080,Sports,2,99.79,0.05,189.6
ORD003606,P0020,Electronics,2,781.45,0.0,1562.9
ORD003607,P0099,Beauty,1,70.54,0.0,70.54
ORD003607,P0072,Sports,1,111.14,0.0,111.14
ORD003607,P0011,Electronics,1,733.95,0.05,697.25
ORD003607,P0105,Books & Media,1,27.71,0.0,27.71
ORD003608,P0103,Books & Media,2,33.25,0.0,66.5
ORD003608,P0077,Sports,2,167.38,0.05,318.02
ORD003609,P0004,Electronics,1,807.35,0.0,807.35
ORD003609,P0086,Beauty,1,112.91,0.0,112.91
ORD003609,P0011,Electronics,2,733.95,0.0,1467.9
ORD003610,P0090,Beauty,2,56.59,0.05,107.52
ORD003610,P0018,Electronics,1,370.75,0.05,352.21
ORD003611,P0084,Beauty,2,36.18,0.0,72.36
ORD003612,P0019,Electronics,1,753.99,0.2,603.19
ORD003613,P0033,Home & Garden,1,213.07,0.1,191.76
ORD003613,P0075,Sports,1,90.37,0.2,72.3
ORD003613,P0001,Electronics,1,592.51,0.0,592.51
ORD003613,P0113,Books & Media,1,10.97,0.05,10.42
ORD003614,P0107,Books & Media,1,31.66,0.15,26.91
ORD003615,P0057,Fashion,1,100.09,0.1,90.08
ORD003615,P0108,Books & Media,2,57.78,0.0,115.56
ORD003616,P0008,Electronics,1,601.4,0.05,571.33
ORD003616,P0064,Sports,1,31.33,0.0,31.33
ORD003616,P0082,Beauty,1,35.18,0.0,35.18
ORD003617,P0033,Home & Garden,1,213.07,0.0,213.07
ORD003617,P0027,Home & Garden,1,77.74,0.1,69.97
ORD003618,P0014,Electronics,1,127.83,0.0,127.83
ORD003618,P0074,Sports,3,200.27,0.15,510.69
ORD003619,P0037,Home & Garden,1,220.95,0.0,220.95
ORD003620,P0003,Electronics,2,675.0,0.0,1350.0
ORD003620,P0108,Books & Media,1,57.78,0.0,57.78
ORD003620,P0053,Fashion,1,62.69,0.0,62.69
ORD003621,P0043,Fashion,2,83.9,0.0,167.8
ORD003621,P0026,Home & Garden,1,101.99,0.0,101.99
ORD003622,P0112,Books & Media,1,36.19,0.1,32.57
ORD003623,P0037,Home & Garden,1,220.95,0.05,209.9
ORD003624,P0118,Books & Media,2,20.23,0.0,40.46
ORD003625,P0057,Fashion,3,100.09,0.0,300.27
ORD003625,P0035,Home & Garden,2,89.13,0.0,178.26
ORD003625,P0118,Books & Media,1,20.23,0.15,17.2
ORD003625,P0071,Sports,2,179.47,0.0,358.94
ORD003625,P0016,Electronics,1,735.06,0.0,735.06
ORD003626,P0052,Fashion,1,129.07,0.2,103.26
ORD003626,P0060,Fashion,1,117.44,0.0,117.44
ORD003627,P0029,Home & Garden,1,55.22,0.1,49.7
ORD003627,P0098,Beauty,1,58.74,0.0,58.74
ORD003628,P0078,Sports,2,64.33,0.15,109.36
ORD003628,P0105,Books & Media,2,27.71,0.1,49.88
ORD003629,P0074,Sports,1,200.27,0.1,180.24
ORD003629,P0050,Fashion,1,175.37,0.0,175.37
ORD003630,P0014,Electronics,1,127.83,0.05,121.44
ORD003630,P0103,Books & Media,1,33.25,0.0,33.25
ORD003631,P0021,Home & Garden,2,180.57,0.0,361.14
ORD003631,P0035,Home & Garden,1,89.13,0.0,89.13
ORD003632,P0017,Electronics,2,504.79,0.0,1009.58
ORD003633,P0005,Electronics,1,407.63,0.05,387.25
ORD003634,P0022,Home & Garden,1,68.56,0.2,54.85
ORD003635,P0057,Fashion,1,100.09,0.0,100.09
ORD003635,P0039,Home & Garden,1,229.92,0.0,229.92
ORD003636,P0050,Fashion,3,175.37,0.15,447.19
ORD003636,P0076,Sports,1,348.42,0.1,313.58
ORD003637,P0021,Home & Garden,1,180.57,0.05,171.54
ORD003638,P0102,Books & Media,2,52.13,0.1,93.83
ORD003638,P0060,Fashion,1,117.44,0.05,111.57
ORD003638,P0119,Books & Media,2,54.29,0.0,108.58
ORD003639,P0053,Fashion,1,62.69,0.1,56.42
ORD003639,P0081,Beauty,1,17.81,0.0,17.81
ORD003640,P0090,Beauty,1,56.59,0.0,56.59
ORD003641,P0007,Electronics,1,71.56,0.0,71.56
ORD003641,P0026,Home & Garden,1,101.99,0.1,91.79
ORD003641,P0016,Electronics,1,735.06,0.05,698.31
ORD003642,P0018,Electronics,2,370.75,0.05,704.42
ORD003642,P0099,Beauty,1,70.54,0.0,70.54
ORD003643,P0004,Electronics,3,807.35,0.05,2300.95
ORD003643,P0008,Electronics,1,601.4,0.1,541.26
ORD003644,P0066,Sports,1,124.94,0.2,99.95
ORD003645,P0001,Electronics,1,592.51,0.0,592.51
ORD003646,P0089,Beauty,1,20.66,0.05,19.63
ORD003646,P0022,Home & Garden,1,68.56,0.0,68.56
ORD003647,P0052,Fashion,1,129.07,0.0,129.07
ORD003647,P0035,Home & Garden,1,89.13,0.1,80.22
ORD003648,P0037,Home & Garden,1,220.95,0.05,209.9
ORD003649,P0077,Sports,2,167.38,0.1,301.28
ORD003650,P0056,Fashion,1,160.14,0.0,160.14
ORD003650,P0114,Books & Media,1,34.15,0.0,34.15
ORD003650,P0099,Beauty,1,70.54,0.05,67.01
ORD003650,P0104,Books & Media,2,28.85,0.1,51.93
ORD003651,P0090,Beauty,1,56.59,0.2,45.27
ORD003651,P0036,Home & Garden,1,64.58,0.05,61.35
ORD003652,P0085,Beauty,1,33.57,0.05,31.89
ORD003652,P0076,Sports,1,348.42,0.0,348.42
ORD003652,P0018,Electronics,1,370.75,0.05,352.21
ORD003653,P0054,Fashion,2,37.85,0.1,68.13
ORD003653,P0067,Sports,1,310.35,0.0,310.35
ORD003654,P0102,Books & Media,1,52.13,0.0,52.13
ORD003654,P0074,Sports,1,200.27,0.0,200.27
ORD003654,P0114,Books & Media,3,34.15,0.05,97.33
ORD003654,P0049,Fashion,1,179.38,0.0,179.38
ORD003655,P0073,Sports,1,162.52,0.0,162.52
ORD003655,P0108,Books & Media,3,57.78,0.05,164.67
ORD003656,P0018,Electronics,1,370.75,0.1,333.68
ORD003656,P0091,Beauty,2,90.2,0.0,180.4
ORD003657,P0091,Beauty,1,90.2,0.1,81.18
ORD003658,P0041,Fashion,1,109.82,0.0,109.82
ORD003659,P0107,Books & Media,1,31.66,0.0,31.66
ORD003659,P0009,Electronics,1,236.37,0.0,236.37
ORD003660,P0085,Beauty,1,33.57,0.0,33.57
ORD003661,P0082,Beauty,1,35.18,0.1,31.66
ORD003662,P0048,Fashion,1,30.16,0.0,30.16
ORD003662,P0072,Sports,2,111.14,0.15,188.94
ORD003663,P0044,Fashion,3,179.61,0.0,538.83
ORD003664,P0066,Sports,3,124.94,0.0,374.82
ORD003664,P0089,Beauty,2,20.66,0.1,37.19
ORD003664,P0081,Beauty,3,17.81,0.05,50.76
ORD003665,P0025,Home & Garden,3,164.39,0.0,493.17
ORD003666,P0051,Fashion,1,21.84,0.0,21.84
ORD003666,P0037,Home & Garden,2,220.95,0.0,441.9
ORD003666,P0109,Books & Media,1,36.9,0.05,35.06
ORD003666,P0039,Home & Garden,1,229.92,0.15,195.43
ORD003667,P0011,Electronics,2,733.95,0.0,1467.9
ORD003667,P0035,Home & Garden,1,89.13,0.1,80.22
ORD003667,P0084,Beauty,1,36.18,0.0,36.18
ORD003668,P0118,Books & Media,1,20.23,0.15,17.2
ORD003669,P0115,Books & Media,1,16.19,0.15,13.76
ORD003670,P0117,Books & Media,1,38.94,0.05,36.99
ORD003671,P0068,Sports,1,52.84,0.1,47.56
ORD003672,P0032,Home & Garden,2,145.88,0.0,291.76
ORD003672,P0107,Books & Media,1,31.66,0.1,28.49
ORD003672,P0014,Electronics,2,127.83,0.0,255.66
ORD003672,P0053,Fashion,1,62.69,0.0,62.69
ORD003672,P0074,Sports,2,200.27,0.15,340.46
ORD003673,P0052,Fashion,1,129.07,0.0,129.07
ORD003673,P0014,Electronics,1,127.83,0.0,127.83
ORD003673,P0014,Electronics,1,127.83,0.1,115.05
ORD003673,P0037,Home & Garden,1,220.95,0.0,220.95
ORD003674,P0022,Home & Garden,1,68.56,0.0,68.56
ORD003674,P0035,Home & Garden,3,89.13,0.05,254.02
ORD003675,P0037,Home & Garden,1,220.95,0.0,220.95
ORD003675,P0039,Home & Garden,1,229.92,0.0,229.92
ORD003675,P0061,Sports,1,272.82,0.0,272.82
ORD003676,P0034,Home & Garden,1,68.83,0.0,68.83
ORD003676,P0058,Fashion,2,166.02,0.0,332.04
ORD003677,P0115,Books & Media,2,16.19,0.0,32.38
ORD003677,P0003,Electronics,1,675.0,0.0,675.0
ORD003678,P0089,Beauty,1,20.66,0.0,20.66
ORD003679,P0042,Fashion,2,113.53,0.0,227.06
ORD003679,P0013,Electronics,1,862.63,0.0,862.63
ORD003680,P0086,Beauty,3,112.91,0.0,338.73
ORD003681,P0032,Home & Garden,2,145.88,0.0,291.76
ORD003681,P0108,Books & Media,1,57.78,0.0,57.78
ORD003681,P0080,Sports,1,99.79,0.2,79.83
ORD003682,P0023,Home & Garden,1,33.75,0.0,33.75
ORD003683,P0011,Electronics,1,733.95,0.05,697.25
ORD003683,P0050,Fashion,1,175.37,0.2,140.3
ORD003684,P0009,Electronics,1,236.37,0.2,189.1
ORD003685,P0049,Fashion,2,179.38,0.15,304.95
ORD003685,P0007,Electronics,1,71.56,0.0,71.56
ORD003685,P0080,Sports,1,99.79,0.15,84.82
ORD003686,P0020,Electronics,1,781.45,0.0,781.45
ORD003687,P0096,Beauty,1,56.41,0.0,56.41
ORD003688,P0026,Home & Garden,2,101.99,0.0,203.98
ORD003689,P0071,Sports,2,179.47,0.0,358.94
ORD003690,P0008,Electronics,1,601.4,0.0,601.4
ORD003691,P0042,Fashion,1,113.53,0.0,113.53
ORD003692,P0059,Fashion,3,67.75,0.0,203.25
ORD003692,P0106,Books & Media,2,21.79,0.0,43.58
ORD003693,P0080,Sports,1,99.79,0.0,99.79
ORD003694,P0004,Electronics,2,807.35,0.0,1614.7
ORD003695,P0047,Fashion,2,146.73,0.0,293.46
ORD003696,P0001,Electronics,1,592.51,0.0,592.51
ORD003696,P0048,Fashion,1,30.16,0.0,30.16
ORD003696,P0011,Electronics,1,733.95,0.0,733.95
ORD003697,P0077,Sports,1,167.38,0.0,167.38
ORD003697,P0009,Electronics,2,236.37,0.05,449.1
ORD003697,P0039,Home & Garden,1,229.92,0.0,229.92
ORD003697,P0044,Fashion,1,179.61,0.0,179.61
ORD003698,P0060,Fashion,3,117.44,0.0,352.32
ORD003699,P0016,Electronics,1,735.06,0.15,624.8
ORD003700,P0010,Electronics,1,737.02,0.1,663.32
ORD003700,P0020,Electronics,3,781.45,0.0,2344.35
ORD003700,P0044,Fashion,1,179.61,0.05,170.63
ORD003700,P0015,Electronics,1,769.37,0.0,769.37
ORD003700,P0022,Home & Garden,1,68.56,0.0,68.56
ORD003701,P0057,Fashion,1,100.09,0.1,90.08
ORD003701,P0038,Home & Garden,2,169.03,0.1,304.25
ORD003702,P0108,Books & Media,2,57.78,0.2,92.45
ORD003703,P0004,Electronics,1,807.35,0.0,807.35
ORD003703,P0018,Electronics,1,370.75,0.0,370.75
ORD003704,P0073,Sports,1,162.52,0.0,162.52
ORD003705,P0057,Fashion,1,100.09,0.0,100.09
ORD003706,P0051,Fashion,1,21.84,0.1,19.66
ORD003706,P0034,Home & Garden,2,68.83,0.15,117.01
ORD003706,P0103,Books & Media,1,33.25,0.05,31.59
ORD003707,P0056,Fashion,1,160.14,0.0,160.14
ORD003707,P0089,Beauty,2,20.66,0.0,41.32
ORD003707,P0046,Fashion,1,37.54,0.05,35.66
ORD003708,P0053,Fashion,1,62.69,0.15,53.29
ORD003708,P0113,Books & Media,1,10.97,0.0,10.97
ORD003708,P0115,Books & Media,2,16.19,0.05,30.76
ORD003709,P0085,Beauty,1,33.57,0.05,31.89
ORD003709,P0052,Fashion,2,129.07,0.0,258.14
ORD003710,P0002,Electronics,1,282.77,0.0,282.77
ORD003711,P0054,Fashion,1,37.85,0.05,35.96
ORD003711,P0086,Beauty,1,112.91,0.0,112.91
ORD003712,P0012,Electronics,1,338.21,0.0,338.21
ORD003712,P0010,Electronics,1,737.02,0.15,626.47
ORD003712,P0047,Fashion,1,146.73,0.0,146.73
ORD003713,P0084,Beauty,2,36.18,0.1,65.12
ORD003714,P0059,Fashion,1,67.75,0.1,60.98
ORD003714,P0043,Fashion,1,83.9,0.15,71.32
ORD003715,P0048,Fashion,1,30.16,0.15,25.64
ORD003716,P0074,Sports,1,200.27,0.0,200.27
ORD003716,P0010,Electronics,1,737.02,0.0,737.02
ORD003716,P0075,Sports,1,90.37,0.0,90.37
ORD003716,P0011,Electronics,2,733.95,0.15,1247.72
ORD003717,P0054,Fashion,3,37.85,0.0,113.55
ORD003718,P0113,Books & Media,1,10.97,0.05,10.42
ORD003718,P0087,Beauty,2,61.99,0.05,117.78
ORD003718,P0076,Sports,2,348.42,0.2,557.47
ORD003718,P0016,Electronics,3,735.06,0.0,2205.18
ORD003719,P0094,Beauty,1,104.78,0.0,104.78
ORD003720,P0106,Books & Media,1,21.79,0.05,20.7
ORD003720,P0073,Sports,2,162.52,0.05,308.79
ORD003720,P0001,Electronics,2,592.51,0.0,1185.02
ORD003721,P0076,Sports,1,348.42,0.0,348.42
ORD003722,P0041,Fashion,1,109.82,0.0,109.82
ORD003722,P0017,Electronics,1,504.79,0.05,479.55
ORD003722,P0016,Electronics,1,735.06,0.0,735.06
ORD003723,P0059,Fashion,3,67.75,0.2,162.6
ORD003723,P0048,Fashion,1,30.16,0.05,28.65
ORD003723,P0013,Electronics,1,862.63,0.0,862.63
ORD003724,P0086,Beauty,1,112.91,0.0,112.91
ORD003724,P0042,Fashion,1,113.53,0.05,107.85
ORD003725,P0045,Fashion,1,34.55,0.0,34.55
ORD003726,P0006,Electronics,2,234.84,0.0,469.68
ORD003727,P0060,Fashion,2,117.44,0.15,199.65
ORD003727,P0096,Beauty,1,56.41,0.0,56.41
ORD003727,P0005,Electronics,1,407.63,0.0,407.63
ORD003727,P0101,Books & Media,2,58.39,0.1,105.1
ORD003727,P0068,Sports,3,52.84,0.05,150.59
ORD003728,P0043,Fashion,1,83.9,0.05,79.7
ORD003729,P0020,Electronics,1,781.45,0.15,664.23
ORD003730,P0058,Fashion,1,166.02,0.05,157.72
ORD003731,P0054,Fashion,1,37.85,0.15,32.17
ORD003731,P0089,Beauty,1,20.66,0.05,19.63
ORD003731,P0096,Beauty,1,56.41,0.05,53.59
ORD003731,P0075,Sports,1,90.37,0.1,81.33
ORD003731,P0111,Books & Media,1,58.37,0.05,55.45
ORD003732,P0044,Fashion,1,179.61,0.05,170.63
ORD003733,P0101,Books & Media,2,58.39,0.05,110.94
ORD003733,P0095,Beauty,1,30.92,0.05,29.37
ORD003733,P0005,Electronics,1,407.63,0.0,407.63
ORD003733,P0001,Electronics,1,592.51,0.0,592.51
ORD003733,P0012,Electronics,1,338.21,0.05,321.3
ORD003734,P0117,Books & Media,1,38.94,0.1,35.05
ORD003734,P0115,Books & Media,1,16.19,0.0,16.19
ORD003734,P0026,Home & Garden,1,101.99,0.1,91.79
ORD003734,P0091,Beauty,1,90.2,0.0,90.2
ORD003734,P0053,Fashion,1,62.69,0.0,62.69
ORD003735,P0119,Books & Media,3,54.29,0.2,130.3
ORD003735,P0112,Books & Media,1,36.19,0.0,36.19
ORD003735,P0073,Sports,1,162.52,0.0,162.52
ORD003736,P0045,Fashion,1,34.55,0.0,34.55
ORD003737,P0015,Electronics,1,769.37,0.0,769.37
ORD003737,P0057,Fashion,1,100.09,0.05,95.09
ORD003738,P0114,Books & Media,2,34.15,0.0,68.3
ORD003739,P0051,Fashion,1,21.84,0.05,20.75
ORD003739,P0014,Electronics,2,127.83,0.0,255.66
ORD003740,P0009,Electronics,1,236.37,0.0,236.37
ORD003741,P0109,Books & Media,1,36.9,0.0,36.9
ORD003742,P0089,Beauty,1,20.66,0.0,20.66
ORD003743,P0060,Fashion,1,117.44,0.1,105.7
ORD003743,P0054,Fashion,2,37.85,0.05,71.92
ORD003743,P0060,Fashion,2,117.44,0.0,234.88
ORD003744,P0092,Beauty,1,118.26,0.0,118.26
ORD003745,P0040,Home & Garden,1,77.25,0.15,65.66
ORD003745,P0105,Books & Media,1,27.71,0.0,27.71
ORD003745,P0108,Books & Media,1,57.78,0.0,57.78
ORD003745,P0042,Fashion,2,113.53,0.0,227.06
ORD003746,P0119,Books & Media,2,54.29,0.0,108.58
ORD003747,P0009,Electronics,2,236.37,0.0,472.74
ORD003747,P0088,Beauty,1,98.82,0.0,98.82
ORD003748,P0029,Home & Garden,2,55.22,0.0,110.44
ORD003748,P0021,Home & Garden,1,180.57,0.05,171.54
ORD003748,P0020,Electronics,3,781.45,0.0,2344.35
ORD003749,P0075,Sports,1,90.37,0.0,90.37
ORD003750,P0038,Home & Garden,2,169.03,0.2,270.45
ORD003750,P0085,Beauty,1,33.57,0.0,33.57
ORD003751,P0049,Fashion,1,179.38,0.0,179.38
ORD003751,P0003,Electronics,1,675.0,0.1,607.5
ORD003751,P0073,Sports,1,162.52,0.05,154.39
ORD003752,P0018,Electronics,1,370.75,0.1,333.68
ORD003752,P0039,Home & Garden,2,229.92,0.0,459.84
ORD003752,P0042,Fashion,2,113.53,0.0,227.06
ORD003753,P0064,Sports,1,31.33,0.05,29.76
ORD003754,P0080,Sports,2,99.79,0.05,189.6
ORD003754,P0011,Electronics,1,733.95,0.0,733.95
ORD003755,P0087,Beauty,1,61.99,0.15,52.69
ORD003755,P0009,Electronics,1,236.37,0.0,236.37
ORD003755,P0017,Electronics,1,504.79,0.0,504.79
ORD003756,P0001,Electronics,1,592.51,0.0,592.51
ORD003756,P0031,Home & Garden,1,247.54,0.0,247.54
ORD003757,P0011,Electronics,2,733.95,0.15,1247.72
ORD003757,P0005,Electronics,1,407.63,0.0,407.63
ORD003758,P0082,Beauty,2,35.18,0.0,70.36
ORD003758,P0088,Beauty,3,98.82,0.15,251.99
ORD003759,P0102,Books & Media,1,52.13,0.0,52.13
ORD003760,P0044,Fashion,1,179.61,0.0,179.61
ORD003761,P0005,Electronics,2,407.63,0.15,692.97
ORD003761,P0018,Electronics,1,370.75,0.0,370.75
ORD003761,P0057,Fashion,1,100.09,0.1,90.08
ORD003762,P0053,Fashion,1,62.69,0.2,50.15
ORD003763,P0039,Home & Garden,1,229.92,0.0,229.92
ORD003764,P0095,Beauty,2,30.92,0.0,61.84
ORD003764,P0039,Home & Garden,1,229.92,0.1,206.93
ORD003765,P0089,Beauty,1,20.66,0.15,17.56
ORD003766,P0059,Fashion,1,67.75,0.1,60.98
ORD003766,P0034,Home & Garden,2,68.83,0.2,110.13
ORD003766,P0055,Fashion,3,92.6,0.05,263.91
ORD003766,P0110,Books & Media,1,16.05,0.0,16.05
ORD003767,P0050,Fashion,2,175.37,0.0,350.74
ORD003767,P0001,Electronics,1,592.51,0.15,503.63
ORD003768,P0019,Electronics,1,753.99,0.1,678.59
ORD003769,P0092,Beauty,1,118.26,0.0,118.26
ORD003770,P0016,Electronics,1,735.06,0.05,698.31
ORD003770,P0050,Fashion,1,175.37,0.0,175.37
ORD003771,P0098,Beauty,1,58.74,0.0,58.74
ORD003772,P0079,Sports,2,134.88,0.0,269.76
ORD003772,P0019,Electronics,3,753.99,0.0,2261.97
ORD003773,P0056,Fashion,1,160.14,0.0,160.14
ORD003773,P0079,Sports,1,134.88,0.2,107.9
ORD003774,P0010,Electronics,1,737.02,0.1,663.32
ORD003775,P0018,Electronics,1,370.75,0.05,352.21
ORD003775,P0034,Home & Garden,2,68.83,0.15,117.01
ORD003775,P0028,Home & Garden,1,167.29,0.0,167.29
ORD003775,P0093,Beauty,3,54.29,0.0,162.87
ORD003776,P0015,Electronics,1,769.37,0.0,769.37
ORD003776,P0089,Beauty,1,20.66,0.0,20.66
ORD003777,P0075,Sports,1,90.37,0.0,90.37
ORD003778,P0096,Beauty,1,56.41,0.0,56.41
ORD003778,P0014,Electronics,1,127.83,0.05,121.44
ORD003778,P0049,Fashion,1,179.38,0.15,152.47
ORD003778,P0020,Electronics,2,781.45,0.0,1562.9
ORD003778,P0120,Books & Media,1,38.91,0.05,36.96
ORD003779,P0005,Electronics,1,407.63,0.1,366.87
ORD003780,P0098,Beauty,1,58.74,0.0,58.74
ORD003780,P0079,Sports,1,134.88,0.1,121.39
ORD003780,P0064,Sports,1,31.33,0.2,25.06
ORD003780,P0082,Beauty,2,35.18,0.0,70.36
ORD003780,P0016,Electronics,1,735.06,0.05,698.31
ORD003781,P0069,Sports,2,47.49,0.0,94.98
ORD003782,P0077,Sports,1,167.38,0.0,167.38
ORD003783,P0020,Electronics,1,781.45,0.05,742.38
ORD003783,P0099,Beauty,3,70.54,0.0,211.62
ORD003784,P0038,Home & Garden,2,169.03,0.0,338.06
ORD003785,P0041,Fashion,2,109.82,0.0,219.64
ORD003785,P0008,Electronics,1,601.4,0.05,571.33
ORD003785,P0033,Home & Garden,1,213.07,0.1,191.76
ORD003786,P0046,Fashion,1,37.54,0.1,33.79
ORD003786,P0052,Fashion,1,129.07,0.0,129.07
ORD003787,P0111,Books & Media,1,58.37,0.0,58.37
ORD003788,P0015,Electronics,2,769.37,0.2,1230.99
ORD003788,P0084,Beauty,1,36.18,0.05,34.37
ORD003788,P0049,Fashion,1,179.38,0.0,179.38
ORD003788,P0104,Books & Media,1,28.85,0.0,28.85
ORD003789,P0013,Electronics,2,862.63,0.0,1725.26
ORD003789,P0006,Electronics,1,234.84,0.0,234.84
ORD003790,P0073,Sports,1,162.52,0.0,162.52
ORD003790,P0037,Home & Garden,1,220.95,0.0,220.95
ORD003791,P0112,Books & Media,2,36.19,0.0,72.38
ORD003792,P0034,Home & Garden,1,68.83,0.0,68.83
ORD003793,P0053,Fashion,1,62.69,0.0,62.69
ORD003794,P0051,Fashion,1,21.84,0.0,21.84
ORD003795,P0010,Electronics,1,737.02,0.0,737.02
ORD003795,P0047,Fashion,1,146.73,0.0,146.73
ORD003796,P0050,Fashion,2,175.37,0.0,350.74
ORD003797,P0028,Home & Garden,3,167.29,0.0,501.87
ORD003798,P0031,Home & Garden,2,247.54,0.0,495.08
ORD003798,P0043,Fashion,2,83.9,0.0,167.8
ORD003799,P0050,Fashion,1,175.37,0.0,175.37
ORD003799,P0113,Books & Media,1,10.97,0.1,9.87
ORD003799,P0081,Beauty,2,17.81,0.0,35.62
ORD003800,P0041,Fashion,1,109.82,0.0,109.82
ORD003800,P0002,Electronics,1,282.77,0.0,282.77
ORD003801,P0082,Beauty,1,35.18,0.0,35.18
ORD003802,P0011,Electronics,1,733.95,0.2,587.16
ORD003802,P0049,Fashion,2,179.38,0.0,358.76
ORD003802,P0046,Fashion,1,37.54,0.15,31.91
ORD003802,P0026,Home & Garden,1,101.99,0.0,101.99
ORD003803,P0044,Fashion,1,179.61,0.05,170.63
ORD003803,P0010,Electronics,1,737.02,0.0,737.02
ORD003803,P0008,Electronics,1,601.4,0.0,601.4
ORD003803,P0045,Fashion,1,34.55,0.05,32.82
ORD003803,P0109,Books & Media,1,36.9,0.0,36.9
ORD003804,P0053,Fashion,1,62.69,0.05,59.56
ORD003804,P0080,Sports,1,99.79,0.0,99.79
ORD003805,P0023,Home & Garden,2,33.75,0.1,60.75
ORD003806,P0059,Fashion,1,67.75,0.0,67.75
ORD003806,P0012,Electronics,1,338.21,0.0,338.21
ORD003807,P0006,Electronics,1,234.84,0.05,223.1
ORD003807,P0068,Sports,1,52.84,0.0,52.84
ORD003808,P0028,Home & Garden,1,167.29,0.0,167.29
ORD003809,P0085,Beauty,1,33.57,0.05,31.89
ORD003809,P0007,Electronics,1,71.56,0.0,71.56
ORD003809,P0118,Books & Media,1,20.23,0.0,20.23
ORD003809,P0006,Electronics,3,234.84,0.15,598.84
ORD003809,P0027,Home & Garden,1,77.74,0.1,69.97
ORD003810,P0009,Electronics,2,236.37,0.0,472.74
ORD003810,P0041,Fashion,1,109.82,0.0,109.82
ORD003811,P0116,Books & Media,1,12.17,0.0,12.17
ORD003811,P0026,Home & Garden,2,101.99,0.0,203.98
ORD003812,P0118,Books & Media,1,20.23,0.0,20.23
ORD003813,P0003,Electronics,2,675.0,0.0,1350.0
ORD003814,P0027,Home & Garden,2,77.74,0.15,132.16
ORD003815,P0004,Electronics,1,807.35,0.15,686.25
ORD003816,P0074,Sports,2,200.27,0.1,360.49
ORD003817,P0055,Fashion,1,92.6,0.1,83.34
ORD003817,P0119,Books & Media,2,54.29,0.0,108.58
ORD003818,P0086,Beauty,1,112.91,0.0,112.91
ORD003819,P0081,Beauty,1,17.81,0.0,17.81
ORD003819,P0037,Home & Garden,2,220.95,0.0,441.9
ORD003820,P0013,Electronics,1,862.63,0.05,819.5
ORD003820,P0065,Sports,1,310.58,0.1,279.52
ORD003821,P0001,Electronics,1,592.51,0.0,592.51
ORD003821,P0109,Books & Media,2,36.9,0.0,73.8
ORD003821,P0004,Electronics,3,807.35,0.05,2300.95
ORD003821,P0104,Books & Media,1,28.85,0.0,28.85
ORD003821,P0021,Home & Garden,1,180.57,0.0,180.57
ORD003822,P0070,Sports,1,273.9,0.0,273.9
ORD003823,P0089,Beauty,2,20.66,0.0,41.32
ORD003824,P0068,Sports,1,52.84,0.2,42.27
ORD003824,P0017,Electronics,1,504.79,0.0,504.79
ORD003824,P0007,Electronics,1,71.56,0.0,71.56
ORD003824,P0106,Books & Media,3,21.79,0.2,52.3
ORD003825,P0017,Electronics,1,504.79,0.05,479.55
ORD003826,P0101,Books & Media,1,58.39,0.05,55.47
ORD003827,P0100,Beauty,1,119.92,0.05,113.92
ORD003827,P0083,Beauty,1,104.56,0.05,99.33
ORD003828,P0085,Beauty,1,33.57,0.05,31.89
ORD003828,P0086,Beauty,1,112.91,0.1,101.62
ORD003828,P0014,Electronics,1,127.83,0.1,115.05
ORD003829,P0066,Sports,1,124.94,0.0,124.94
ORD003830,P0060,Fashion,1,117.44,0.0,117.44
ORD003830,P0053,Fashion,1,62.69,0.0,62.69
ORD003830,P0043,Fashion,1,83.9,0.0,83.9
ORD003830,P0004,Electronics,1,807.35,0.0,807.35
ORD003831,P0030,Home & Garden,2,53.4,0.2,85.44
ORD003831,P0102,Books & Media,1,52.13,0.0,52.13
ORD003832,P0061,Sports,2,272.82,0.0,545.64
ORD003832,P0012,Electronics,1,338.21,0.0,338.21
ORD003832,P0102,Books & Media,2,52.13,0.0,104.26
ORD003833,P0016,Electronics,2,735.06,0.0,1470.12
ORD003833,P0053,Fashion,1,62.69,0.05,59.56
ORD003833,P0005,Electronics,1,407.63,0.0,407.63
ORD003834,P0109,Books & Media,1,36.9,0.15,31.36
ORD003834,P0100,Beauty,1,119.92,0.0,119.92
ORD003835,P0046,Fashion,2,37.54,0.15,63.82
ORD003836,P0096,Beauty,1,56.41,0.0,56.41
ORD003837,P0041,Fashion,2,109.82,0.15,186.69
ORD003837,P0110,Books & Media,1,16.05,0.0,16.05
ORD003837,P0009,Electronics,3,236.37,0.1,638.2
ORD003837,P0080,Sports,3,99.79,0.2,239.5
ORD003837,P0109,Books & Media,2,36.9,0.15,62.73
ORD003838,P0046,Fashion,1,37.54,0.05,35.66
ORD003838,P0054,Fashion,1,37.85,0.0,37.85
ORD003839,P0044,Fashion,2,179.61,0.05,341.26
ORD003840,P0005,Electronics,2,407.63,0.05,774.5
ORD003840,P0021,Home & Garden,1,180.57,0.0,180.57
ORD003841,P0071,Sports,3,179.47,0.0,538.41
ORD003842,P0052,Fashion,1,129.07,0.05,122.62
ORD003842,P0006,Electronics,1,234.84,0.0,234.84
ORD003842,P0091,Beauty,1,90.2,0.0,90.2
ORD003843,P0046,Fashion,1,37.54,0.05,35.66
ORD003843,P0028,Home & Garden,1,167.29,0.0,167.29
ORD003844,P0069,Sports,2,47.49,0.0,94.98
ORD003844,P0045,Fashion,1,34.55,0.0,34.55
ORD003845,P0035,Home & Garden,3,89.13,0.1,240.65
ORD003846,P0102,Books & Media,1,52.13,0.05,49.52
ORD003846,P0030,Home & Garden,1,53.4,0.05,50.73
ORD003847,P0119,Books & Media,1,54.29,0.0,54.29
ORD003847,P0016,Electronics,1,735.06,0.0,735.06
ORD003848,P0082,Beauty,3,35.18,0.0,105.54
ORD003849,P0085,Beauty,1,33.57,0.15,28.53
ORD003849,P0098,Beauty,2,58.74,0.0,117.48
ORD003849,P0013,Electronics,2,862.63,0.0,1725.26
ORD003849,P0086,Beauty,1,112.91,0.0,112.91
ORD003849,P0056,Fashion,1,160.14,0.1,144.13
ORD003850,P0051,Fashion,1,21.84,0.1,19.66
ORD003851,P0043,Fashion,1,83.9,0.05,79.7
ORD003851,P0044,Fashion,1,179.61,0.0,179.61
ORD003851,P0002,Electronics,1,282.77,0.0,282.77
ORD003852,P0034,Home & Garden,1,68.83,0.2,55.06
ORD003853,P0030,Home & Garden,1,53.4,0.0,53.4
ORD003853,P0092,Beauty,1,118.26,0.0,118.26
ORD003854,P0033,Home & Garden,1,213.07,0.05,202.42
ORD003855,P0042,Fashion,1,113.53,0.0,113.53
ORD003856,P0051,Fashion,1,21.84,0.0,21.84
ORD003857,P0055,Fashion,3,92.6,0.0,277.8
ORD003857,P0030,Home & Garden,2,53.4,0.0,106.8
ORD003857,P0116,Books & Media,1,12.17,0.0,12.17
ORD003858,P0017,Electronics,3,504.79,0.0,1514.37
ORD003859,P0112,Books & Media,1,36.19,0.0,36.19
ORD003859,P0003,Electronics,1,675.0,0.05,641.25
ORD003859,P0072,Sports,1,111.14,0.1,100.03
ORD003859,P0072,Sports,2,111.14,0.0,222.28
ORD003859,P0057,Fashion,1,100.09,0.0,100.09
ORD003860,P0040,Home & Garden,1,77.25,0.1,69.53
ORD003860,P0001,Electronics,1,592.51,0.0,592.51
ORD003861,P0108,Books & Media,1,57.78,0.2,46.22
ORD003861,P0079,Sports,1,134.88,0.0,134.88
ORD003861,P0049,Fashion,1,179.38,0.05,170.41
ORD003862,P0042,Fashion,1,113.53,0.0,113.53
ORD003863,P0058,Fashion,3,166.02,0.0,498.06
ORD003864,P0004,Electronics,1,807.35,0.0,807.35
ORD003865,P0067,Sports,1,310.35,0.0,310.35
ORD003865,P0057,Fashion,1,100.09,0.0,100.09
ORD003866,P0084,Beauty,1,36.18,0.1,32.56
ORD003867,P0028,Home & Garden,1,167.29,0.0,167.29
ORD003867,P0043,Fashion,1,83.9,0.0,83.9
ORD003868,P0071,Sports,2,179.47,0.05,340.99
ORD003868,P0106,Books & Media,1,21.79,0.0,21.79
ORD003868,P0047,Fashion,1,146.73,0.0,146.73
ORD003869,P0115,Books & Media,3,16.19,0.05,46.14
ORD003870,P0026,Home & Garden,1,101.99,0.05,96.89
ORD003871,P0050,Fashion,1,175.37,0.2,140.3
ORD003872,P0031,Home & Garden,2,247.54,0.0,495.08
ORD003872,P0015,Electronics,2,769.37,0.05,1461.8
ORD003872,P0032,Home & Garden,1,145.88,0.05,138.59
ORD003872,P0013,Electronics,2,862.63,0.0,1725.26
ORD003873,P0037,Home & Garden,1,220.95,0.1,198.86
ORD003874,P0084,Beauty,1,36.18,0.15,30.75
ORD003874,P0066,Sports,1,124.94,0.0,124.94
ORD003874,P0058,Fashion,1,166.02,0.05,157.72
ORD003874,P0056,Fashion,1,160.14,0.2,128.11
ORD003875,P0106,Books & Media,2,21.79,0.05,41.4
ORD003875,P0011,Electronics,1,733.95,0.05,697.25
ORD003876,P0043,Fashion,1,83.9,0.1,75.51
ORD003877,P0118,Books & Media,1,20.23,0.0,20.23
ORD003877,P0008,Electronics,1,601.4,0.0,601.4
ORD003877,P0055,Fashion,3,92.6,0.05,263.91
ORD003877,P0102,Books & Media,3,52.13,0.0,156.39
ORD003877,P0079,Sports,2,134.88,0.0,269.76
ORD003878,P0105,Books & Media,3,27.71,0.0,83.13
ORD003879,P0012,Electronics,1,338.21,0.05,321.3
ORD003880,P0004,Electronics,2,807.35,0.0,1614.7
ORD003880,P0032,Home & Garden,2,145.88,0.0,291.76
ORD003881,P0093,Beauty,1,54.29,0.0,54.29
ORD003882,P0043,Fashion,1,83.9,0.0,83.9
ORD003882,P0100,Beauty,1,119.92,0.0,119.92
ORD003883,P0070,Sports,1,273.9,0.0,273.9
ORD003883,P0113,Books & Media,1,10.97,0.0,10.97
ORD003883,P0040,Home & Garden,2,77.25,0.0,154.5
ORD003883,P0017,Electronics,1,504.79,0.0,504.79
ORD003884,P0091,Beauty,2,90.2,0.0,180.4
ORD003885,P0107,Books & Media,1,31.66,0.05,30.08
ORD003886,P0098,Beauty,1,58.74,0.0,58.74
ORD003886,P0054,Fashion,1,37.85,0.0,37.85
ORD003886,P0110,Books & Media,1,16.05,0.1,14.44
ORD003886,P0002,Electronics,1,282.77,0.15,240.35
ORD003886,P0065,Sports,1,310.58,0.0,310.58
ORD003887,P0077,Sports,1,167.38,0.0,167.38
ORD003888,P0086,Beauty,1,112.91,0.1,101.62
ORD003889,P0096,Beauty,2,56.41,0.0,112.82
ORD003889,P0054,Fashion,1,37.85,0.0,37.85
ORD003889,P0115,Books & Media,2,16.19,0.0,32.38
ORD003889,P0025,Home & Garden,1,164.39,0.1,147.95
ORD003890,P0105,Books & Media,3,27.71,0.2,66.5
ORD003891,P0052,Fashion,1,129.07,0.2,103.26
ORD003891,P0018,Electronics,1,370.75,0.0,370.75
ORD003892,P0027,Home & Garden,1,77.74,0.15,66.08
ORD003892,P0034,Home & Garden,2,68.83,0.05,130.78
ORD003893,P0002,Electronics,1,282.77,0.1,254.49
ORD003894,P0084,Beauty,1,36.18,0.2,28.94
ORD003895,P0056,Fashion,3,160.14,0.2,384.34
ORD003896,P0017,Electronics,1,504.79,0.05,479.55
ORD003896,P0069,Sports,1,47.49,0.05,45.12
ORD003897,P0119,Books & Media,3,54.29,0.0,162.87
ORD003897,P0045,Fashion,1,34.55,0.0,34.55
ORD003898,P0097,Beauty,2,37.48,0.05,71.21
ORD003899,P0072,Sports,1,111.14,0.0,111.14
ORD003899,P0074,Sports,3,200.27,0.0,600.81
ORD003899,P0087,Beauty,2,61.99,0.0,123.98
ORD003900,P0088,Beauty,2,98.82,0.1,177.88
ORD003901,P0003,Electronics,1,675.0,0.15,573.75
ORD003901,P0094,Beauty,1,104.78,0.0,104.78
ORD003902,P0011,Electronics,2,733.95,0.0,1467.9
ORD003903,P0046,Fashion,3,37.54,0.0,112.62
ORD003904,P0031,Home & Garden,1,247.54,0.0,247.54
ORD003904,P0032,Home & Garden,1,145.88,0.05,138.59
ORD003904,P0003,Electronics,1,675.0,0.05,641.25
ORD003905,P0007,Electronics,1,71.56,0.05,67.98
ORD003905,P0018,Electronics,1,370.75,0.05,352.21
ORD003905,P0088,Beauty,1,98.82,0.0,98.82
ORD003905,P0058,Fashion,3,166.02,0.15,423.35
ORD003905,P0097,Beauty,2,37.48,0.0,74.96
ORD003906,P0114,Books & Media,1,34.15,0.0,34.15
ORD003907,P0004,Electronics,1,807.35,0.0,807.35
ORD003908,P0110,Books & Media,2,16.05,0.1,28.89
ORD003908,P0038,Home & Garden,2,169.03,0.0,338.06
ORD003909,P0018,Electronics,1,370.75,0.0,370.75
ORD003909,P0098,Beauty,1,58.74,0.0,58.74
ORD003909,P0015,Electronics,1,769.37,0.0,769.37
ORD003910,P0077,Sports,1,167.38,0.1,150.64
ORD003911,P0093,Beauty,1,54.29,0.1,48.86
ORD003912,P0079,Sports,1,134.88,0.1,121.39
ORD003912,P0002,Electronics,2,282.77,0.0,565.54
ORD003912,P0047,Fashion,1,146.73,0.0,146.73
ORD003912,P0005,Electronics,1,407.63,0.2,326.1
ORD003913,P0056,Fashion,2,160.14,0.0,320.28
ORD003914,P0020,Electronics,2,781.45,0.05,1484.76
ORD003915,P0030,Home & Garden,2,53.4,0.05,101.46
ORD003915,P0068,Sports,3,52.84,0.0,158.52
ORD003916,P0012,Electronics,1,338.21,0.0,338.21
ORD003916,P0070,Sports,1,273.9,0.05,260.2
ORD003916,P0096,Beauty,1,56.41,0.05,53.59
ORD003916,P0059,Fashion,1,67.75,0.0,67.75
ORD003916,P0020,Electronics,3,781.45,0.0,2344.35
ORD003917,P0032,Home & Garden,1,145.88,0.1,131.29
ORD003918,P0074,Sports,1,200.27,0.0,200.27
ORD003919,P0035,Home & Garden,1,89.13,0.0,89.13
ORD003920,P0108,Books & Media,2,57.78,0.05,109.78
ORD003920,P0069,Sports,1,47.49,0.0,47.49
ORD003921,P0016,Electronics,1,735.06,0.15,624.8
ORD003922,P0093,Beauty,1,54.29,0.1,48.86
ORD003922,P0060,Fashion,1,117.44,0.0,117.44
ORD003922,P0117,Books & Media,2,38.94,0.0,77.88
ORD003922,P0061,Sports,2,272.82,0.0,545.64
ORD003923,P0034,Home & Garden,1,68.83,0.05,65.39
ORD003923,P0022,Home & Garden,1,68.56,0.0,68.56
ORD003924,P0052,Fashion,1,129.07,0.1,116.16
ORD003925,P0062,Sports,1,278.05,0.0,278.05
ORD003925,P0015,Electronics,2,769.37,0.0,1538.74
ORD003925,P0040,Home & Garden,3,77.25,0.05,220.16
ORD003926,P0069,Sports,3,47.49,0.15,121.1
ORD003927,P0106,Books & Media,1,21.79,0.0,21.79
ORD003927,P0009,Electronics,1,236.37,0.15,200.91
ORD003927,P0029,Home & Garden,1,55.22,0.05,52.46
ORD003928,P0050,Fashion,1,175.37,0.0,175.37
ORD003928,P0109,Books & Media,1,36.9,0.0,36.9
ORD003928,P0014,Electronics,1,127.83,0.0,127.83
ORD003929,P0032,Home & Garden,1,145.88,0.0,145.88
ORD003929,P0068,Sports,1,52.84,0.0,52.84
ORD003930,P0077,Sports,1,167.38,0.0,167.38
ORD003931,P0071,Sports,1,179.47,0.0,179.47
ORD003931,P0101,Books & Media,1,58.39,0.1,52.55
ORD003932,P0050,Fashion,1,175.37,0.05,166.6
ORD003932,P0069,Sports,1,47.49,0.0,47.49
ORD003932,P0120,Books & Media,2,38.91,0.1,70.04
ORD003933,P0097,Beauty,2,37.48,0.05,71.21
ORD003934,P0081,Beauty,2,17.81,0.0,35.62
ORD003935,P0008,Electronics,2,601.4,0.0,1202.8
ORD003936,P0040,Home & Garden,1,77.25,0.0,77.25
ORD003936,P0062,Sports,1,278.05,0.15,236.34
ORD003937,P0090,Beauty,1,56.59,0.0,56.59
ORD003937,P0050,Fashion,1,175.37,0.0,175.37
ORD003938,P0008,Electronics,1,601.4,0.05,571.33
ORD003938,P0105,Books & Media,1,27.71,0.05,26.32
ORD003939,P0024,Home & Garden,2,38.74,0.0,77.48
ORD003939,P0089,Beauty,1,20.66,0.0,20.66
ORD003940,P0074,Sports,1,200.27,0.0,200.27
ORD003940,P0097,Beauty,1,37.48,0.0,37.48
ORD003941,P0103,Books & Media,1,33.25,0.05,31.59
ORD003942,P0052,Fashion,1,129.07,0.0,129.07
ORD003942,P0081,Beauty,2,17.81,0.1,32.06
ORD003943,P0093,Beauty,1,54.29,0.0,54.29
ORD003944,P0049,Fashion,1,179.38,0.05,170.41
ORD003945,P0079,Sports,2,134.88,0.05,256.27
ORD003946,P0034,Home & Garden,1,68.83,0.0,68.83
ORD003947,P0114,Books & Media,1,34.15,0.0,34.15
ORD003948,P0115,Books & Media,1,16.19,0.0,16.19
ORD003948,P0035,Home & Garden,1,89.13,0.15,75.76
ORD003948,P0049,Fashion,3,179.38,0.0,538.14
ORD003949,P0061,Sports,3,272.82,0.1,736.61
ORD003950,P0030,Home & Garden,3,53.4,0.0,160.2
ORD003951,P0111,Books & Media,1,58.37,0.0,58.37
ORD003952,P0018,Electronics,1,370.75,0.0,370.75
ORD003952,P0100,Beauty,1,119.92,0.15,101.93
ORD003952,P0006,Electronics,1,234.84,0.05,223.1
ORD003952,P0043,Fashion,2,83.9,0.15,142.63
ORD003953,P0085,Beauty,1,33.57,0.0,33.57
ORD003953,P0115,Books & Media,1,16.19,0.1,14.57
ORD003953,P0059,Fashion,1,67.75,0.0,67.75
ORD003954,P0048,Fashion,1,30.16,0.0,30.16
ORD003954,P0099,Beauty,1,70.54,0.05,67.01
ORD003954,P0014,Electronics,1,127.83,0.0,127.83
ORD003955,P0029,Home & Garden,3,55.22,0.0,165.66
ORD003956,P0003,Electronics,1,675.0,0.15,573.75
ORD003957,P0049,Fashion,1,179.38,0.0,179.38
ORD003958,P0077,Sports,2,167.38,0.2,267.81
ORD003958,P0058,Fashion,1,166.02,0.15,141.12
ORD003959,P0018,Electronics,1,370.75,0.0,370.75
ORD003960,P0047,Fashion,1,146.73,0.0,146.73
ORD003961,P0023,Home & Garden,1,33.75,0.0,33.75
ORD003962,P0011,Electronics,1,733.95,0.05,697.25
ORD003962,P0015,Electronics,2,769.37,0.05,1461.8
ORD003963,P0052,Fashion,1,129.07,0.05,122.62
ORD003964,P0032,Home & Garden,1,145.88,0.1,131.29
ORD003964,P0004,Electronics,1,807.35,0.0,807.35
ORD003965,P0025,Home & Garden,2,164.39,0.1,295.9
ORD003965,P0053,Fashion,1,62.69,0.1,56.42
ORD003965,P0108,Books & Media,1,57.78,0.15,49.11
ORD003965,P0057,Fashion,1,100.09,0.05,95.09
ORD003966,P0009,Electronics,1,236.37,0.0,236.37
ORD003967,P0098,Beauty,2,58.74,0.2,93.98
ORD003967,P0005,Electronics,2,407.63,0.0,815.26
ORD003967,P0113,Books & Media,1,10.97,0.0,10.97
ORD003968,P0006,Electronics,1,234.84,0.05,223.1
ORD003968,P0080,Sports,1,99.79,0.2,79.83
ORD003969,P0008,Electronics,1,601.4,0.1,541.26
ORD003970,P0040,Home & Garden,1,77.25,0.05,73.39
ORD003970,P0057,Fashion,1,100.09,0.0,100.09
ORD003971,P0082,Beauty,1,35.18,0.0,35.18
ORD003972,P0029,Home & Garden,1,55.22,0.0,55.22
ORD003973,P0067,Sports,1,310.35,0.0,310.35
ORD003974,P0062,Sports,1,278.05,0.0,278.05
ORD003975,P0001,Electronics,1,592.51,0.15,503.63
ORD003975,P0049,Fashion,1,179.38,0.0,179.38
ORD003975,P0018,Electronics,1,370.75,0.05,352.21
ORD003976,P0045,Fashion,1,34.55,0.0,34.55
ORD003976,P0061,Sports,3,272.82,0.0,818.46
ORD003977,P0051,Fashion,2,21.84,0.05,41.5
ORD003977,P0017,Electronics,1,504.79,0.05,479.55
ORD003977,P0058,Fashion,1,166.02,0.0,166.02
ORD003978,P0007,Electronics,1,71.56,0.0,71.56
ORD003978,P0005,Electronics,2,407.63,0.1,733.73
ORD003979,P0074,Sports,1,200.27,0.0,200.27
ORD003979,P0036,Home & Garden,2,64.58,0.1,116.24
ORD003980,P0100,Beauty,2,119.92,0.2,191.87
ORD003980,P0010,Electronics,1,737.02,0.0,737.02
ORD003981,P0109,Books & Media,1,36.9,0.0,36.9
ORD003982,P0117,Books & Media,1,38.94,0.0,38.94
ORD003982,P0060,Fashion,1,117.44,0.0,117.44
ORD003982,P0041,Fashion,2,109.82,0.0,219.64
ORD003982,P0067,Sports,2,310.35,0.1,558.63
ORD003983,P0061,Sports,1,272.82,0.1,245.54
ORD003983,P0046,Fashion,1,37.54,0.2,30.03
ORD003984,P0036,Home & Garden,3,64.58,0.0,193.74
ORD003984,P0116,Books & Media,2,12.17,0.0,24.34
ORD003985,P0118,Books & Media,1,20.23,0.0,20.23
ORD003986,P0056,Fashion,2,160.14,0.1,288.25
ORD003986,P0027,Home & Garden,1,77.74,0.0,77.74
ORD003986,P0095,Beauty,1,30.92,0.0,30.92
ORD003987,P0048,Fashion,1,30.16,0.0,30.16
ORD003988,P0065,Sports,1,310.58,0.0,310.58
ORD003988,P0061,Sports,2,272.82,0.2,436.51
ORD003988,P0089,Beauty,3,20.66,0.0,61.98
ORD003988,P0077,Sports,1,167.38,0.0,167.38
ORD003989,P0108,Books & Media,1,57.78,0.15,49.11
ORD003989,P0117,Books & Media,2,38.94,0.0,77.88
ORD003990,P0059,Fashion,2,67.75,0.05,128.72
ORD003991,P0063,Sports,1,25.19,0.1,22.67
ORD003992,P0087,Beauty,1,61.99,0.0,61.99
ORD003992,P0017,Electronics,2,504.79,0.0,1009.58
ORD003992,P0080,Sports,1,99.79,0.15,84.82
ORD003992,P0067,Sports,2,310.35,0.05,589.66
ORD003992,P0070,Sports,1,273.9,0.2,219.12
ORD003993,P0118,Books & Media,1,20.23,0.0,20.23
ORD003994,P0046,Fashion,1,37.54,0.0,37.54
ORD003994,P0112,Books & Media,1,36.19,0.0,36.19
ORD003995,P0087,Beauty,1,61.99,0.0,61.99
ORD003996,P0025,Home & Garden,1,164.39,0.0,164.39
ORD003997,P0084,Beauty,1,36.18,0.0,36.18
ORD003997,P0030,Home & Garden,1,53.4,0.1,48.06
ORD003998,P0054,Fashion,3,37.85,0.05,107.87
ORD003998,P0028,Home & Garden,1,167.29,0.1,150.56
ORD003999,P0002,Electronics,2,282.77,0.0,565.54
ORD004000,P0055,Fashion,2,92.6,0.0,185.2
ORD004000,P0004,Electronics,2,807.35,0.0,1614.7
ORD004000,P0082,Beauty,2,35.18,0.05,66.84
ORD004001,P0001,Electronics,2,592.51,0.0,1185.02
ORD004002,P0095,Beauty,2,30.92,0.2,49.47
ORD004003,P0047,Fashion,1,146.73,0.0,146.73
ORD004004,P0066,Sports,1,124.94,0.05,118.69
ORD004004,P0037,Home & Garden,2,220.95,0.05,419.8
ORD004005,P0049,Fashion,1,179.38,0.0,179.38
ORD004006,P0001,Electronics,1,592.51,0.1,533.26
ORD004007,P0052,Fashion,1,129.07,0.0,129.07
ORD004008,P0060,Fashion,1,117.44,0.0,117.44
ORD004008,P0100,Beauty,2,119.92,0.0,239.84
ORD004008,P0100,Beauty,2,119.92,0.0,239.84
ORD004009,P0063,Sports,1,25.19,0.2,20.15
ORD004009,P0027,Home & Garden,3,77.74,0.0,233.22
ORD004010,P0028,Home & Garden,1,167.29,0.0,167.29
ORD004011,P0085,Beauty,1,33.57,0.0,33.57
ORD004012,P0016,Electronics,1,735.06,0.05,698.31
ORD004012,P0097,Beauty,1,37.48,0.0,37.48
ORD004013,P0051,Fashion,1,21.84,0.0,21.84
ORD004014,P0095,Beauty,1,30.92,0.2,24.74
ORD004014,P0008,Electronics,1,601.4,0.15,511.19
ORD004015,P0041,Fashion,1,109.82,0.15,93.35
ORD004015,P0030,Home & Garden,1,53.4,0.05,50.73
ORD004016,P0111,Books & Media,1,58.37,0.1,52.53
ORD004016,P0059,Fashion,1,67.75,0.15,57.59
ORD004016,P0066,Sports,1,124.94,0.0,124.94
ORD004016,P0016,Electronics,1,735.06,0.15,624.8
ORD004017,P0004,Electronics,2,807.35,0.0,1614.7
ORD004017,P0063,Sports,2,25.19,0.05,47.86
ORD004018,P0003,Electronics,1,675.0,0.05,641.25
ORD004019,P0047,Fashion,1,146.73,0.0,146.73
ORD004020,P0043,Fashion,1,83.9,0.0,83.9
ORD004020,P0056,Fashion,1,160.14,0.1,144.13
ORD004021,P0096,Beauty,1,56.41,0.15,47.95
ORD004021,P0030,Home & Garden,1,53.4,0.0,53.4
ORD004021,P0001,Electronics,2,592.51,0.1,1066.52
ORD004022,P0120,Books & Media,1,38.91,0.0,38.91
ORD004023,P0052,Fashion,1,129.07,0.05,122.62
ORD004023,P0074,Sports,1,200.27,0.05,190.26
ORD004023,P0023,Home & Garden,1,33.75,0.1,30.38
ORD004023,P0105,Books & Media,1,27.71,0.1,24.94
ORD004024,P0031,Home & Garden,1,247.54,0.0,247.54
ORD004025,P0050,Fashion,1,175.37,0.0,175.37
ORD004026,P0120,Books & Media,1,38.91,0.05,36.96
ORD004026,P0056,Fashion,1,160.14,0.0,160.14
ORD004026,P0114,Books & Media,1,34.15,0.0,34.15
ORD004026,P0016,Electronics,2,735.06,0.05,1396.61
ORD004026,P0003,Electronics,1,675.0,0.0,675.0
ORD004027,P0019,Electronics,2,753.99,0.05,1432.58
ORD004027,P0050,Fashion,1,175.37,0.0,175.37
ORD004027,P0096,Beauty,1,56.41,0.05,53.59
ORD004028,P0009,Electronics,1,236.37,0.0,236.37
ORD004029,P0046,Fashion,1,37.54,0.05,35.66
ORD004030,P0044,Fashion,2,179.61,0.05,341.26
ORD004030,P0044,Fashion,1,179.61,0.0,179.61
ORD004030,P0076,Sports,1,348.42,0.05,331.0
ORD004031,P0082,Beauty,2,35.18,0.05,66.84
ORD004032,P0054,Fashion,1,37.85,0.0,37.85
ORD004033,P0081,Beauty,1,17.81,0.0,17.81
ORD004033,P0100,Beauty,2,119.92,0.05,227.85
ORD004033,P0078,Sports,1,64.33,0.15,54.68
ORD004034,P0085,Beauty,1,33.57,0.0,33.57
ORD004035,P0013,Electronics,1,862.63,0.0,862.63
ORD004036,P0045,Fashion,3,34.55,0.15,88.1
ORD004036,P0021,Home & Garden,2,180.57,0.05,343.08
ORD004036,P0009,Electronics,1,236.37,0.0,236.37
ORD004036,P0091,Beauty,2,90.2,0.0,180.4
ORD004037,P0053,Fashion,1,62.69,0.15,53.29
ORD004037,P0046,Fashion,1,37.54,0.0,37.54
ORD004038,P0022,Home & Garden,3,68.56,0.0,205.68
ORD004039,P0044,Fashion,1,179.61,0.0,179.61
ORD004040,P0002,Electronics,1,282.77,0.1,254.49
ORD004040,P0117,Books & Media,1,38.94,0.0,38.94
ORD004041,P0003,Electronics,1,675.0,0.0,675.0
ORD004041,P0057,Fashion,1,100.09,0.0,100.09
ORD004041,P0033,Home & Garden,2,213.07,0.05,404.83
ORD004041,P0016,Electronics,2,735.06,0.0,1470.12
ORD004041,P0068,Sports,1,52.84,0.15,44.91
ORD004042,P0057,Fashion,1,100.09,0.15,85.08
ORD004043,P0094,Beauty,1,104.78,0.05,99.54
ORD004043,P0018,Electronics,1,370.75,0.0,370.75
ORD004043,P0051,Fashion,1,21.84,0.05,20.75
ORD004043,P0046,Fashion,1,37.54,0.0,37.54
ORD004044,P0020,Electronics,2,781.45,0.1,1406.61
ORD004044,P0075,Sports,2,90.37,0.0,180.74
ORD004044,P0101,Books & Media,1,58.39,0.0,58.39
ORD004045,P0008,Electronics,2,601.4,0.05,1142.66
ORD004046,P0033,Home & Garden,1,213.07,0.15,181.11
ORD004046,P0113,Books & Media,1,10.97,0.0,10.97
ORD004046,P0026,Home & Garden,1,101.99,0.1,91.79
ORD004046,P0004,Electronics,1,807.35,0.0,807.35
ORD004046,P0042,Fashion,1,113.53,0.1,102.18
ORD004047,P0078,Sports,1,64.33,0.0,64.33
ORD004048,P0034,Home & Garden,2,68.83,0.0,137.66
ORD004049,P0018,Electronics,1,370.75,0.0,370.75
ORD004049,P0021,Home & Garden,1,180.57,0.0,180.57
ORD004049,P0082,Beauty,1,35.18,0.0,35.18
ORD004050,P0043,Fashion,1,83.9,0.15,71.32
ORD004051,P0016,Electronics,3,735.06,0.15,1874.4
ORD004051,P0109,Books & Media,1,36.9,0.0,36.9
ORD004052,P0088,Beauty,1,98.82,0.0,98.82
ORD004053,P0107,Books & Media,1,31.66,0.05,30.08
ORD004053,P0075,Sports,1,90.37,0.0,90.37
ORD004054,P0001,Electronics,2,592.51,0.1,1066.52
ORD004055,P0077,Sports,1,167.38,0.15,142.27
ORD004056,P0116,Books & Media,1,12.17,0.0,12.17
ORD004056,P0065,Sports,2,310.58,0.15,527.99
ORD004057,P0046,Fashion,3,37.54,0.0,112.62
ORD004057,P0089,Beauty,1,20.66,0.15,17.56
ORD004058,P0036,Home & Garden,1,64.58,0.0,64.58
ORD004058,P0023,Home & Garden,2,33.75,0.15,57.38
ORD004058,P0012,Electronics,1,338.21,0.0,338.21
ORD004058,P0049,Fashion,1,179.38,0.1,161.44
ORD004059,P0011,Electronics,1,733.95,0.05,697.25
ORD004060,P0114,Books & Media,3,34.15,0.05,97.33
ORD004060,P0061,Sports,1,272.82,0.1,245.54
ORD004061,P0070,Sports,1,273.9,0.0,273.9
ORD004062,P0036,Home & Garden,1,64.58,0.0,64.58
ORD004063,P0033,Home & Garden,1,213.07,0.15,181.11
ORD004063,P0043,Fashion,1,83.9,0.0,83.9
ORD004064,P0089,Beauty,2,20.66,0.1,37.19
ORD004064,P0011,Electronics,1,733.95,0.0,733.95
ORD004064,P0085,Beauty,1,33.57,0.0,33.57
ORD004064,P0004,Electronics,1,807.35,0.0,807.35
ORD004065,P0009,Electronics,1,236.37,0.0,236.37
ORD004065,P0036,Home & Garden,2,64.58,0.05,122.7
ORD004065,P0070,Sports,1,273.9,0.15,232.81
ORD004065,P0051,Fashion,1,21.84,0.0,21.84
ORD004066,P0053,Fashion,1,62.69,0.0,62.69
ORD004067,P0046,Fashion,1,37.54,0.0,37.54
ORD004068,P0070,Sports,2,273.9,0.1,493.02
ORD004069,P0034,Home & Garden,1,68.83,0.15,58.51
ORD004069,P0015,Electronics,1,769.37,0.1,692.43
ORD004069,P0056,Fashion,1,160.14,0.0,160.14
ORD004069,P0044,Fashion,1,179.61,0.0,179.61
ORD004069,P0002,Electronics,1,282.77,0.0,282.77
ORD004070,P0035,Home & Garden,1,89.13,0.2,71.3
ORD004071,P0052,Fashion,1,129.07,0.1,116.16
ORD004071,P0092,Beauty,1,118.26,0.05,112.35
ORD004072,P0010,Electronics,3,737.02,0.15,1879.4
ORD004073,P0092,Beauty,3,118.26,0.05,337.04
ORD004074,P0106,Books & Media,1,21.79,0.0,21.79
ORD004074,P0117,Books & Media,2,38.94,0.1,70.09
ORD004075,P0008,Electronics,1,601.4,0.0,601.4
ORD004075,P0081,Beauty,2,17.81,0.0,35.62
ORD004075,P0012,Electronics,1,338.21,0.0,338.21
ORD004076,P0061,Sports,1,272.82,0.15,231.9
ORD004076,P0044,Fashion,1,179.61,0.0,179.61
ORD004077,P0011,Electronics,2,733.95,0.0,1467.9
ORD004078,P0007,Electronics,1,71.56,0.0,71.56
ORD004079,P0020,Electronics,1,781.45,0.0,781.45
ORD004080,P0032,Home & Garden,1,145.88,0.0,145.88
ORD004080,P0028,Home & Garden,2,167.29,0.0,334.58
ORD004081,P0108,Books & Media,1,57.78,0.0,57.78
ORD004082,P0089,Beauty,1,20.66,0.05,19.63
ORD004083,P0057,Fashion,1,100.09,0.0,100.09
ORD004083,P0005,Electronics,1,407.63,0.0,407.63
ORD004083,P0001,Electronics,1,592.51,0.0,592.51
ORD004083,P0102,Books & Media,1,52.13,0.1,46.92
ORD004083,P0011,Electronics,1,733.95,0.0,733.95
ORD004084,P0116,Books & Media,1,12.17,0.0,12.17
ORD004085,P0072,Sports,1,111.14,0.0,111.14
ORD004086,P0074,Sports,1,200.27,0.0,200.27
ORD004087,P0042,Fashion,1,113.53,0.05,107.85
ORD004087,P0017,Electronics,1,504.79,0.0,504.79
ORD004088,P0054,Fashion,1,37.85,0.15,32.17
ORD004089,P0093,Beauty,1,54.29,0.05,51.58
ORD004089,P0004,Electronics,2,807.35,0.1,1453.23
ORD004089,P0062,Sports,3,278.05,0.15,709.03
ORD004089,P0074,Sports,1,200.27,0.0,200.27
ORD004090,P0028,Home & Garden,1,167.29,0.2,133.83
ORD004091,P0037,Home & Garden,1,220.95,0.2,176.76
ORD004092,P0065,Sports,1,310.58,0.0,310.58
ORD004093,P0117,Books & Media,1,38.94,0.15,33.1
ORD004093,P0018,Electronics,1,370.75,0.0,370.75
ORD004093,P0119,Books & Media,1,54.29,0.0,54.29
ORD004094,P0068,Sports,1,52.84,0.05,50.2
ORD004095,P0014,Electronics,2,127.83,0.0,255.66
ORD004096,P0066,Sports,1,124.94,0.1,112.45
ORD004096,P0079,Sports,3,134.88,0.05,384.41
ORD004097,P0027,Home & Garden,1,77.74,0.0,77.74
ORD004097,P0021,Home & Garden,1,180.57,0.1,162.51
ORD004098,P0119,Books & Media,1,54.29,0.0,54.29
ORD004098,P0086,Beauty,1,112.91,0.0,112.91
ORD004098,P0054,Fashion,1,37.85,0.0,37.85
ORD004098,P0100,Beauty,1,119.92,0.15,101.93
ORD004098,P0054,Fashion,1,37.85,0.0,37.85
ORD004099,P0088,Beauty,3,98.82,0.1,266.81
ORD004100,P0040,Home & Garden,1,77.25,0.0,77.25
ORD004100,P0017,Electronics,1,504.79,0.0,504.79
ORD004101,P0020,Electronics,2,781.45,0.1,1406.61
ORD004101,P0018,Electronics,1,370.75,0.15,315.14
ORD004102,P0034,Home & Garden,1,68.83,0.0,68.83
ORD004103,P0111,Books & Media,1,58.37,0.1,52.53
ORD004104,P0080,Sports,1,99.79,0.0,99.79
ORD004104,P0048,Fashion,1,30.16,0.1,27.14
ORD004105,P0115,Books & Media,3,16.19,0.05,46.14
ORD004106,P0003,Electronics,1,675.0,0.0,675.0
ORD004106,P0031,Home & Garden,2,247.54,0.1,445.57
ORD004107,P0044,Fashion,3,179.61,0.05,511.89
ORD004107,P0108,Books & Media,1,57.78,0.0,57.78
ORD004108,P0005,Electronics,3,407.63,0.05,1161.75
ORD004108,P0047,Fashion,1,146.73,0.05,139.39
ORD004109,P0093,Beauty,1,54.29,0.0,54.29
ORD004109,P0016,Electronics,3,735.06,0.0,2205.18
ORD004109,P0044,Fashion,1,179.61,0.15,152.67
ORD004109,P0115,Books & Media,1,16.19,0.0,16.19
ORD004110,P0033,Home & Garden,2,213.07,0.05,404.83
ORD004111,P0116,Books & Media,2,12.17,0.0,24.34
ORD004111,P0115,Books & Media,1,16.19,0.0,16.19
ORD004112,P0035,Home & Garden,1,89.13,0.0,89.13
ORD004113,P0002,Electronics,1,282.77,0.0,282.77
ORD004113,P0086,Beauty,1,112.91,0.1,101.62
ORD004113,P0068,Sports,3,52.84,0.0,158.52
ORD004114,P0032,Home & Garden,2,145.88,0.1,262.58
ORD004114,P0001,Electronics,1,592.51,0.0,592.51
ORD004115,P0101,Books & Media,1,58.39,0.15,49.63
ORD004115,P0039,Home & Garden,1,229.92,0.1,206.93
ORD004116,P0054,Fashion,2,37.85,0.0,75.7
ORD004116,P0071,Sports,1,179.47,0.05,170.5
ORD004116,P0051,Fashion,2,21.84,0.05,41.5
ORD004117,P0059,Fashion,1,67.75,0.0,67.75
ORD004117,P0065,Sports,1,310.58,0.05,295.05
ORD004117,P0054,Fashion,1,37.85,0.0,37.85
ORD004118,P0042,Fashion,2,113.53,0.0,227.06
ORD004118,P0101,Books & Media,1,58.39,0.0,58.39
ORD004119,P0003,Electronics,1,675.0,0.0,675.0
ORD004120,P0117,Books & Media,1,38.94,0.1,35.05
ORD004120,P0099,Beauty,1,70.54,0.2,56.43
ORD004120,P0110,Books & Media,1,16.05,0.0,16.05
ORD004121,P0078,Sports,1,64.33,0.05,61.11
ORD004121,P0088,Beauty,1,98.82,0.05,93.88
ORD004121,P0054,Fashion,1,37.85,0.0,37.85
ORD004122,P0079,Sports,1,134.88,0.1,121.39
ORD004122,P0062,Sports,1,278.05,0.1,250.24
ORD004122,P0116,Books & Media,1,12.17,0.1,10.95
ORD004123,P0004,Electronics,1,807.35,0.0,807.35
ORD004123,P0016,Electronics,1,735.06,0.05,698.31
ORD004123,P0048,Fashion,1,30.16,0.0,30.16
ORD004124,P0042,Fashion,2,113.53,0.0,227.06
ORD004124,P0003,Electronics,2,675.0,0.1,1215.0
ORD004125,P0057,Fashion,2,100.09,0.1,180.16
ORD004126,P0033,Home & Garden,1,213.07,0.0,213.07
ORD004126,P0079,Sports,1,134.88,0.2,107.9
ORD004126,P0050,Fashion,1,175.37,0.15,149.06
ORD004127,P0014,Electronics,1,127.83,0.05,121.44
ORD004127,P0052,Fashion,1,129.07,0.0,129.07
ORD004127,P0052,Fashion,1,129.07,0.05,122.62
ORD004128,P0051,Fashion,1,21.84,0.0,21.84
ORD004128,P0059,Fashion,1,67.75,0.0,67.75
ORD004129,P0054,Fashion,1,37.85,0.2,30.28
ORD004130,P0056,Fashion,1,160.14,0.05,152.13
ORD004130,P0120,Books & Media,1,38.91,0.05,36.96
ORD004130,P0089,Beauty,1,20.66,0.15,17.56
ORD004130,P0010,Electronics,1,737.02,0.0,737.02
ORD004131,P0093,Beauty,1,54.29,0.0,54.29
ORD004131,P0046,Fashion,3,37.54,0.0,112.62
ORD004132,P0094,Beauty,3,104.78,0.0,314.34
ORD004132,P0046,Fashion,1,37.54,0.2,30.03
ORD004133,P0036,Home & Garden,1,64.58,0.1,58.12
ORD004133,P0104,Books & Media,1,28.85,0.0,28.85
ORD004134,P0041,Fashion,2,109.82,0.0,219.64
ORD004135,P0094,Beauty,2,104.78,0.0,209.56
ORD004136,P0083,Beauty,1,104.56,0.05,99.33
ORD004136,P0050,Fashion,1,175.37,0.05,166.6
ORD004137,P0021,Home & Garden,1,180.57,0.0,180.57
ORD004138,P0060,Fashion,2,117.44,0.0,234.88
ORD004138,P0002,Electronics,1,282.77,0.05,268.63
ORD004138,P0088,Beauty,2,98.82,0.0,197.64
ORD004139,P0102,Books & Media,1,52.13,0.0,52.13
ORD004139,P0050,Fashion,1,175.37,0.0,175.37
ORD004139,P0046,Fashion,1,37.54,0.1,33.79
ORD004139,P0114,Books & Media,2,34.15,0.0,68.3
ORD004139,P0038,Home & Garden,2,169.03,0.1,304.25
ORD004140,P0045,Fashion,1,34.55,0.0,34.55
ORD004140,P0009,Electronics,2,236.37,0.0,472.74
ORD004141,P0045,Fashion,1,34.55,0.0,34.55
ORD004142,P0064,Sports,1,31.33,0.05,29.76
ORD004142,P0113,Books & Media,1,10.97,0.1,9.87
ORD004143,P0086,Beauty,1,112.91,0.05,107.26
ORD004144,P0108,Books & Media,2,57.78,0.0,115.56
ORD004144,P0068,Sports,1,52.84,0.1,47.56
ORD004145,P0075,Sports,2,90.37,0.1,162.67
ORD004146,P0091,Beauty,2,90.2,0.05,171.38
ORD004146,P0054,Fashion,1,37.85,0.05,35.96
ORD004147,P0056,Fashion,2,160.14,0.2,256.22
ORD004147,P0013,Electronics,1,862.63,0.0,862.63
ORD004148,P0036,Home & Garden,1,64.58,0.15,54.89
ORD004148,P0022,Home & Garden,2,68.56,0.0,137.12
ORD004148,P0084,Beauty,1,36.18,0.0,36.18
ORD004149,P0005,Electronics,1,407.63,0.0,407.63
ORD004149,P0066,Sports,1,124.94,0.05,118.69
ORD004150,P0078,Sports,3,64.33,0.0,192.99
ORD004150,P0070,Sports,2,273.9,0.0,547.8
ORD004150,P0013,Electronics,1,862.63,0.0,862.63
ORD004150,P0028,Home & Garden,1,167.29,0.05,158.93
ORD004151,P0117,Books & Media,1,38.94,0.2,31.15
ORD004152,P0009,Electronics,1,236.37,0.0,236.37
ORD004152,P0071,Sports,2,179.47,0.0,358.94
ORD004152,P0017,Electronics,1,504.79,0.05,479.55
ORD004153,P0017,Electronics,1,504.79,0.0,504.79
ORD004154,P0010,Electronics,1,737.02,0.1,663.32
ORD004154,P0063,Sports,1,25.19,0.15,21.41
ORD004155,P0045,Fashion,1,34.55,0.0,34.55
ORD004155,P0022,Home & Garden,1,68.56,0.0,68.56
ORD004156,P0062,Sports,1,278.05,0.15,236.34
ORD004157,P0041,Fashion,1,109.82,0.0,109.82
ORD004157,P0099,Beauty,1,70.54,0.0,70.54
ORD004157,P0021,Home & Garden,3,180.57,0.1,487.54
ORD004157,P0039,Home & Garden,1,229.92,0.0,229.92
ORD004158,P0036,Home & Garden,2,64.58,0.0,129.16
ORD004158,P0005,Electronics,1,407.63,0.2,326.1
ORD004158,P0062,Sports,3,278.05,0.0,834.15
ORD004159,P0002,Electronics,2,282.77,0.05,537.26
ORD004159,P0039,Home & Garden,1,229.92,0.0,229.92
ORD004160,P0055,Fashion,2,92.6,0.0,185.2
ORD004161,P0056,Fashion,1,160.14,0.0,160.14
ORD004162,P0049,Fashion,1,179.38,0.15,152.47
ORD004162,P0060,Fashion,2,117.44,0.05,223.14
ORD004162,P0048,Fashion,1,30.16,0.0,30.16
ORD004162,P0104,Books & Media,1,28.85,0.0,28.85
ORD004163,P0005,Electronics,1,407.63,0.1,366.87
ORD004163,P0088,Beauty,1,98.82,0.0,98.82
ORD004164,P0075,Sports,1,90.37,0.0,90.37
ORD004165,P0061,Sports,2,272.82,0.1,491.08
ORD004165,P0070,Sports,1,273.9,0.0,273.9
ORD004165,P0078,Sports,1,64.33,0.1,57.9
ORD004165,P0052,Fashion,3,129.07,0.0,387.21
ORD004166,P0014,Electronics,1,127.83,0.1,115.05
ORD004166,P0050,Fashion,3,175.37,0.2,420.89
ORD004167,P0116,Books & Media,1,12.17,0.2,9.74
ORD004168,P0025,Home & Garden,3,164.39,0.2,394.54
ORD004169,P0032,Home & Garden,1,145.88,0.15,124.0
ORD004169,P0014,Electronics,1,127.83,0.0,127.83
ORD004169,P0077,Sports,1,167.38,0.1,150.64
ORD004169,P0073,Sports,1,162.52,0.05,154.39
ORD004170,P0072,Sports,1,111.14,0.2,88.91
ORD004171,P0110,Books & Media,1,16.05,0.0,16.05
ORD004171,P0044,Fashion,2,179.61,0.05,341.26
ORD004172,P0022,Home & Garden,1,68.56,0.0,68.56
ORD004173,P0028,Home & Garden,1,167.29,0.05,158.93
ORD004173,P0083,Beauty,2,104.56,0.0,209.12
ORD004174,P0006,Electronics,1,234.84,0.0,234.84
ORD004175,P0068,Sports,1,52.84,0.0,52.84
ORD004176,P0078,Sports,1,64.33,0.05,61.11
ORD004176,P0008,Electronics,2,601.4,0.05,1142.66
ORD004176,P0057,Fashion,1,100.09,0.2,80.07
ORD004176,P0119,Books & Media,1,54.29,0.0,54.29
ORD004176,P0098,Beauty,1,58.74,0.1,52.87
ORD004177,P0026,Home & Garden,1,101.99,0.1,91.79
ORD004178,P0072,Sports,1,111.14,0.1,100.03
ORD004179,P0054,Fashion,1,37.85,0.05,35.96
ORD004180,P0070,Sports,2,273.9,0.0,547.8
ORD004180,P0065,Sports,2,310.58,0.0,621.16
ORD004180,P0023,Home & Garden,1,33.75,0.05,32.06
ORD004180,P0049,Fashion,2,179.38,0.05,340.82
ORD004180,P0098,Beauty,1,58.74,0.1,52.87
ORD004181,P0082,Beauty,1,35.18,0.0,35.18
ORD004182,P0002,Electronics,1,282.77,0.0,282.77
ORD004182,P0076,Sports,2,348.42,0.1,627.16
ORD004182,P0024,Home & Garden,1,38.74,0.0,38.74
ORD004182,P0040,Home & Garden,1,77.25,0.2,61.8
ORD004183,P0010,Electronics,1,737.02,0.0,737.02
ORD004184,P0013,Electronics,1,862.63,0.1,776.37
ORD004184,P0016,Electronics,1,735.06,0.0,735.06
ORD004185,P0108,Books & Media,2,57.78,0.1,104.0
ORD004186,P0067,Sports,1,310.35,0.0,310.35
ORD004187,P0112,Books & Media,1,36.19,0.05,34.38
ORD004188,P0007,Electronics,1,71.56,0.0,71.56
ORD004188,P0020,Electronics,2,781.45,0.05,1484.76
ORD004189,P0019,Electronics,2,753.99,0.0,1507.98
ORD004190,P0081,Beauty,2,17.81,0.1,32.06
ORD004191,P0004,Electronics,1,807.35,0.05,766.98
ORD004191,P0120,Books & Media,1,38.91,0.0,38.91
ORD004191,P0035,Home & Garden,2,89.13,0.0,178.26
ORD004192,P0052,Fashion,1,129.07,0.1,116.16
ORD004192,P0070,Sports,1,273.9,0.05,260.2
ORD004192,P0058,Fashion,1,166.02,0.1,149.42
ORD004192,P0013,Electronics,1,862.63,0.1,776.37
ORD004193,P0056,Fashion,2,160.14,0.05,304.27
ORD004194,P0075,Sports,1,90.37,0.1,81.33
ORD004194,P0042,Fashion,1,113.53,0.15,96.5
ORD004195,P0076,Sports,1,348.42,0.0,348.42
ORD004196,P0021,Home & Garden,1,180.57,0.1,162.51
ORD004196,P0005,Electronics,1,407.63,0.0,407.63
ORD004196,P0009,Electronics,1,236.37,0.0,236.37
ORD004197,P0051,Fashion,2,21.84,0.0,43.68
ORD004197,P0017,Electronics,1,504.79,0.1,454.31
ORD004197,P0003,Electronics,1,675.0,0.0,675.0
ORD004198,P0018,Electronics,2,370.75,0.1,667.35
ORD004199,P0105,Books & Media,1,27.71,0.0,27.71
ORD004200,P0030,Home & Garden,2,53.4,0.0,106.8
ORD004201,P0119,Books & Media,1,54.29,0.0,54.29
ORD004202,P0091,Beauty,1,90.2,0.0,90.2
ORD004203,P0011,Electronics,1,733.95,0.15,623.86
ORD004203,P0104,Books & Media,1,28.85,0.2,23.08
ORD004204,P0021,Home & Garden,1,180.57,0.05,171.54
ORD004205,P0035,Home & Garden,1,89.13,0.0,89.13
ORD004206,P0028,Home & Garden,1,167.29,0.0,167.29
ORD004206,P0056,Fashion,1,160.14,0.1,144.13
ORD004206,P0048,Fashion,1,30.16,0.0,30.16
ORD004207,P0056,Fashion,1,160.14,0.0,160.14
ORD004207,P0091,Beauty,2,90.2,0.05,171.38
ORD004208,P0052,Fashion,1,129.07,0.0,129.07
ORD004209,P0029,Home & Garden,1,55.22,0.0,55.22
ORD004210,P0063,Sports,1,25.19,0.15,21.41
ORD004210,P0049,Fashion,1,179.38,0.0,179.38
ORD004210,P0112,Books & Media,1,36.19,0.0,36.19
ORD004210,P0054,Fashion,1,37.85,0.05,35.96
ORD004211,P0076,Sports,1,348.42,0.05,331.0
ORD004212,P0003,Electronics,1,675.0,0.0,675.0
ORD004212,P0066,Sports,1,124.94,0.0,124.94
ORD004212,P0112,Books & Media,2,36.19,0.1,65.14
ORD004212,P0087,Beauty,1,61.99,0.0,61.99
ORD004213,P0055,Fashion,3,92.6,0.2,222.24
ORD004214,P0114,Books & Media,1,34.15,0.0,34.15
ORD004215,P0078,Sports,1,64.33,0.05,61.11
ORD004216,P0063,Sports,1,25.19,0.0,25.19
ORD004216,P0046,Fashion,2,37.54,0.05,71.33
ORD004216,P0051,Fashion,1,21.84,0.0,21.84
ORD004217,P0053,Fashion,2,62.69,0.05,119.11
ORD004218,P0102,Books & Media,1,52.13,0.05,49.52
ORD004218,P0092,Beauty,2,118.26,0.0,236.52
ORD004218,P0068,Sports,1,52.84,0.15,44.91
ORD004218,P0059,Fashion,1,67.75,0.0,67.75
ORD004219,P0020,Electronics,1,781.45,0.0,781.45
ORD004219,P0025,Home & Garden,1,164.39,0.2,131.51
ORD004220,P0008,Electronics,1,601.4,0.0,601.4
ORD004220,P0069,Sports,1,47.49,0.0,47.49
ORD004221,P0041,Fashion,1,109.82,0.05,104.33
ORD004221,P0090,Beauty,3,56.59,0.0,169.77
ORD004222,P0074,Sports,1,200.27,0.0,200.27
ORD004223,P0023,Home & Garden,1,33.75,0.0,33.75
ORD004223,P0098,Beauty,1,58.74,0.0,58.74
ORD004223,P0089,Beauty,1,20.66,0.05,19.63
ORD004223,P0022,Home & Garden,3,68.56,0.05,195.4
ORD004224,P0060,Fashion,1,117.44,0.0,117.44
ORD004224,P0037,Home & Garden,1,220.95,0.1,198.86
ORD004225,P0069,Sports,1,47.49,0.0,47.49
ORD004226,P0006,Electronics,1,234.84,0.0,234.84
ORD004226,P0117,Books & Media,1,38.94,0.2,31.15
ORD004226,P0066,Sports,3,124.94,0.0,374.82
ORD004226,P0040,Home & Garden,3,77.25,0.2,185.4
ORD004226,P0108,Books & Media,1,57.78,0.05,54.89
ORD004227,P0028,Home & Garden,2,167.29,0.1,301.12
ORD004227,P0077,Sports,1,167.38,0.1,150.64
ORD004227,P0016,Electronics,1,735.06,0.0,735.06
ORD004228,P0098,Beauty,1,58.74,0.1,52.87
ORD004229,P0040,Home & Garden,1,77.25,0.0,77.25
ORD004229,P0023,Home & Garden,2,33.75,0.15,57.38
ORD004230,P0071,Sports,1,179.47,0.2,143.58
ORD004230,P0047,Fashion,1,146.73,0.0,146.73
ORD004230,P0100,Beauty,2,119.92,0.1,215.86
ORD004231,P0020,Electronics,3,781.45,0.1,2109.92
ORD004232,P0054,Fashion,1,37.85,0.0,37.85
ORD004233,P0012,Electronics,1,338.21,0.05,321.3
ORD004233,P0014,Electronics,1,127.83,0.0,127.83
ORD004234,P0013,Electronics,1,862.63,0.0,862.63
ORD004235,P0117,Books & Media,1,38.94,0.1,35.05
ORD004236,P0099,Beauty,3,70.54,0.0,211.62
ORD004237,P0018,Electronics,3,370.75,0.05,1056.64
ORD004238,P0046,Fashion,1,37.54,0.05,35.66
ORD004238,P0006,Electronics,1,234.84,0.1,211.36
ORD004239,P0006,Electronics,1,234.84,0.0,234.84
ORD004240,P0049,Fashion,1,179.38,0.05,170.41
ORD004240,P0115,Books & Media,1,16.19,0.1,14.57
ORD004240,P0107,Books & Media,1,31.66,0.0,31.66
ORD004240,P0097,Beauty,3,37.48,0.15,95.57
ORD004241,P0032,Home & Garden,2,145.88,0.15,248.0
ORD004242,P0060,Fashion,1,117.44,0.05,111.57
ORD004243,P0112,Books & Media,1,36.19,0.0,36.19
ORD004243,P0088,Beauty,1,98.82,0.0,98.82
ORD004244,P0010,Electronics,1,737.02,0.0,737.02
ORD004244,P0115,Books & Media,1,16.19,0.0,16.19
ORD004245,P0098,Beauty,1,58.74,0.0,58.74
ORD004246,P0028,Home & Garden,1,167.29,0.0,167.29
ORD004246,P0111,Books & Media,2,58.37,0.0,116.74
ORD004247,P0006,Electronics,1,234.84,0.0,234.84
ORD004248,P0022,Home & Garden,2,68.56,0.0,137.12
ORD004249,P0010,Electronics,1,737.02,0.2,589.62
ORD004250,P0029,Home & Garden,1,55.22,0.05,52.46
ORD004250,P0029,Home & Garden,1,55.22,0.1,49.7
ORD004250,P0076,Sports,1,348.42,0.05,331.0
ORD004250,P0040,Home & Garden,1,77.25,0.1,69.53
ORD004250,P0094,Beauty,1,104.78,0.05,99.54
ORD004251,P0119,Books & Media,3,54.29,0.1,146.58
ORD004252,P0022,Home & Garden,1,68.56,0.0,68.56
ORD004252,P0081,Beauty,1,17.81,0.0,17.81
ORD004252,P0055,Fashion,1,92.6,0.0,92.6
ORD004253,P0062,Sports,1,278.05,0.0,278.05
ORD004253,P0110,Books & Media,1,16.05,0.0,16.05
ORD004253,P0056,Fashion,2,160.14,0.0,320.28
ORD004254,P0013,Electronics,2,862.63,0.0,1725.26
ORD004254,P0005,Electronics,2,407.63,0.0,815.26
ORD004255,P0021,Home & Garden,1,180.57,0.0,180.57
ORD004256,P0034,Home & Garden,1,68.83,0.0,68.83
ORD004256,P0044,Fashion,1,179.61,0.0,179.61
ORD004257,P0076,Sports,2,348.42,0.0,696.84
ORD004258,P0082,Beauty,1,35.18,0.0,35.18
ORD004258,P0060,Fashion,1,117.44,0.0,117.44
ORD004258,P0094,Beauty,1,104.78,0.05,99.54
ORD004258,P0048,Fashion,2,30.16,0.05,57.3
ORD004259,P0116,Books & Media,1,12.17,0.15,10.34
ORD004260,P0098,Beauty,1,58.74,0.0,58.74
ORD004260,P0037,Home & Garden,1,220.95,0.0,220.95
ORD004261,P0050,Fashion,1,175.37,0.0,175.37
ORD004261,P0010,Electronics,1,737.02,0.1,663.32
ORD004261,P0098,Beauty,1,58.74,0.0,58.74
ORD004261,P0015,Electronics,2,769.37,0.0,1538.74
ORD004262,P0019,Electronics,2,753.99,0.0,1507.98
ORD004262,P0075,Sports,3,90.37,0.0,271.11
ORD004263,P0080,Sports,1,99.79,0.0,99.79
ORD004263,P0005,Electronics,1,407.63,0.15,346.49
ORD004264,P0039,Home & Garden,1,229.92,0.1,206.93
ORD004264,P0036,Home & Garden,1,64.58,0.0,64.58
ORD004264,P0054,Fashion,2,37.85,0.15,64.34
ORD004265,P0020,Electronics,1,781.45,0.0,781.45
ORD004265,P0088,Beauty,1,98.82,0.0,98.82
ORD004265,P0053,Fashion,2,62.69,0.0,125.38
ORD004266,P0029,Home & Garden,2,55.22,0.0,110.44
ORD004267,P0040,Home & Garden,1,77.25,0.2,61.8
ORD004267,P0055,Fashion,3,92.6,0.0,277.8
ORD004268,P0047,Fashion,1,146.73,0.0,146.73
ORD004268,P0077,Sports,1,167.38,0.0,167.38
ORD004269,P0077,Sports,1,167.38,0.1,150.64
ORD004269,P0002,Electronics,1,282.77,0.05,268.63
ORD004269,P0099,Beauty,1,70.54,0.0,70.54
ORD004269,P0051,Fashion,1,21.84,0.0,21.84
ORD004269,P0088,Beauty,1,98.82,0.0,98.82
ORD004270,P0009,Electronics,1,236.37,0.1,212.73
ORD004271,P0040,Home & Garden,1,77.25,0.15,65.66
ORD004271,P0023,Home & Garden,2,33.75,0.0,67.5
ORD004272,P0005,Electronics,1,407.63,0.1,366.87
ORD004272,P0013,Electronics,1,862.63,0.0,862.63
ORD004272,P0049,Fashion,1,179.38,0.0,179.38
ORD004272,P0023,Home & Garden,1,33.75,0.0,33.75
ORD004273,P0014,Electronics,1,127.83,0.1,115.05
ORD004273,P0020,Electronics,1,781.45,0.0,781.45
ORD004273,P0041,Fashion,2,109.82,0.0,219.64
ORD004274,P0007,Electronics,1,71.56,0.0,71.56
ORD004275,P0073,Sports,3,162.52,0.0,487.56
ORD004275,P0008,Electronics,1,601.4,0.1,541.26
ORD004275,P0100,Beauty,1,119.92,0.0,119.92
ORD004276,P0048,Fashion,1,30.16,0.2,24.13
ORD004277,P0042,Fashion,1,113.53,0.0,113.53
ORD004278,P0100,Beauty,1,119.92,0.05,113.92
ORD004278,P0063,Sports,1,25.19,0.0,25.19
ORD004279,P0094,Beauty,1,104.78,0.0,104.78
ORD004279,P0056,Fashion,2,160.14,0.05,304.27
ORD004279,P0019,Electronics,2,753.99,0.0,1507.98
ORD004280,P0026,Home & Garden,2,101.99,0.0,203.98
ORD004281,P0001,Electronics,3,592.51,0.0,1777.53
ORD004281,P0046,Fashion,1,37.54,0.0,37.54
ORD004281,P0027,Home & Garden,1,77.74,0.0,77.74
ORD004281,P0049,Fashion,1,179.38,0.0,179.38
ORD004282,P0029,Home & Garden,1,55.22,0.1,49.7
ORD004282,P0012,Electronics,3,338.21,0.1,913.17
ORD004283,P0014,Electronics,1,127.83,0.1,115.05
ORD004284,P0028,Home & Garden,1,167.29,0.0,167.29
ORD004285,P0027,Home & Garden,1,77.74,0.0,77.74
ORD004285,P0043,Fashion,1,83.9,0.05,79.7
ORD004285,P0070,Sports,2,273.9,0.0,547.8
ORD004285,P0015,Electronics,3,769.37,0.05,2192.7
ORD004286,P0116,Books & Media,2,12.17,0.05,23.12
ORD004287,P0039,Home & Garden,1,229.92,0.05,218.42
ORD004287,P0002,Electronics,1,282.77,0.15,240.35
ORD004287,P0091,Beauty,1,90.2,0.1,81.18
ORD004288,P0018,Electronics,3,370.75,0.0,1112.25
ORD004288,P0112,Books & Media,1,36.19,0.0,36.19
ORD004289,P0030,Home & Garden,1,53.4,0.0,53.4
ORD004289,P0063,Sports,1,25.19,0.0,25.19
ORD004290,P0020,Electronics,2,781.45,0.1,1406.61
ORD004291,P0014,Electronics,1,127.83,0.05,121.44
ORD004291,P0008,Electronics,1,601.4,0.0,601.4
ORD004292,P0009,Electronics,1,236.37,0.05,224.55
ORD004293,P0065,Sports,1,310.58,0.0,310.58
ORD004294,P0055,Fashion,2,92.6,0.0,185.2
ORD004294,P0038,Home & Garden,1,169.03,0.1,152.13
ORD004295,P0002,Electronics,3,282.77,0.05,805.89
ORD004295,P0003,Electronics,1,675.0,0.0,675.0
ORD004295,P0071,Sports,1,179.47,0.1,161.52
ORD004296,P0072,Sports,3,111.14,0.0,333.42
ORD004297,P0106,Books & Media,1,21.79,0.0,21.79
ORD004297,P0014,Electronics,1,127.83,0.0,127.83
ORD004298,P0008,Electronics,1,601.4,0.0,601.4
ORD004298,P0104,Books & Media,1,28.85,0.2,23.08
ORD004299,P0043,Fashion,1,83.9,0.0,83.9
ORD004300,P0052,Fashion,1,129.07,0.0,129.07
ORD004300,P0100,Beauty,1,119.92,0.1,107.93
ORD004301,P0085,Beauty,1,33.57,0.0,33.57
ORD004301,P0021,Home & Garden,2,180.57,0.0,361.14
ORD004302,P0005,Electronics,1,407.63,0.0,407.63
ORD004303,P0025,Home & Garden,1,164.39,0.0,164.39
ORD004304,P0013,Electronics,3,862.63,0.0,2587.89
ORD004304,P0018,Electronics,1,370.75,0.0,370.75
ORD004304,P0080,Sports,1,99.79,0.0,99.79
ORD004305,P0015,Electronics,2,769.37,0.0,1538.74
ORD004305,P0026,Home & Garden,1,101.99,0.1,91.79
ORD004305,P0035,Home & Garden,2,89.13,0.0,178.26
ORD004305,P0048,Fashion,1,30.16,0.0,30.16
ORD004305,P0071,Sports,2,179.47,0.1,323.05
ORD004306,P0007,Electronics,1,71.56,0.0,71.56
ORD004307,P0120,Books & Media,1,38.91,0.2,31.13
ORD004307,P0107,Books & Media,3,31.66,0.05,90.23
ORD004307,P0020,Electronics,1,781.45,0.0,781.45
ORD004308,P0068,Sports,1,52.84,0.0,52.84
ORD004309,P0064,Sports,1,31.33,0.1,28.2
ORD004310,P0009,Electronics,1,236.37,0.0,236.37
ORD004311,P0109,Books & Media,1,36.9,0.0,36.9
ORD004312,P0099,Beauty,2,70.54,0.15,119.92
ORD004312,P0010,Electronics,1,737.02,0.0,737.02
ORD004313,P0064,Sports,1,31.33,0.15,26.63
ORD004313,P0081,Beauty,1,17.81,0.05,16.92
ORD004313,P0055,Fashion,1,92.6,0.0,92.6
ORD004314,P0099,Beauty,1,70.54,0.0,70.54
ORD004315,P0043,Fashion,3,83.9,0.05,239.12
ORD004316,P0103,Books & Media,1,33.25,0.0,33.25
ORD004317,P0011,Electronics,1,733.95,0.1,660.56
ORD004317,P0064,Sports,2,31.33,0.0,62.66
ORD004317,P0041,Fashion,1,109.82,0.1,98.84
ORD004318,P0055,Fashion,2,92.6,0.0,185.2
ORD004318,P0048,Fashion,1,30.16,0.15,25.64
ORD004319,P0005,Electronics,2,407.63,0.0,815.26
ORD004320,P0068,Sports,1,52.84,0.0,52.84
ORD004320,P0090,Beauty,3,56.59,0.0,169.77
ORD004320,P0107,Books & Media,1,31.66,0.2,25.33
ORD004320,P0006,Electronics,1,234.84,0.0,234.84
ORD004321,P0106,Books & Media,1,21.79,0.05,20.7
ORD004322,P0061,Sports,2,272.82,0.05,518.36
ORD004323,P0022,Home & Garden,2,68.56,0.0,137.12
ORD004323,P0024,Home & Garden,1,38.74,0.0,38.74
ORD004323,P0003,Electronics,1,675.0,0.2,540.0
ORD004324,P0102,Books & Media,2,52.13,0.0,104.26
ORD004324,P0120,Books & Media,1,38.91,0.0,38.91
ORD004324,P0063,Sports,1,25.19,0.05,23.93
ORD004325,P0007,Electronics,3,71.56,0.0,214.68
ORD004326,P0017,Electronics,1,504.79,0.0,504.79
ORD004326,P0039,Home & Garden,1,229.92,0.0,229.92
ORD004326,P0116,Books & Media,1,12.17,0.05,11.56
ORD004327,P0057,Fashion,3,100.09,0.0,300.27
ORD004327,P0001,Electronics,1,592.51,0.15,503.63
ORD004327,P0082,Beauty,1,35.18,0.0,35.18
ORD004328,P0054,Fashion,1,37.85,0.0,37.85
ORD004328,P0038,Home & Garden,2,169.03,0.15,287.35
ORD004329,P0067,Sports,1,310.35,0.0,310.35
ORD004330,P0030,Home & Garden,1,53.4,0.1,48.06
ORD004330,P0093,Beauty,1,54.29,0.0,54.29
ORD004331,P0002,Electronics,1,282.77,0.1,254.49
ORD004331,P0065,Sports,1,310.58,0.0,310.58
ORD004332,P0039,Home & Garden,1,229.92,0.0,229.92
ORD004332,P0005,Electronics,2,407.63,0.0,815.26
ORD004333,P0090,Beauty,1,56.59,0.0,56.59
ORD004333,P0020,Electronics,1,781.45,0.0,781.45
ORD004333,P0044,Fashion,1,179.61,0.0,179.61
ORD004334,P0075,Sports,2,90.37,0.05,171.7
ORD004335,P0087,Beauty,2,61.99,0.0,123.98
ORD004335,P0042,Fashion,3,113.53,0.0,340.59
ORD004336,P0025,Home & Garden,1,164.39,0.0,164.39
ORD004337,P0058,Fashion,1,166.02,0.0,166.02
ORD004337,P0005,Electronics,1,407.63,0.0,407.63
ORD004338,P0030,Home & Garden,1,53.4,0.0,53.4
ORD004338,P0115,Books & Media,1,16.19,0.0,16.19
ORD004338,P0010,Electronics,1,737.02,0.0,737.02
ORD004339,P0014,Electronics,3,127.83,0.05,364.32
ORD004340,P0007,Electronics,1,71.56,0.0,71.56
ORD004340,P0034,Home & Garden,1,68.83,0.0,68.83
ORD004340,P0012,Electronics,1,338.21,0.1,304.39
ORD004340,P0055,Fashion,1,92.6,0.0,92.6
ORD004341,P0091,Beauty,3,90.2,0.0,270.6
ORD004341,P0035,Home & Garden,2,89.13,0.05,169.35
ORD004342,P0024,Home & Garden,1,38.74,0.05,36.8
ORD004342,P0003,Electronics,1,675.0,0.15,573.75
ORD004343,P0010,Electronics,1,737.02,0.0,737.02
ORD004343,P0057,Fashion,1,100.09,0.1,90.08
ORD004343,P0052,Fashion,1,129.07,0.15,109.71
ORD004343,P0034,Home & Garden,1,68.83,0.1,61.95
ORD004343,P0007,Electronics,1,71.56,0.1,64.4
ORD004344,P0086,Beauty,2,112.91,0.0,225.82
ORD004344,P0071,Sports,1,179.47,0.0,179.47
ORD004345,P0081,Beauty,3,17.81,0.0,53.43
ORD004346,P0009,Electronics,1,236.37,0.1,212.73
ORD004346,P0033,Home & Garden,2,213.07,0.05,404.83
ORD004347,P0042,Fashion,3,113.53,0.0,340.59
ORD004347,P0026,Home & Garden,1,101.99,0.05,96.89
ORD004347,P0070,Sports,3,273.9,0.15,698.44
ORD004348,P0105,Books & Media,1,27.71,0.1,24.94
ORD004349,P0017,Electronics,1,504.79,0.15,429.07
ORD004350,P0102,Books & Media,2,52.13,0.0,104.26
ORD004351,P0113,Books & Media,2,10.97,0.1,19.75
ORD004352,P0029,Home & Garden,2,55.22,0.0,110.44
ORD004352,P0056,Fashion,1,160.14,0.0,160.14
ORD004353,P0077,Sports,1,167.38,0.0,167.38
ORD004353,P0095,Beauty,2,30.92,0.05,58.75
ORD004353,P0030,Home & Garden,2,53.4,0.0,106.8
ORD004354,P0055,Fashion,1,92.6,0.0,92.6
ORD004355,P0064,Sports,1,31.33,0.0,31.33
ORD004356,P0046,Fashion,1,37.54,0.0,37.54
ORD004356,P0021,Home & Garden,2,180.57,0.15,306.97
ORD004357,P0025,Home & Garden,2,164.39,0.0,328.78
ORD004358,P0097,Beauty,1,37.48,0.0,37.48
ORD004359,P0009,Electronics,1,236.37,0.0,236.37
ORD004359,P0072,Sports,1,111.14,0.2,88.91
ORD004360,P0047,Fashion,1,146.73,0.15,124.72
ORD004361,P0058,Fashion,1,166.02,0.05,157.72
ORD004362,P0020,Electronics,1,781.45,0.05,742.38
ORD004362,P0094,Beauty,2,104.78,0.0,209.56
ORD004363,P0065,Sports,1,310.58,0.0,310.58
ORD004363,P0014,Electronics,1,127.83,0.0,127.83
ORD004363,P0051,Fashion,1,21.84,0.0,21.84
ORD004364,P0118,Books & Media,1,20.23,0.05,19.22
ORD004364,P0062,Sports,2,278.05,0.0,556.1
ORD004364,P0039,Home & Garden,1,229.92,0.0,229.92
ORD004365,P0073,Sports,1,162.52,0.0,162.52
ORD004366,P0052,Fashion,1,129.07,0.0,129.07
ORD004366,P0043,Fashion,1,83.9,0.1,75.51
ORD004367,P0093,Beauty,1,54.29,0.0,54.29
ORD004367,P0058,Fashion,1,166.02,0.0,166.02
ORD004367,P0054,Fashion,2,37.85,0.0,75.7
ORD004368,P0007,Electronics,1,71.56,0.05,67.98
ORD004368,P0110,Books & Media,1,16.05,0.0,16.05
ORD004369,P0116,Books & Media,1,12.17,0.1,10.95
ORD004370,P0072,Sports,2,111.14,0.0,222.28
ORD004370,P0082,Beauty,1,35.18,0.1,31.66
ORD004371,P0118,Books & Media,1,20.23,0.1,18.21
ORD004372,P0061,Sports,2,272.82,0.0,545.64
ORD004373,P0007,Electronics,1,71.56,0.0,71.56
ORD004373,P0114,Books & Media,1,34.15,0.05,32.44
ORD004374,P0016,Electronics,1,735.06,0.05,698.31
ORD004374,P0086,Beauty,1,112.91,0.1,101.62
ORD004375,P0018,Electronics,1,370.75,0.0,370.75
ORD004376,P0044,Fashion,3,179.61,0.0,538.83
ORD004377,P0006,Electronics,1,234.84,0.05,223.1
ORD004377,P0107,Books & Media,1,31.66,0.0,31.66
ORD004377,P0025,Home & Garden,1,164.39,0.15,139.73
ORD004377,P0030,Home & Garden,2,53.4,0.05,101.46
ORD004378,P0004,Electronics,1,807.35,0.0,807.35
ORD004378,P0010,Electronics,1,737.02,0.1,663.32
ORD004378,P0007,Electronics,1,71.56,0.0,71.56
ORD004379,P0005,Electronics,1,407.63,0.0,407.63
ORD004379,P0034,Home & Garden,3,68.83,0.0,206.49
ORD004379,P0085,Beauty,1,33.57,0.0,33.57
ORD004380,P0119,Books & Media,1,54.29,0.0,54.29
ORD004380,P0089,Beauty,3,20.66,0.0,61.98
ORD004381,P0064,Sports,1,31.33,0.0,31.33
ORD004382,P0081,Beauty,1,17.81,0.0,17.81
ORD004382,P0057,Fashion,1,100.09,0.0,100.09
ORD004383,P0056,Fashion,1,160.14,0.1,144.13
ORD004383,P0001,Electronics,1,592.51,0.05,562.88
ORD004383,P0092,Beauty,1,118.26,0.05,112.35
ORD004383,P0099,Beauty,2,70.54,0.05,134.03
ORD004384,P0017,Electronics,1,504.79,0.05,479.55
ORD004385,P0074,Sports,1,200.27,0.1,180.24
ORD004385,P0109,Books & Media,1,36.9,0.0,36.9
ORD004386,P0043,Fashion,1,83.9,0.05,79.7
ORD004386,P0120,Books & Media,1,38.91,0.05,36.96
ORD004386,P0079,Sports,1,134.88,0.0,134.88
ORD004387,P0015,Electronics,1,769.37,0.05,730.9
ORD004387,P0062,Sports,1,278.05,0.0,278.05
ORD004388,P0006,Electronics,2,234.84,0.0,469.68
ORD004388,P0042,Fashion,1,113.53,0.1,102.18
ORD004388,P0114,Books & Media,1,34.15,0.1,30.74
ORD004389,P0095,Beauty,1,30.92,0.05,29.37
ORD004389,P0013,Electronics,1,862.63,0.0,862.63
ORD004390,P0083,Beauty,1,104.56,0.0,104.56
ORD004391,P0103,Books & Media,2,33.25,0.0,66.5
ORD004392,P0023,Home & Garden,1,33.75,0.1,30.38
ORD004392,P0102,Books & Media,2,52.13,0.05,99.05
ORD004392,P0004,Electronics,1,807.35,0.0,807.35
ORD004393,P0069,Sports,2,47.49,0.0,94.98
ORD004394,P0086,Beauty,3,112.91,0.0,338.73
ORD004394,P0017,Electronics,1,504.79,0.0,504.79
ORD004395,P0114,Books & Media,1,34.15,0.0,34.15
ORD004395,P0098,Beauty,1,58.74,0.1,52.87
ORD004396,P0017,Electronics,1,504.79,0.0,504.79
ORD004396,P0063,Sports,2,25.19,0.0,50.38
ORD004396,P0001,Electronics,1,592.51,0.0,592.51
ORD004397,P0111,Books & Media,1,58.37,0.05,55.45
ORD004397,P0097,Beauty,1,37.48,0.0,37.48
ORD004397,P0049,Fashion,1,179.38,0.05,170.41
ORD004397,P0006,Electronics,1,234.84,0.0,234.84
ORD004397,P0024,Home & Garden,1,38.74,0.0,38.74
ORD004398,P0038,Home & Garden,1,169.03,0.15,143.68
ORD004398,P0018,Electronics,1,370.75,0.0,370.75
ORD004399,P0036,Home & Garden,1,64.58,0.05,61.35
ORD004399,P0042,Fashion,1,113.53,0.05,107.85
ORD004399,P0037,Home & Garden,3,220.95,0.0,662.85
ORD004399,P0016,Electronics,2,735.06,0.15,1249.6
ORD004400,P0006,Electronics,2,234.84,0.1,422.71
ORD004400,P0075,Sports,1,90.37,0.1,81.33
ORD004400,P0114,Books & Media,1,34.15,0.0,34.15
ORD004400,P0032,Home & Garden,2,145.88,0.0,291.76
ORD004400,P0092,Beauty,1,118.26,0.15,100.52
ORD004401,P0085,Beauty,1,33.57,0.2,26.86
ORD004402,P0001,Electronics,1,592.51,0.05,562.88
ORD004402,P0100,Beauty,1,119.92,0.0,119.92
ORD004403,P0114,Books & Media,1,34.15,0.15,29.03
ORD004403,P0074,Sports,1,200.27,0.0,200.27
ORD004403,P0013,Electronics,1,862.63,0.0,862.63
ORD004404,P0023,Home & Garden,1,33.75,0.0,33.75
ORD004405,P0105,Books & Media,1,27.71,0.0,27.71
ORD004405,P0063,Sports,1,25.19,0.05,23.93
ORD004406,P0053,Fashion,1,62.69,0.05,59.56
ORD004406,P0077,Sports,1,167.38,0.0,167.38
ORD004406,P0018,Electronics,1,370.75,0.0,370.75
ORD004406,P0094,Beauty,1,104.78,0.0,104.78
ORD004407,P0001,Electronics,1,592.51,0.0,592.51
ORD004408,P0003,Electronics,1,675.0,0.0,675.0
ORD004409,P0037,Home & Garden,2,220.95,0.05,419.8
ORD004410,P0103,Books & Media,1,33.25,0.1,29.92
ORD004410,P0046,Fashion,1,37.54,0.0,37.54
ORD004410,P0017,Electronics,3,504.79,0.1,1362.93
ORD004411,P0010,Electronics,1,737.02,0.1,663.32
ORD004411,P0074,Sports,1,200.27,0.1,180.24
ORD004412,P0002,Electronics,2,282.77,0.0,565.54
ORD004412,P0093,Beauty,3,54.29,0.1,146.58
ORD004412,P0089,Beauty,1,20.66,0.0,20.66
ORD004412,P0052,Fashion,1,129.07,0.2,103.26
ORD004412,P0038,Home & Garden,1,169.03,0.0,169.03
ORD004413,P0017,Electronics,1,504.79,0.0,504.79
ORD004414,P0058,Fashion,1,166.02,0.0,166.02
ORD004414,P0011,Electronics,1,733.95,0.1,660.56
ORD004415,P0023,Home & Garden,1,33.75,0.15,28.69
ORD004415,P0035,Home & Garden,1,89.13,0.0,89.13
ORD004416,P0113,Books & Media,1,10.97,0.1,9.87
ORD004416,P0011,Electronics,1,733.95,0.05,697.25
ORD004417,P0095,Beauty,1,30.92,0.05,29.37
ORD004418,P0003,Electronics,1,675.0,0.0,675.0
ORD004418,P0053,Fashion,1,62.69,0.0,62.69
ORD004418,P0058,Fashion,3,166.02,0.0,498.06
ORD004419,P0113,Books & Media,1,10.97,0.0,10.97
ORD004420,P0035,Home & Garden,1,89.13,0.1,80.22
ORD004420,P0028,Home & Garden,1,167.29,0.0,167.29
ORD004421,P0039,Home & Garden,1,229.92,0.0,229.92
ORD004421,P0087,Beauty,1,61.99,0.0,61.99
ORD004422,P0008,Electronics,1,601.4,0.15,511.19
ORD004422,P0054,Fashion,1,37.85,0.1,34.07
ORD004422,P0015,Electronics,1,769.37,0.05,730.9
ORD004423,P0014,Electronics,1,127.83,0.1,115.05
ORD004424,P0091,Beauty,1,90.2,0.0,90.2
ORD004424,P0052,Fashion,2,129.07,0.0,258.14
ORD004424,P0086,Beauty,1,112.91,0.2,90.33
ORD004424,P0001,Electronics,1,592.51,0.0,592.51
ORD004424,P0016,Electronics,1,735.06,0.1,661.55
ORD004425,P0091,Beauty,1,90.2,0.0,90.2
ORD004426,P0038,Home & Garden,2,169.03,0.15,287.35
ORD004426,P0052,Fashion,2,129.07,0.05,245.23
ORD004426,P0042,Fashion,1,113.53,0.0,113.53
ORD004426,P0079,Sports,3,134.88,0.1,364.18
ORD004426,P0053,Fashion,2,62.69,0.15,106.57
ORD004427,P0050,Fashion,1,175.37,0.0,175.37
ORD004428,P0005,Electronics,1,407.63,0.0,407.63
ORD004428,P0009,Electronics,1,236.37,0.0,236.37
ORD004429,P0043,Fashion,1,83.9,0.15,71.32
ORD004429,P0020,Electronics,1,781.45,0.0,781.45
ORD004430,P0094,Beauty,1,104.78,0.0,104.78
ORD004431,P0120,Books & Media,1,38.91,0.0,38.91
ORD004432,P0001,Electronics,1,592.51,0.1,533.26
ORD004432,P0032,Home & Garden,1,145.88,0.1,131.29
ORD004433,P0084,Beauty,1,36.18,0.0,36.18
ORD004434,P0017,Electronics,2,504.79,0.0,1009.58
ORD004435,P0047,Fashion,1,146.73,0.0,146.73
ORD004436,P0107,Books & Media,1,31.66,0.1,28.49
ORD004436,P0103,Books & Media,1,33.25,0.0,33.25
ORD004436,P0079,Sports,1,134.88,0.0,134.88
ORD004436,P0067,Sports,1,310.35,0.0,310.35
ORD004436,P0025,Home & Garden,1,164.39,0.15,139.73
ORD004437,P0026,Home & Garden,1,101.99,0.0,101.99
ORD004437,P0033,Home & Garden,1,213.07,0.0,213.07
ORD004437,P0037,Home & Garden,2,220.95,0.0,441.9
ORD004437,P0113,Books & Media,1,10.97,0.0,10.97
ORD004437,P0008,Electronics,1,601.4,0.05,571.33
ORD004438,P0021,Home & Garden,1,180.57,0.15,153.48
ORD004439,P0119,Books & Media,2,54.29,0.0,108.58
ORD004440,P0103,Books & Media,1,33.25,0.0,33.25
ORD004440,P0060,Fashion,1,117.44,0.05,111.57
ORD004441,P0101,Books & Media,1,58.39,0.0,58.39
ORD004441,P0025,Home & Garden,2,164.39,0.0,328.78
ORD004441,P0048,Fashion,1,30.16,0.0,30.16
ORD004442,P0051,Fashion,1,21.84,0.1,19.66
ORD004442,P0097,Beauty,1,37.48,0.0,37.48
ORD004442,P0006,Electronics,1,234.84,0.0,234.84
ORD004442,P0084,Beauty,3,36.18,0.0,108.54
ORD004443,P0067,Sports,3,310.35,0.0,931.05
ORD004443,P0099,Beauty,1,70.54,0.0,70.54
ORD004443,P0031,Home & Garden,1,247.54,0.05,235.16
ORD004443,P0006,Electronics,2,234.84,0.1,422.71
ORD004444,P0005,Electronics,1,407.63,0.0,407.63
ORD004444,P0007,Electronics,1,71.56,0.0,71.56
ORD004445,P0057,Fashion,1,100.09,0.1,90.08
ORD004446,P0064,Sports,1,31.33,0.0,31.33
ORD004446,P0116,Books & Media,3,12.17,0.0,36.51
ORD004447,P0057,Fashion,1,100.09,0.05,95.09
ORD004448,P0058,Fashion,1,166.02,0.0,166.02
ORD004449,P0079,Sports,2,134.88,0.1,242.78
ORD004450,P0074,Sports,1,200.27,0.1,180.24
ORD004450,P0032,Home & Garden,1,145.88,0.2,116.7
ORD004450,P0059,Fashion,1,67.75,0.0,67.75
ORD004450,P0038,Home & Garden,1,169.03,0.05,160.58
ORD004451,P0017,Electronics,2,504.79,0.05,959.1
ORD004451,P0052,Fashion,1,129.07,0.0,129.07
ORD004451,P0113,Books & Media,2,10.97,0.0,21.94
ORD004451,P0005,Electronics,1,407.63,0.15,346.49
ORD004451,P0057,Fashion,1,100.09,0.0,100.09
ORD004452,P0102,Books & Media,2,52.13,0.0,104.26
ORD004452,P0008,Electronics,2,601.4,0.1,1082.52
ORD004453,P0023,Home & Garden,1,33.75,0.05,32.06
ORD004453,P0115,Books & Media,1,16.19,0.0,16.19
ORD004453,P0087,Beauty,2,61.99,0.1,111.58
ORD004454,P0119,Books & Media,3,54.29,0.0,162.87
ORD004455,P0025,Home & Garden,1,164.39,0.2,131.51
ORD004456,P0026,Home & Garden,1,101.99,0.15,86.69
ORD004457,P0092,Beauty,1,118.26,0.0,118.26
ORD004458,P0104,Books & Media,1,28.85,0.0,28.85
ORD004459,P0012,Electronics,2,338.21,0.0,676.42
ORD004460,P0045,Fashion,1,34.55,0.0,34.55
ORD004461,P0092,Beauty,2,118.26,0.0,236.52
ORD004461,P0070,Sports,1,273.9,0.05,260.2
ORD004461,P0033,Home & Garden,2,213.07,0.1,383.53
ORD004462,P0096,Beauty,1,56.41,0.15,47.95
ORD004462,P0027,Home & Garden,1,77.74,0.05,73.85
ORD004462,P0004,Electronics,1,807.35,0.15,686.25
ORD004463,P0036,Home & Garden,2,64.58,0.15,109.79
ORD004464,P0045,Fashion,1,34.55,0.0,34.55
ORD004464,P0034,Home & Garden,1,68.83,0.05,65.39
ORD004464,P0041,Fashion,1,109.82,0.0,109.82
ORD004465,P0033,Home & Garden,1,213.07,0.0,213.07
ORD004466,P0107,Books & Media,1,31.66,0.15,26.91
ORD004467,P0078,Sports,3,64.33,0.1,173.69
ORD004468,P0021,Home & Garden,1,180.57,0.0,180.57
ORD004469,P0102,Books & Media,3,52.13,0.2,125.11
ORD004470,P0118,Books & Media,2,20.23,0.0,40.46
ORD004470,P0066,Sports,1,124.94,0.15,106.2
ORD004470,P0021,Home & Garden,1,180.57,0.05,171.54
ORD004470,P0049,Fashion,1,179.38,0.05,170.41
ORD004471,P0023,Home & Garden,3,33.75,0.0,101.25
ORD004472,P0059,Fashion,2,67.75,0.0,135.5
ORD004472,P0042,Fashion,1,113.53,0.0,113.53
ORD004472,P0021,Home & Garden,2,180.57,0.0,361.14
ORD004472,P0041,Fashion,3,109.82,0.05,312.99
ORD004472,P0092,Beauty,1,118.26,0.0,118.26
ORD004473,P0010,Electronics,1,737.02,0.05,700.17
ORD004474,P0057,Fashion,1,100.09,0.0,100.09
ORD004475,P0043,Fashion,2,83.9,0.05,159.41
ORD004475,P0019,Electronics,1,753.99,0.05,716.29
ORD004476,P0048,Fashion,1,30.16,0.1,27.14
ORD004477,P0066,Sports,1,124.94,0.0,124.94
ORD004478,P0007,Electronics,2,71.56,0.15,121.65
ORD004479,P0056,Fashion,1,160.14,0.05,152.13
ORD004480,P0071,Sports,1,179.47,0.0,179.47
ORD004480,P0017,Electronics,1,504.79,0.0,504.79
ORD004481,P0018,Electronics,1,370.75,0.0,370.75
ORD004481,P0045,Fashion,1,34.55,0.1,31.1
ORD004482,P0062,Sports,1,278.05,0.15,236.34
ORD004482,P0053,Fashion,3,62.69,0.0,188.07
ORD004482,P0011,Electronics,1,733.95,0.05,697.25
ORD004482,P0001,Electronics,2,592.51,0.0,1185.02
ORD004483,P0046,Fashion,3,37.54,0.1,101.36
ORD004484,P0012,Electronics,1,338.21,0.0,338.21
ORD004485,P0088,Beauty,1,98.82,0.15,84.0
ORD004485,P0066,Sports,1,124.94,0.1,112.45
ORD004486,P0082,Beauty,1,35.18,0.0,35.18
ORD004487,P0057,Fashion,1,100.09,0.05,95.09
ORD004488,P0055,Fashion,2,92.6,0.0,185.2
ORD004488,P0037,Home & Garden,1,220.95,0.2,176.76
ORD004488,P0020,Electronics,3,781.45,0.05,2227.13
ORD004489,P0055,Fashion,1,92.6,0.0,92.6
ORD004489,P0015,Electronics,1,769.37,0.2,615.5
ORD004489,P0062,Sports,1,278.05,0.1,250.24
ORD004490,P0022,Home & Garden,3,68.56,0.0,205.68
ORD004490,P0003,Electronics,1,675.0,0.0,675.0
ORD004491,P0020,Electronics,1,781.45,0.0,781.45
ORD004492,P0100,Beauty,1,119.92,0.0,119.92
ORD004492,P0039,Home & Garden,1,229.92,0.0,229.92
ORD004493,P0012,Electronics,1,338.21,0.15,287.48
ORD004493,P0071,Sports,2,179.47,0.05,340.99
ORD004493,P0100,Beauty,1,119.92,0.1,107.93
ORD004493,P0083,Beauty,1,104.56,0.0,104.56
ORD004494,P0031,Home & Garden,1,247.54,0.05,235.16
ORD004495,P0015,Electronics,1,769.37,0.05,730.9
ORD004495,P0020,Electronics,1,781.45,0.0,781.45
ORD004495,P0020,Electronics,1,781.45,0.0,781.45
ORD004496,P0047,Fashion,1,146.73,0.05,139.39
ORD004497,P0010,Electronics,1,737.02,0.15,626.47
ORD004498,P0077,Sports,2,167.38,0.15,284.55
ORD004498,P0048,Fashion,1,30.16,0.0,30.16
ORD004499,P0015,Electronics,1,769.37,0.05,730.9
ORD004500,P0060,Fashion,1,117.44,0.0,117.44
ORD004501,P0024,Home & Garden,1,38.74,0.0,38.74
ORD004501,P0035,Home & Garden,1,89.13,0.0,89.13
ORD004501,P0090,Beauty,2,56.59,0.0,113.18
ORD004501,P0119,Books & Media,2,54.29,0.05,103.15
ORD004502,P0004,Electronics,1,807.35,0.05,766.98
ORD004502,P0044,Fashion,1,179.61,0.0,179.61
ORD004503,P0004,Electronics,1,807.35,0.05,766.98
ORD004504,P0065,Sports,1,310.58,0.0,310.58
ORD004504,P0025,Home & Garden,1,164.39,0.05,156.17
ORD004505,P0041,Fashion,1,109.82,0.0,109.82
ORD004506,P0105,Books & Media,1,27.71,0.1,24.94
ORD004506,P0060,Fashion,2,117.44,0.2,187.9
ORD004506,P0104,Books & Media,1,28.85,0.0,28.85
ORD004507,P0117,Books & Media,1,38.94,0.05,36.99
ORD004508,P0022,Home & Garden,1,68.56,0.0,68.56
ORD004509,P0064,Sports,2,31.33,0.0,62.66
ORD004510,P0050,Fashion,1,175.37,0.0,175.37
ORD004510,P0023,Home & Garden,1,33.75,0.1,30.38
ORD004510,P0066,Sports,3,124.94,0.1,337.34
ORD004510,P0037,Home & Garden,2,220.95,0.1,397.71
ORD004511,P0027,Home & Garden,3,77.74,0.0,233.22
ORD004511,P0068,Sports,1,52.84,0.0,52.84
ORD004511,P0100,Beauty,1,119.92,0.05,113.92
ORD004511,P0044,Fashion,2,179.61,0.05,341.26
ORD004512,P0058,Fashion,1,166.02,0.15,141.12
ORD004513,P0057,Fashion,1,100.09,0.05,95.09
ORD004513,P0112,Books & Media,1,36.19,0.0,36.19
ORD004514,P0043,Fashion,1,83.9,0.0,83.9
ORD004514,P0058,Fashion,3,166.02,0.0,498.06
ORD004514,P0071,Sports,1,179.47,0.0,179.47
ORD004515,P0052,Fashion,1,129.07,0.05,122.62
ORD004516,P0108,Books & Media,3,57.78,0.0,173.34
ORD004517,P0054,Fashion,1,37.85,0.1,34.07
ORD004518,P0030,Home & Garden,1,53.4,0.15,45.39
ORD004518,P0072,Sports,1,111.14,0.0,111.14
ORD004518,P0117,Books & Media,2,38.94,0.05,73.99
ORD004519,P0036,Home & Garden,1,64.58,0.0,64.58
ORD004520,P0110,Books & Media,1,16.05,0.0,16.05
ORD004521,P0043,Fashion,1,83.9,0.0,83.9
ORD004522,P0035,Home & Garden,1,89.13,0.0,89.13
ORD004522,P0059,Fashion,1,67.75,0.0,67.75
ORD004522,P0016,Electronics,1,735.06,0.0,735.06
ORD004522,P0037,Home & Garden,1,220.95,0.05,209.9
ORD004523,P0066,Sports,2,124.94,0.0,249.88
ORD004523,P0033,Home & Garden,1,213.07,0.05,202.42
ORD004523,P0007,Electronics,2,71.56,0.0,143.12
ORD004524,P0045,Fashion,1,34.55,0.0,34.55
ORD004524,P0033,Home & Garden,1,213.07,0.0,213.07
ORD004525,P0081,Beauty,2,17.81,0.0,35.62
ORD004525,P0028,Home & Garden,1,167.29,0.15,142.2
ORD004526,P0002,Electronics,1,282.77,0.0,282.77
ORD004527,P0048,Fashion,2,30.16,0.1,54.29
ORD004528,P0016,Electronics,1,735.06,0.0,735.06
ORD004528,P0001,Electronics,1,592.51,0.05,562.88
ORD004529,P0109,Books & Media,1,36.9,0.15,31.36
ORD004529,P0109,Books & Media,1,36.9,0.2,29.52
ORD004529,P0004,Electronics,2,807.35,0.15,1372.5
ORD004530,P0099,Beauty,1,70.54,0.1,63.49
ORD004530,P0092,Beauty,1,118.26,0.15,100.52
ORD004531,P0004,Electronics,2,807.35,0.0,1614.7
ORD004531,P0039,Home & Garden,1,229.92,0.0,229.92
ORD004532,P0072,Sports,1,111.14,0.0,111.14
ORD004533,P0108,Books & Media,2,57.78,0.0,115.56
ORD004534,P0026,Home & Garden,1,101.99,0.0,101.99
ORD004534,P0070,Sports,1,273.9,0.1,246.51
ORD004535,P0113,Books & Media,1,10.97,0.0,10.97
ORD004536,P0011,Electronics,2,733.95,0.0,1467.9
ORD004536,P0069,Sports,1,47.49,0.0,47.49
ORD004537,P0019,Electronics,1,753.99,0.2,603.19
ORD004537,P0081,Beauty,1,17.81,0.0,17.81
ORD004537,P0097,Beauty,2,37.48,0.0,74.96
ORD004537,P0117,Books & Media,2,38.94,0.05,73.99
ORD004537,P0030,Home & Garden,1,53.4,0.05,50.73
ORD004538,P0057,Fashion,3,100.09,0.05,285.26
ORD004539,P0011,Electronics,1,733.95,0.0,733.95
ORD004539,P0006,Electronics,3,234.84,0.0,704.52
ORD004539,P0075,Sports,1,90.37,0.05,85.85
ORD004539,P0022,Home & Garden,1,68.56,0.2,54.85
ORD004540,P0031,Home & Garden,1,247.54,0.05,235.16
ORD004540,P0006,Electronics,1,234.84,0.0,234.84
ORD004540,P0022,Home & Garden,1,68.56,0.1,61.7
ORD004541,P0114,Books & Media,1,34.15,0.0,34.15
ORD004542,P0112,Books & Media,1,36.19,0.1,32.57
ORD004542,P0045,Fashion,1,34.55,0.05,32.82
ORD004542,P0003,Electronics,1,675.0,0.0,675.0
ORD004542,P0032,Home & Garden,1,145.88,0.05,138.59
ORD004543,P0013,Electronics,1,862.63,0.0,862.63
ORD004543,P0079,Sports,2,134.88,0.0,269.76
ORD004544,P0001,Electronics,1,592.51,0.05,562.88
ORD004544,P0005,Electronics,1,407.63,0.0,407.63
ORD004545,P0013,Electronics,1,862.63,0.1,776.37
ORD004546,P0012,Electronics,1,338.21,0.0,338.21
ORD004546,P0078,Sports,1,64.33,0.0,64.33
ORD004547,P0010,Electronics,1,737.02,0.15,626.47
ORD004547,P0045,Fashion,1,34.55,0.0,34.55
ORD004548,P0048,Fashion,1,30.16,0.0,30.16
ORD004548,P0040,Home & Garden,1,77.25,0.1,69.53
ORD004549,P0047,Fashion,1,146.73,0.2,117.38
ORD004550,P0073,Sports,1,162.52,0.0,162.52
ORD004551,P0119,Books & Media,1,54.29,0.0,54.29
ORD004551,P0044,Fashion,2,179.61,0.0,359.22
ORD004552,P0001,Electronics,1,592.51,0.1,533.26
ORD004552,P0098,Beauty,3,58.74,0.15,149.79
ORD004552,P0035,Home & Garden,1,89.13,0.2,71.3
ORD004553,P0056,Fashion,3,160.14,0.1,432.38
ORD004553,P0112,Books & Media,1,36.19,0.1,32.57
ORD004554,P0011,Electronics,1,733.95,0.0,733.95
ORD004555,P0049,Fashion,1,179.38,0.05,170.41
ORD004555,P0033,Home & Garden,2,213.07,0.0,426.14
ORD004556,P0005,Electronics,2,407.63,0.05,774.5
ORD004556,P0070,Sports,2,273.9,0.05,520.41
ORD004556,P0068,Sports,1,52.84,0.0,52.84
ORD004557,P0009,Electronics,1,236.37,0.05,224.55
ORD004557,P0041,Fashion,1,109.82,0.1,98.84
ORD004558,P0006,Electronics,3,234.84,0.2,563.62
ORD004558,P0051,Fashion,1,21.84,0.0,21.84
ORD004559,P0008,Electronics,1,601.4,0.1,541.26
ORD004560,P0008,Electronics,1,601.4,0.05,571.33
ORD004560,P0013,Electronics,1,862.63,0.05,819.5
ORD004560,P0102,Books & Media,1,52.13,0.05,49.52
ORD004561,P0113,Books & Media,1,10.97,0.0,10.97
ORD004561,P0048,Fashion,3,30.16,0.0,90.48
ORD004562,P0054,Fashion,1,37.85,0.0,37.85
ORD004562,P0005,Electronics,1,407.63,0.1,366.87
ORD004563,P0022,Home & Garden,2,68.56,0.0,137.12
ORD004564,P0100,Beauty,1,119.92,0.0,119.92
ORD004564,P0018,Electronics,1,370.75,0.0,370.75
ORD004564,P0077,Sports,2,167.38,0.0,334.76
ORD004564,P0017,Electronics,1,504.79,0.0,504.79
ORD004564,P0070,Sports,1,273.9,0.0,273.9
ORD004565,P0085,Beauty,1,33.57,0.1,30.21
ORD004565,P0023,Home & Garden,1,33.75,0.0,33.75
ORD004566,P0045,Fashion,3,34.55,0.1,93.28
ORD004566,P0042,Fashion,2,113.53,0.05,215.71
ORD004566,P0077,Sports,1,167.38,0.0,167.38
ORD004567,P0071,Sports,1,179.47,0.0,179.47
ORD004567,P0079,Sports,1,134.88,0.0,134.88
ORD004567,P0119,Books & Media,1,54.29,0.0,54.29
ORD004567,P0036,Home & Garden,3,64.58,0.0,193.74
ORD004567,P0118,Books & Media,1,20.23,0.15,17.2
ORD004568,P0063,Sports,1,25.19,0.1,22.67
ORD004568,P0119,Books & Media,1,54.29,0.15,46.15
ORD004568,P0068,Sports,1,52.84,0.2,42.27
ORD004569,P0029,Home & Garden,1,55.22,0.2,44.18
ORD004569,P0053,Fashion,2,62.69,0.0,125.38
ORD004569,P0067,Sports,3,310.35,0.05,884.5
ORD004570,P0082,Beauty,1,35.18,0.15,29.9
ORD004570,P0009,Electronics,1,236.37,0.0,236.37
ORD004570,P0091,Beauty,1,90.2,0.2,72.16
ORD004571,P0095,Beauty,1,30.92,0.0,30.92
ORD004571,P0039,Home & Garden,1,229.92,0.0,229.92
ORD004572,P0006,Electronics,2,234.84,0.15,399.23
ORD004573,P0020,Electronics,3,781.45,0.05,2227.13
ORD004574,P0015,Electronics,1,769.37,0.0,769.37
ORD004575,P0056,Fashion,2,160.14,0.05,304.27
ORD004575,P0014,Electronics,1,127.83,0.0,127.83
ORD004575,P0037,Home & Garden,1,220.95,0.0,220.95
ORD004576,P0077,Sports,1,167.38,0.1,150.64
ORD004577,P0118,Books & Media,1,20.23,0.1,18.21
ORD004577,P0003,Electronics,1,675.0,0.0,675.0
ORD004578,P0056,Fashion,1,160.14,0.0,160.14
ORD004578,P0031,Home & Garden,2,247.54,0.0,495.08
ORD004579,P0113,Books & Media,3,10.97,0.2,26.33
ORD004580,P0051,Fashion,1,21.84,0.0,21.84
ORD004580,P0118,Books & Media,3,20.23,0.2,48.55
ORD004580,P0112,Books & Media,2,36.19,0.0,72.38
ORD004581,P0114,Books & Media,1,34.15,0.1,30.74
ORD004582,P0050,Fashion,1,175.37,0.05,166.6
ORD004582,P0069,Sports,1,47.49,0.0,47.49
ORD004583,P0074,Sports,1,200.27,0.0,200.27
ORD004584,P0087,Beauty,1,61.99,0.05,58.89
ORD004584,P0065,Sports,1,310.58,0.0,310.58
ORD004585,P0003,Electronics,2,675.0,0.15,1147.5
ORD004586,P0043,Fashion,1,83.9,0.0,83.9
ORD004586,P0054,Fashion,2,37.85,0.15,64.34
ORD004586,P0054,Fashion,2,37.85,0.0,75.7
ORD004587,P0015,Electronics,1,769.37,0.05,730.9
ORD004587,P0106,Books & Media,1,21.79,0.0,21.79
ORD004588,P0111,Books & Media,1,58.37,0.1,52.53
ORD004588,P0011,Electronics,1,733.95,0.15,623.86
ORD004588,P0114,Books & Media,1,34.15,0.0,34.15
ORD004589,P0101,Books & Media,1,58.39,0.0,58.39
ORD004589,P0019,Electronics,1,753.99,0.0,753.99
ORD004589,P0033,Home & Garden,2,213.07,0.0,426.14
ORD004590,P0084,Beauty,1,36.18,0.0,36.18
ORD004590,P0012,Electronics,1,338.21,0.05,321.3
ORD004590,P0052,Fashion,3,129.07,0.15,329.13
ORD004590,P0018,Electronics,1,370.75,0.0,370.75
ORD004591,P0112,Books & Media,1,36.19,0.0,36.19
ORD004591,P0037,Home & Garden,2,220.95,0.1,397.71
ORD004591,P0006,Electronics,1,234.84,0.0,234.84
ORD004591,P0053,Fashion,1,62.69,0.1,56.42
ORD004591,P0045,Fashion,1,34.55,0.0,34.55
ORD004592,P0014,Electronics,1,127.83,0.0,127.83
ORD004592,P0074,Sports,1,200.27,0.0,200.27
ORD004592,P0002,Electronics,1,282.77,0.2,226.22
ORD004592,P0033,Home & Garden,2,213.07,0.2,340.91
ORD004593,P0061,Sports,1,272.82,0.0,272.82
ORD004593,P0001,Electronics,2,592.51,0.0,1185.02
ORD004594,P0071,Sports,1,179.47,0.05,170.5
ORD004594,P0069,Sports,1,47.49,0.0,47.49
ORD004595,P0013,Electronics,1,862.63,0.05,819.5
ORD004595,P0092,Beauty,1,118.26,0.0,118.26
ORD004596,P0042,Fashion,1,113.53,0.05,107.85
ORD004596,P0101,Books & Media,1,58.39,0.05,55.47
ORD004597,P0016,Electronics,1,735.06,0.0,735.06
ORD004598,P0047,Fashion,2,146.73,0.0,293.46
ORD004598,P0091,Beauty,1,90.2,0.0,90.2
ORD004598,P0030,Home & Garden,1,53.4,0.0,53.4
ORD004599,P0092,Beauty,1,118.26,0.0,118.26
ORD004599,P0032,Home & Garden,1,145.88,0.05,138.59
ORD004599,P0090,Beauty,1,56.59,0.0,56.59
ORD004600,P0082,Beauty,2,35.18,0.0,70.36
ORD004601,P0009,Electronics,1,236.37,0.0,236.37
ORD004601,P0103,Books & Media,1,33.25,0.0,33.25
ORD004602,P0064,Sports,1,31.33,0.0,31.33
ORD004603,P0106,Books & Media,1,21.79,0.0,21.79
ORD004603,P0102,Books & Media,1,52.13,0.0,52.13
ORD004604,P0105,Books & Media,1,27.71,0.0,27.71
ORD004604,P0027,Home & Garden,3,77.74,0.0,233.22
ORD004605,P0046,Fashion,1,37.54,0.0,37.54
ORD004606,P0014,Electronics,1,127.83,0.0,127.83
ORD004607,P0086,Beauty,1,112.91,0.1,101.62
ORD004608,P0120,Books & Media,1,38.91,0.05,36.96
ORD004608,P0020,Electronics,2,781.45,0.05,1484.76
ORD004608,P0014,Electronics,2,127.83,0.05,242.88
ORD004608,P0054,Fashion,1,37.85,0.2,30.28
ORD004608,P0090,Beauty,1,56.59,0.05,53.76
ORD004609,P0097,Beauty,1,37.48,0.0,37.48
ORD004610,P0005,Electronics,2,407.63,0.0,815.26
ORD004610,P0012,Electronics,1,338.21,0.0,338.21
ORD004610,P0067,Sports,1,310.35,0.0,310.35
ORD004611,P0027,Home & Garden,1,77.74,0.1,69.97
ORD004612,P0069,Sports,1,47.49,0.15,40.37
ORD004612,P0041,Fashion,2,109.82,0.1,197.68
ORD004612,P0111,Books & Media,1,58.37,0.0,58.37
ORD004613,P0009,Electronics,1,236.37,0.0,236.37
ORD004613,P0009,Electronics,1,236.37,0.05,224.55
ORD004614,P0016,Electronics,2,735.06,0.0,1470.12
ORD004615,P0029,Home & Garden,1,55.22,0.0,55.22
ORD004616,P0117,Books & Media,1,38.94,0.05,36.99
ORD004616,P0105,Books & Media,1,27.71,0.15,23.55
ORD004617,P0058,Fashion,3,166.02,0.0,498.06
ORD004618,P0011,Electronics,3,733.95,0.2,1761.48
ORD004618,P0120,Books & Media,2,38.91,0.15,66.15
ORD004619,P0079,Sports,1,134.88,0.0,134.88
ORD004619,P0053,Fashion,1,62.69,0.0,62.69
ORD004620,P0006,Electronics,2,234.84,0.05,446.2
ORD004620,P0070,Sports,1,273.9,0.05,260.2
ORD004621,P0019,Electronics,1,753.99,0.05,716.29
ORD004622,P0021,Home & Garden,2,180.57,0.0,361.14
ORD004622,P0057,Fashion,1,100.09,0.1,90.08
ORD004623,P0076,Sports,2,348.42,0.0,696.84
ORD004623,P0007,Electronics,1,71.56,0.05,67.98
ORD004623,P0007,Electronics,2,71.56,0.15,121.65
ORD004623,P0026,Home & Garden,2,101.99,0.05,193.78
ORD004623,P0035,Home & Garden,2,89.13,0.0,178.26
ORD004624,P0022,Home & Garden,1,68.56,0.0,68.56
ORD004625,P0058,Fashion,1,166.02,0.15,141.12
ORD004626,P0061,Sports,1,272.82,0.0,272.82
ORD004626,P0044,Fashion,2,179.61,0.1,323.3
ORD004626,P0120,Books & Media,1,38.91,0.1,35.02
ORD004627,P0109,Books & Media,1,36.9,0.1,33.21
ORD004628,P0014,Electronics,2,127.83,0.0,255.66
ORD004628,P0065,Sports,1,310.58,0.0,310.58
ORD004628,P0108,Books & Media,2,57.78,0.0,115.56
ORD004629,P0103,Books & Media,2,33.25,0.1,59.85
ORD004630,P0052,Fashion,1,129.07,0.0,129.07
ORD004630,P0050,Fashion,2,175.37,0.05,333.2
ORD004631,P0103,Books & Media,1,33.25,0.0,33.25
ORD004631,P0119,Books & Media,1,54.29,0.05,51.58
ORD004631,P0041,Fashion,1,109.82,0.15,93.35
ORD004632,P0029,Home & Garden,1,55.22,0.1,49.7
ORD004633,P0008,Electronics,2,601.4,0.05,1142.66
ORD004633,P0107,Books & Media,3,31.66,0.0,94.98
ORD004634,P0016,Electronics,1,735.06,0.05,698.31
ORD004635,P0028,Home & Garden,1,167.29,0.05,158.93
ORD004635,P0061,Sports,1,272.82,0.0,272.82
ORD004635,P0028,Home & Garden,1,167.29,0.05,158.93
ORD004636,P0112,Books & Media,1,36.19,0.05,34.38
ORD004636,P0079,Sports,1,134.88,0.0,134.88
ORD004637,P0074,Sports,1,200.27,0.1,180.24
ORD004637,P0031,Home & Garden,1,247.54,0.05,235.16
ORD004638,P0015,Electronics,1,769.37,0.05,730.9
ORD004638,P0088,Beauty,1,98.82,0.0,98.82
ORD004638,P0064,Sports,1,31.33,0.15,26.63
ORD004639,P0022,Home & Garden,2,68.56,0.05,130.26
ORD004639,P0077,Sports,1,167.38,0.0,167.38
ORD004639,P0052,Fashion,1,129.07,0.05,122.62
ORD004639,P0043,Fashion,2,83.9,0.2,134.24
ORD004639,P0042,Fashion,1,113.53,0.0,113.53
ORD004640,P0032,Home & Garden,1,145.88,0.0,145.88
ORD004641,P0079,Sports,1,134.88,0.15,114.65
ORD004641,P0056,Fashion,2,160.14,0.1,288.25
ORD004641,P0051,Fashion,3,21.84,0.0,65.52
ORD004642,P0035,Home & Garden,1,89.13,0.0,89.13
ORD004643,P0014,Electronics,1,127.83,0.1,115.05
ORD004644,P0097,Beauty,2,37.48,0.0,74.96
ORD004644,P0054,Fashion,3,37.85,0.0,113.55
ORD004645,P0034,Home & Garden,1,68.83,0.1,61.95
ORD004646,P0049,Fashion,1,179.38,0.05,170.41
ORD004646,P0063,Sports,1,25.19,0.1,22.67
ORD004647,P0110,Books & Media,2,16.05,0.15,27.28
ORD004648,P0013,Electronics,1,862.63,0.0,862.63
ORD004649,P0090,Beauty,1,56.59,0.0,56.59
ORD004649,P0116,Books & Media,1,12.17,0.2,9.74
ORD004650,P0114,Books & Media,3,34.15,0.0,102.45
ORD004651,P0061,Sports,3,272.82,0.0,818.46
ORD004651,P0001,Electronics,1,592.51,0.0,592.51
ORD004651,P0073,Sports,1,162.52,0.0,162.52
ORD004652,P0104,Books & Media,1,28.85,0.05,27.41
ORD004652,P0032,Home & Garden,1,145.88,0.0,145.88
ORD004652,P0010,Electronics,1,737.02,0.0,737.02
ORD004653,P0030,Home & Garden,1,53.4,0.0,53.4
ORD004653,P0010,Electronics,1,737.02,0.2,589.62
ORD004654,P0087,Beauty,1,61.99,0.05,58.89
ORD004654,P0002,Electronics,2,282.77,0.05,537.26
ORD004654,P0011,Electronics,1,733.95,0.2,587.16
ORD004654,P0051,Fashion,1,21.84,0.15,18.56
ORD004655,P0087,Beauty,1,61.99,0.1,55.79
ORD004655,P0031,Home & Garden,1,247.54,0.0,247.54
ORD004655,P0017,Electronics,1,504.79,0.0,504.79
ORD004656,P0041,Fashion,1,109.82,0.0,109.82
ORD004656,P0008,Electronics,1,601.4,0.0,601.4
ORD004657,P0055,Fashion,1,92.6,0.0,92.6
ORD004658,P0072,Sports,3,111.14,0.15,283.41
ORD004659,P0074,Sports,1,200.27,0.0,200.27
ORD004659,P0054,Fashion,1,37.85,0.0,37.85
ORD004659,P0004,Electronics,1,807.35,0.0,807.35
ORD004660,P0102,Books & Media,1,52.13,0.05,49.52
ORD004660,P0069,Sports,1,47.49,0.0,47.49
ORD004660,P0024,Home & Garden,1,38.74,0.1,34.87
ORD004660,P0051,Fashion,1,21.84,0.05,20.75
ORD004661,P0035,Home & Garden,1,89.13,0.2,71.3
ORD004662,P0007,Electronics,2,71.56,0.0,143.12
ORD004663,P0083,Beauty,1,104.56,0.1,94.1
ORD004663,P0061,Sports,3,272.82,0.0,818.46
ORD004664,P0043,Fashion,1,83.9,0.0,83.9
ORD004664,P0027,Home & Garden,2,77.74,0.0,155.48
ORD004664,P0013,Electronics,2,862.63,0.0,1725.26
ORD004665,P0018,Electronics,3,370.75,0.1,1001.02
ORD004665,P0085,Beauty,1,33.57,0.0,33.57
ORD004665,P0099,Beauty,2,70.54,0.2,112.86
ORD004666,P0004,Electronics,1,807.35,0.1,726.62
ORD004666,P0008,Electronics,1,601.4,0.0,601.4
ORD004666,P0050,Fashion,1,175.37,0.15,149.06
ORD004666,P0104,Books & Media,1,28.85,0.15,24.52
ORD004667,P0022,Home & Garden,1,68.56,0.05,65.13
ORD004668,P0103,Books & Media,1,33.25,0.0,33.25
ORD004668,P0082,Beauty,1,35.18,0.05,33.42
ORD004668,P0006,Electronics,1,234.84,0.0,234.84
ORD004668,P0101,Books & Media,1,58.39,0.0,58.39
ORD004669,P0102,Books & Media,2,52.13,0.0,104.26
ORD004670,P0050,Fashion,1,175.37,0.1,157.83
ORD004671,P0078,Sports,2,64.33,0.0,128.66
ORD004672,P0044,Fashion,2,179.61,0.0,359.22
ORD004672,P0015,Electronics,2,769.37,0.0,1538.74
ORD004672,P0052,Fashion,2,129.07,0.15,219.42
ORD004673,P0016,Electronics,1,735.06,0.0,735.06
ORD004673,P0110,Books & Media,1,16.05,0.1,14.44
ORD004674,P0057,Fashion,1,100.09,0.0,100.09
ORD004675,P0054,Fashion,1,37.85,0.0,37.85
ORD004676,P0034,Home & Garden,2,68.83,0.15,117.01
ORD004677,P0022,Home & Garden,1,68.56,0.0,68.56
ORD004677,P0030,Home & Garden,1,53.4,0.1,48.06
ORD004678,P0084,Beauty,3,36.18,0.0,108.54
ORD004679,P0009,Electronics,2,236.37,0.05,449.1
ORD004680,P0049,Fashion,1,179.38,0.0,179.38
ORD004680,P0059,Fashion,2,67.75,0.1,121.95
ORD004681,P0046,Fashion,1,37.54,0.0,37.54
ORD004681,P0030,Home & Garden,1,53.4,0.0,53.4
ORD004681,P0054,Fashion,2,37.85,0.0,75.7
ORD004681,P0059,Fashion,1,67.75,0.0,67.75
ORD004682,P0085,Beauty,2,33.57,0.0,67.14
ORD004682,P0020,Electronics,2,781.45,0.1,1406.61
ORD004683,P0044,Fashion,1,179.61,0.2,143.69
ORD004683,P0049,Fashion,1,179.38,0.0,179.38
ORD004684,P0105,Books & Media,1,27.71,0.0,27.71
ORD004685,P0038,Home & Garden,1,169.03,0.0,169.03
ORD004686,P0039,Home & Garden,1,229.92,0.0,229.92
ORD004686,P0004,Electronics,1,807.35,0.05,766.98
ORD004686,P0011,Electronics,1,733.95,0.0,733.95
ORD004687,P0018,Electronics,1,370.75,0.0,370.75
ORD004687,P0120,Books & Media,2,38.91,0.0,77.82
ORD004687,P0050,Fashion,1,175.37,0.1,157.83
ORD004688,P0071,Sports,1,179.47,0.05,170.5
ORD004688,P0079,Sports,2,134.88,0.0,269.76
ORD004688,P0062,Sports,1,278.05,0.05,264.15
ORD004688,P0105,Books & Media,1,27.71,0.0,27.71
ORD004689,P0057,Fashion,1,100.09,0.1,90.08
ORD004689,P0032,Home & Garden,3,145.88,0.0,437.64
ORD004689,P0084,Beauty,1,36.18,0.05,34.37
ORD004689,P0055,Fashion,1,92.6,0.15,78.71
ORD004690,P0114,Books & Media,2,34.15,0.1,61.47
ORD004690,P0071,Sports,1,179.47,0.1,161.52
ORD004690,P0082,Beauty,2,35.18,0.0,70.36
ORD004691,P0033,Home & Garden,1,213.07,0.1,191.76
ORD004691,P0022,Home & Garden,2,68.56,0.05,130.26
ORD004691,P0075,Sports,2,90.37,0.0,180.74
ORD004691,P0088,Beauty,1,98.82,0.05,93.88
ORD004692,P0020,Electronics,1,781.45,0.0,781.45
ORD004693,P0011,Electronics,1,733.95,0.0,733.95
ORD004693,P0064,Sports,3,31.33,0.0,93.99
ORD004693,P0074,Sports,1,200.27,0.0,200.27
ORD004693,P0088,Beauty,3,98.82,0.05,281.64
ORD004693,P0052,Fashion,1,129.07,0.1,116.16
ORD004694,P0091,Beauty,1,90.2,0.1,81.18
ORD004695,P0080,Sports,1,99.79,0.0,99.79
ORD004696,P0007,Electronics,1,71.56,0.0,71.56
ORD004696,P0020,Electronics,2,781.45,0.0,1562.9
ORD004696,P0064,Sports,1,31.33,0.05,29.76
ORD004696,P0120,Books & Media,2,38.91,0.0,77.82
ORD004697,P0058,Fashion,3,166.02,0.0,498.06
ORD004697,P0047,Fashion,1,146.73,0.05,139.39
ORD004698,P0112,Books & Media,3,36.19,0.0,108.57
ORD004698,P0051,Fashion,2,21.84,0.0,43.68
ORD004699,P0049,Fashion,1,179.38,0.0,179.38
ORD004700,P0099,Beauty,1,70.54,0.05,67.01
ORD004700,P0009,Electronics,1,236.37,0.0,236.37
ORD004700,P0060,Fashion,2,117.44,0.0,234.88
ORD004701,P0110,Books & Media,3,16.05,0.0,48.15
ORD004702,P0035,Home & Garden,1,89.13,0.05,84.67
ORD004702,P0105,Books & Media,1,27.71,0.0,27.71
ORD004702,P0046,Fashion,1,37.54,0.05,35.66
ORD004703,P0037,Home & Garden,1,220.95,0.05,209.9
ORD004704,P0056,Fashion,1,160.14,0.0,160.14
ORD004705,P0024,Home & Garden,1,38.74,0.0,38.74
ORD004706,P0050,Fashion,3,175.37,0.2,420.89
ORD004706,P0046,Fashion,2,37.54,0.0,75.08
ORD004707,P0102,Books & Media,2,52.13,0.0,104.26
ORD004707,P0119,Books & Media,1,54.29,0.05,51.58
ORD004708,P0001,Electronics,2,592.51,0.0,1185.02
ORD004709,P0035,Home & Garden,1,89.13,0.1,80.22
ORD004710,P0081,Beauty,1,17.81,0.05,16.92
ORD004711,P0057,Fashion,1,100.09,0.0,100.09
ORD004711,P0097,Beauty,2,37.48,0.15,63.72
ORD004711,P0043,Fashion,1,83.9,0.15,71.32
ORD004711,P0017,Electronics,1,504.79,0.05,479.55
ORD004712,P0113,Books & Media,3,10.97,0.0,32.91
ORD004713,P0029,Home & Garden,1,55.22,0.0,55.22
ORD004714,P0100,Beauty,1,119.92,0.1,107.93
ORD004714,P0033,Home & Garden,2,213.07,0.0,426.14
ORD004715,P0112,Books & Media,1,36.19,0.0,36.19
ORD004716,P0014,Electronics,3,127.83,0.0,383.49
ORD004717,P0074,Sports,1,200.27,0.0,200.27
ORD004718,P0049,Fashion,1,179.38,0.0,179.38
ORD004718,P0041,Fashion,1,109.82,0.05,104.33
ORD004719,P0014,Electronics,1,127.83,0.0,127.83
ORD004719,P0031,Home & Garden,1,247.54,0.05,235.16
ORD004720,P0013,Electronics,2,862.63,0.15,1466.47
ORD004720,P0110,Books & Media,1,16.05,0.0,16.05
ORD004721,P0084,Beauty,1,36.18,0.0,36.18
ORD004721,P0087,Beauty,1,61.99,0.05,58.89
ORD004722,P0054,Fashion,1,37.85,0.0,37.85
ORD004722,P0044,Fashion,1,179.61,0.0,179.61
ORD004723,P0012,Electronics,1,338.21,0.05,321.3
ORD004724,P0014,Electronics,3,127.83,0.0,383.49
ORD004724,P0043,Fashion,2,83.9,0.05,159.41
ORD004724,P0010,Electronics,2,737.02,0.0,1474.04
ORD004725,P0031,Home & Garden,1,247.54,0.0,247.54
ORD004725,P0120,Books & Media,1,38.91,0.0,38.91
ORD004726,P0093,Beauty,1,54.29,0.2,43.43
ORD004727,P0014,Electronics,1,127.83,0.05,121.44
ORD004728,P0006,Electronics,2,234.84,0.1,422.71
ORD004728,P0119,Books & Media,1,54.29,0.1,48.86
ORD004729,P0001,Electronics,2,592.51,0.05,1125.77
ORD004729,P0115,Books & Media,2,16.19,0.05,30.76
ORD004730,P0117,Books & Media,3,38.94,0.0,116.82
ORD004731,P0055,Fashion,1,92.6,0.0,92.6
ORD004732,P0024,Home & Garden,1,38.74,0.05,36.8
ORD004733,P0006,Electronics,1,234.84,0.1,211.36
ORD004733,P0009,Electronics,1,236.37,0.15,200.91
ORD004734,P0008,Electronics,2,601.4,0.05,1142.66
ORD004735,P0096,Beauty,1,56.41,0.0,56.41
ORD004735,P0038,Home & Garden,1,169.03,0.15,143.68
ORD004736,P0120,Books & Media,1,38.91,0.0,38.91
ORD004736,P0055,Fashion,1,92.6,0.0,92.6
ORD004736,P0049,Fashion,1,179.38,0.0,179.38
ORD004737,P0013,Electronics,1,862.63,0.0,862.63
ORD004737,P0033,Home & Garden,2,213.07,0.0,426.14
ORD004738,P0026,Home & Garden,2,101.99,0.0,203.98
ORD004738,P0105,Books & Media,1,27.71,0.1,24.94
ORD004739,P0023,Home & Garden,1,33.75,0.1,30.38
ORD004740,P0022,Home & Garden,1,68.56,0.05,65.13
ORD004741,P0103,Books & Media,1,33.25,0.1,29.92
ORD004741,P0116,Books & Media,1,12.17,0.0,12.17
ORD004741,P0004,Electronics,1,807.35,0.1,726.62
ORD004741,P0090,Beauty,1,56.59,0.0,56.59
ORD004742,P0024,Home & Garden,1,38.74,0.05,36.8
ORD004742,P0068,Sports,1,52.84,0.05,50.2
ORD004742,P0033,Home & Garden,1,213.07,0.1,191.76
ORD004742,P0067,Sports,1,310.35,0.15,263.8
ORD004743,P0101,Books & Media,1,58.39,0.05,55.47
ORD004744,P0004,Electronics,1,807.35,0.1,726.62
ORD004745,P0041,Fashion,2,109.82,0.05,208.66
ORD004745,P0012,Electronics,1,338.21,0.0,338.21
ORD004745,P0080,Sports,1,99.79,0.0,99.79
ORD004745,P0024,Home & Garden,1,38.74,0.05,36.8
ORD004746,P0120,Books & Media,1,38.91,0.1,35.02
ORD004746,P0004,Electronics,2,807.35,0.0,1614.7
ORD004746,P0073,Sports,1,162.52,0.0,162.52
ORD004746,P0099,Beauty,2,70.54,0.1,126.97
ORD004747,P0044,Fashion,1,179.61,0.0,179.61
ORD004747,P0049,Fashion,1,179.38,0.0,179.38
ORD004747,P0057,Fashion,1,100.09,0.05,95.09
ORD004747,P0011,Electronics,1,733.95,0.0,733.95
ORD004748,P0011,Electronics,1,733.95,0.0,733.95
ORD004749,P0115,Books & Media,3,16.19,0.0,48.57
ORD004749,P0043,Fashion,1,83.9,0.1,75.51
ORD004750,P0009,Electronics,1,236.37,0.0,236.37
ORD004751,P0009,Electronics,3,236.37,0.0,709.11
ORD004751,P0022,Home & Garden,2,68.56,0.15,116.55
ORD004752,P0036,Home & Garden,1,64.58,0.05,61.35
ORD004752,P0004,Electronics,1,807.35,0.05,766.98
ORD004752,P0011,Electronics,2,733.95,0.0,1467.9
ORD004752,P0084,Beauty,1,36.18,0.0,36.18
ORD004753,P0039,Home & Garden,2,229.92,0.0,459.84
ORD004753,P0098,Beauty,3,58.74,0.1,158.6
ORD004753,P0031,Home & Garden,1,247.54,0.05,235.16
ORD004753,P0076,Sports,1,348.42,0.0,348.42
ORD004754,P0017,Electronics,1,504.79,0.0,504.79
ORD004755,P0078,Sports,1,64.33,0.0,64.33
ORD004756,P0060,Fashion,2,117.44,0.05,223.14
ORD004757,P0091,Beauty,3,90.2,0.2,216.48
ORD004757,P0005,Electronics,2,407.63,0.0,815.26
ORD004757,P0056,Fashion,3,160.14,0.0,480.42
ORD004758,P0026,Home & Garden,1,101.99,0.1,91.79
ORD004759,P0037,Home & Garden,2,220.95,0.05,419.8
ORD004759,P0093,Beauty,1,54.29,0.05,51.58
ORD004760,P0029,Home & Garden,1,55.22,0.0,55.22
ORD004761,P0057,Fashion,1,100.09,0.1,90.08
ORD004762,P0054,Fashion,1,37.85,0.05,35.96
ORD004763,P0096,Beauty,1,56.41,0.0,56.41
ORD004763,P0046,Fashion,2,37.54,0.0,75.08
ORD004763,P0044,Fashion,1,179.61,0.0,179.61
ORD004763,P0089,Beauty,1,20.66,0.1,18.59
ORD004763,P0004,Electronics,1,807.35,0.0,807.35
ORD004764,P0114,Books & Media,1,34.15,0.2,27.32
ORD004764,P0014,Electronics,3,127.83,0.1,345.14
ORD004764,P0117,Books & Media,1,38.94,0.05,36.99
ORD004764,P0008,Electronics,1,601.4,0.1,541.26
ORD004765,P0083,Beauty,1,104.56,0.0,104.56
ORD004766,P0043,Fashion,1,83.9,0.0,83.9
ORD004767,P0023,Home & Garden,2,33.75,0.1,60.75
ORD004768,P0052,Fashion,2,129.07,0.0,258.14
ORD004768,P0063,Sports,1,25.19,0.1,22.67
ORD004769,P0075,Sports,1,90.37,0.1,81.33
ORD004770,P0052,Fashion,1,129.07,0.0,129.07
ORD004770,P0020,Electronics,1,781.45,0.05,742.38
ORD004770,P0006,Electronics,1,234.84,0.1,211.36
ORD004771,P0035,Home & Garden,1,89.13,0.0,89.13
ORD004771,P0055,Fashion,2,92.6,0.1,166.68
ORD004771,P0019,Electronics,2,753.99,0.0,1507.98
ORD004772,P0033,Home & Garden,3,213.07,0.05,607.25
ORD004773,P0119,Books & Media,1,54.29,0.1,48.86
ORD004774,P0074,Sports,1,200.27,0.0,200.27
ORD004775,P0051,Fashion,1,21.84,0.0,21.84
ORD004775,P0109,Books & Media,2,36.9,0.05,70.11
ORD004776,P0108,Books & Media,1,57.78,0.0,57.78
ORD004776,P0049,Fashion,1,179.38,0.0,179.38
ORD004776,P0009,Electronics,3,236.37,0.05,673.65
ORD004777,P0001,Electronics,1,592.51,0.1,533.26
ORD004777,P0024,Home & Garden,1,38.74,0.1,34.87
ORD004778,P0004,Electronics,1,807.35,0.0,807.35
ORD004779,P0032,Home & Garden,1,145.88,0.15,124.0
ORD004780,P0119,Books & Media,1,54.29,0.1,48.86
ORD004780,P0009,Electronics,1,236.37,0.0,236.37
ORD004781,P0052,Fashion,1,129.07,0.05,122.62
ORD004781,P0001,Electronics,1,592.51,0.15,503.63
ORD004782,P0017,Electronics,1,504.79,0.05,479.55
ORD004783,P0116,Books & Media,1,12.17,0.1,10.95
ORD004783,P0045,Fashion,1,34.55,0.15,29.37
ORD004783,P0082,Beauty,1,35.18,0.05,33.42
ORD004784,P0015,Electronics,1,769.37,0.0,769.37
ORD004785,P0051,Fashion,1,21.84,0.0,21.84
ORD004786,P0078,Sports,1,64.33,0.15,54.68
ORD004786,P0005,Electronics,3,407.63,0.1,1100.6
ORD004787,P0017,Electronics,1,504.79,0.0,504.79
ORD004787,P0030,Home & Garden,2,53.4,0.0,106.8
ORD004788,P0081,Beauty,1,17.81,0.0,17.81
ORD004788,P0107,Books & Media,1,31.66,0.0,31.66
ORD004789,P0020,Electronics,1,781.45,0.0,781.45
ORD004789,P0034,Home & Garden,2,68.83,0.0,137.66
ORD004790,P0021,Home & Garden,1,180.57,0.05,171.54
ORD004790,P0043,Fashion,1,83.9,0.0,83.9
ORD004790,P0027,Home & Garden,1,77.74,0.0,77.74
ORD004791,P0089,Beauty,1,20.66,0.0,20.66
ORD004791,P0010,Electronics,1,737.02,0.0,737.02
ORD004791,P0033,Home & Garden,1,213.07,0.1,191.76
ORD004791,P0081,Beauty,1,17.81,0.0,17.81
ORD004792,P0011,Electronics,3,733.95,0.1,1981.67
ORD004793,P0068,Sports,1,52.84,0.0,52.84
ORD004793,P0114,Books & Media,1,34.15,0.15,29.03
ORD004794,P0006,Electronics,1,234.84,0.15,199.61
ORD004795,P0106,Books & Media,1,21.79,0.1,19.61
ORD004795,P0014,Electronics,1,127.83,0.0,127.83
ORD004796,P0036,Home & Garden,1,64.58,0.15,54.89
ORD004797,P0111,Books & Media,2,58.37,0.0,116.74
ORD004797,P0036,Home & Garden,2,64.58,0.0,129.16
ORD004798,P0099,Beauty,1,70.54,0.0,70.54
ORD004798,P0116,Books & Media,1,12.17,0.05,11.56
ORD004799,P0038,Home & Garden,2,169.03,0.0,338.06
ORD004800,P0005,Electronics,1,407.63,0.0,407.63
ORD004800,P0063,Sports,2,25.19,0.0,50.38
ORD004800,P0052,Fashion,2,129.07,0.0,258.14
ORD004801,P0069,Sports,1,47.49,0.05,45.12
ORD004801,P0032,Home & Garden,1,145.88,0.1,131.29
ORD004801,P0011,Electronics,1,733.95,0.0,733.95
ORD004801,P0010,Electronics,2,737.02,0.0,1474.04
ORD004801,P0094,Beauty,1,104.78,0.1,94.3
ORD004802,P0004,Electronics,1,807.35,0.0,807.35
ORD004803,P0042,Fashion,1,113.53,0.2,90.82
ORD004804,P0064,Sports,1,31.33,0.05,29.76
ORD004804,P0014,Electronics,1,127.83,0.0,127.83
ORD004804,P0037,Home & Garden,1,220.95,0.05,209.9
ORD004805,P0043,Fashion,2,83.9,0.0,167.8
ORD004806,P0092,Beauty,1,118.26,0.0,118.26
ORD004806,P0047,Fashion,1,146.73,0.05,139.39
ORD004806,P0070,Sports,1,273.9,0.0,273.9
ORD004807,P0063,Sports,1,25.19,0.15,21.41
ORD004807,P0004,Electronics,1,807.35,0.15,686.25
ORD004808,P0022,Home & Garden,1,68.56,0.1,61.7
ORD004808,P0037,Home & Garden,2,220.95,0.05,419.8
ORD004808,P0068,Sports,1,52.84,0.0,52.84
ORD004809,P0003,Electronics,3,675.0,0.15,1721.25
ORD004809,P0062,Sports,1,278.05,0.0,278.05
ORD004810,P0085,Beauty,1,33.57,0.0,33.57
ORD004810,P0084,Beauty,2,36.18,0.0,72.36
ORD004810,P0092,Beauty,1,118.26,0.0,118.26
ORD004811,P0120,Books & Media,1,38.91,0.2,31.13
ORD004811,P0039,Home & Garden,1,229.92,0.05,218.42
ORD004811,P0050,Fashion,1,175.37,0.0,175.37
ORD004812,P0056,Fashion,1,160.14,0.15,136.12
ORD004813,P0106,Books & Media,1,21.79,0.0,21.79
ORD004814,P0050,Fashion,2,175.37,0.05,333.2
ORD004815,P0075,Sports,1,90.37,0.0,90.37
ORD004816,P0107,Books & Media,1,31.66,0.1,28.49
ORD004817,P0111,Books & Media,1,58.37,0.15,49.61
ORD004817,P0084,Beauty,2,36.18,0.05,68.74
ORD004818,P0030,Home & Garden,2,53.4,0.0,106.8
ORD004818,P0097,Beauty,1,37.48,0.0,37.48
ORD004818,P0111,Books & Media,1,58.37,0.05,55.45
ORD004819,P0006,Electronics,2,234.84,0.1,422.71
ORD004819,P0041,Fashion,1,109.82,0.0,109.82
ORD004819,P0013,Electronics,1,862.63,0.0,862.63
ORD004820,P0033,Home & Garden,2,213.07,0.05,404.83
ORD004821,P0071,Sports,1,179.47,0.05,170.5
ORD004821,P0060,Fashion,2,117.44,0.0,234.88
ORD004821,P0050,Fashion,1,175.37,0.0,175.37
ORD004822,P0010,Electronics,3,737.02,0.0,2211.06
ORD004823,P0030,Home & Garden,2,53.4,0.05,101.46
ORD004823,P0067,Sports,1,310.35,0.2,248.28
ORD004823,P0015,Electronics,1,769.37,0.0,769.37
ORD004824,P0060,Fashion,1,117.44,0.0,117.44
ORD004824,P0021,Home & Garden,1,180.57,0.0,180.57
ORD004825,P0119,Books & Media,3,54.29,0.1,146.58
ORD004825,P0006,Electronics,1,234.84,0.05,223.1
ORD004825,P0012,Electronics,1,338.21,0.0,338.21
ORD004825,P0011,Electronics,1,733.95,0.1,660.56
ORD004826,P0045,Fashion,1,34.55,0.1,31.1
ORD004827,P0005,Electronics,1,407.63,0.05,387.25
ORD004828,P0043,Fashion,1,83.9,0.0,83.9
ORD004828,P0071,Sports,2,179.47,0.1,323.05
ORD004828,P0049,Fashion,2,179.38,0.15,304.95
ORD004829,P0028,Home & Garden,1,167.29,0.0,167.29
ORD004829,P0003,Electronics,1,675.0,0.05,641.25
ORD004830,P0055,Fashion,3,92.6,0.0,277.8
ORD004831,P0063,Sports,1,25.19,0.2,20.15
ORD004832,P0032,Home & Garden,1,145.88,0.0,145.88
ORD004833,P0014,Electronics,2,127.83,0.0,255.66
ORD004833,P0068,Sports,1,52.84,0.0,52.84
ORD004834,P0057,Fashion,1,100.09,0.2,80.07
ORD004834,P0005,Electronics,1,407.63,0.0,407.63
ORD004834,P0014,Electronics,2,127.83,0.0,255.66
ORD004835,P0117,Books & Media,1,38.94,0.05,36.99
ORD004835,P0118,Books & Media,1,20.23,0.05,19.22
ORD004836,P0110,Books & Media,1,16.05,0.05,15.25
ORD004837,P0114,Books & Media,2,34.15,0.0,68.3
ORD004837,P0092,Beauty,2,118.26,0.05,224.69
ORD004838,P0003,Electronics,1,675.0,0.0,675.0
ORD004838,P0016,Electronics,1,735.06,0.05,698.31
ORD004838,P0104,Books & Media,1,28.85,0.2,23.08
ORD004838,P0013,Electronics,1,862.63,0.0,862.63
ORD004838,P0107,Books & Media,3,31.66,0.0,94.98
ORD004839,P0037,Home & Garden,1,220.95,0.2,176.76
ORD004840,P0101,Books & Media,2,58.39,0.05,110.94
ORD004841,P0055,Fashion,1,92.6,0.1,83.34
ORD004842,P0034,Home & Garden,2,68.83,0.0,137.66
ORD004842,P0063,Sports,2,25.19,0.0,50.38
ORD004843,P0044,Fashion,1,179.61,0.0,179.61
ORD004843,P0044,Fashion,2,179.61,0.0,359.22
ORD004844,P0008,Electronics,1,601.4,0.0,601.4
ORD004844,P0106,Books & Media,3,21.79,0.15,55.56
ORD004845,P0105,Books & Media,1,27.71,0.05,26.32
ORD004846,P0036,Home & Garden,1,64.58,0.15,54.89
ORD004846,P0006,Electronics,2,234.84,0.0,469.68
ORD004847,P0025,Home & Garden,2,164.39,0.05,312.34
ORD004847,P0064,Sports,3,31.33,0.0,93.99
ORD004847,P0119,Books & Media,1,54.29,0.1,48.86
ORD004848,P0047,Fashion,1,146.73,0.1,132.06
ORD004848,P0083,Beauty,1,104.56,0.0,104.56
ORD004848,P0086,Beauty,2,112.91,0.0,225.82
ORD004849,P0041,Fashion,1,109.82,0.0,109.82
ORD004850,P0117,Books & Media,2,38.94,0.0,77.88
ORD004850,P0025,Home & Garden,1,164.39,0.0,164.39
ORD004851,P0055,Fashion,1,92.6,0.05,87.97
ORD004851,P0006,Electronics,1,234.84,0.0,234.84
ORD004851,P0118,Books & Media,1,20.23,0.05,19.22
ORD004852,P0041,Fashion,2,109.82,0.05,208.66
ORD004853,P0056,Fashion,1,160.14,0.0,160.14
ORD004853,P0015,Electronics,1,769.37,0.0,769.37
ORD004853,P0036,Home & Garden,1,64.58,0.1,58.12
ORD004853,P0002,Electronics,2,282.77,0.05,537.26
ORD004854,P0065,Sports,1,310.58,0.0,310.58
ORD004854,P0105,Books & Media,1,27.71,0.05,26.32
ORD004854,P0008,Electronics,1,601.4,0.0,601.4
ORD004855,P0052,Fashion,1,129.07,0.0,129.07
ORD004855,P0021,Home & Garden,3,180.57,0.0,541.71
ORD004856,P0036,Home & Garden,1,64.58,0.0,64.58
ORD004856,P0094,Beauty,1,104.78,0.0,104.78
ORD004857,P0020,Electronics,1,781.45,0.05,742.38
ORD004857,P0120,Books & Media,2,38.91,0.0,77.82
ORD004857,P0027,Home & Garden,2,77.74,0.1,139.93
ORD004857,P0058,Fashion,2,166.02,0.0,332.04
ORD004858,P0079,Sports,1,134.88,0.0,134.88
ORD004858,P0075,Sports,1,90.37,0.0,90.37
ORD004859,P0078,Sports,1,64.33,0.2,51.46
ORD004860,P0112,Books & Media,1,36.19,0.0,36.19
ORD004861,P0057,Fashion,1,100.09,0.0,100.09
ORD004862,P0055,Fashion,3,92.6,0.0,277.8
ORD004863,P0105,Books & Media,1,27.71,0.15,23.55
ORD004864,P0029,Home & Garden,2,55.22,0.0,110.44
ORD004864,P0036,Home & Garden,1,64.58,0.0,64.58
ORD004864,P0006,Electronics,1,234.84,0.0,234.84
ORD004865,P0022,Home & Garden,1,68.56,0.05,65.13
ORD004866,P0067,Sports,1,310.35,0.05,294.83
ORD004867,P0048,Fashion,1,30.16,0.1,27.14
ORD004867,P0038,Home & Garden,2,169.03,0.0,338.06
ORD004868,P0016,Electronics,1,735.06,0.0,735.06
ORD004868,P0103,Books & Media,2,33.25,0.1,59.85
ORD004868,P0044,Fashion,1,179.61,0.0,179.61
ORD004869,P0027,Home & Garden,1,77.74,0.0,77.74
ORD004870,P0018,Electronics,1,370.75,0.05,352.21
ORD004871,P0071,Sports,1,179.47,0.2,143.58
ORD004871,P0083,Beauty,1,104.56,0.1,94.1
ORD004871,P0005,Electronics,1,407.63,0.0,407.63
ORD004872,P0028,Home & Garden,1,167.29,0.1,150.56
ORD004873,P0098,Beauty,2,58.74,0.15,99.86
ORD004874,P0002,Electronics,1,282.77,0.0,282.77
ORD004875,P0021,Home & Garden,1,180.57,0.15,153.48
ORD004875,P0031,Home & Garden,1,247.54,0.05,235.16
ORD004876,P0117,Books & Media,1,38.94,0.1,35.05
ORD004876,P0007,Electronics,2,71.56,0.0,143.12
ORD004876,P0013,Electronics,2,862.63,0.0,1725.26
ORD004877,P0039,Home & Garden,1,229.92,0.05,218.42
ORD004877,P0006,Electronics,1,234.84,0.0,234.84
ORD004878,P0062,Sports,1,278.05,0.1,250.24
ORD004878,P0093,Beauty,1,54.29,0.2,43.43
ORD004878,P0016,Electronics,1,735.06,0.0,735.06
ORD004879,P0078,Sports,1,64.33,0.0,64.33
ORD004880,P0010,Electronics,1,737.02,0.0,737.02
ORD004880,P0049,Fashion,1,179.38,0.0,179.38
ORD004880,P0106,Books & Media,3,21.79,0.15,55.56
ORD004881,P0077,Sports,1,167.38,0.0,167.38
ORD004881,P0063,Sports,1,25.19,0.0,25.19
ORD004881,P0014,Electronics,1,127.83,0.0,127.83
ORD004882,P0023,Home & Garden,1,33.75,0.0,33.75
ORD004883,P0081,Beauty,2,17.81,0.1,32.06
ORD004884,P0038,Home & Garden,1,169.03,0.0,169.03
ORD004885,P0057,Fashion,1,100.09,0.1,90.08
ORD004885,P0043,Fashion,1,83.9,0.1,75.51
ORD004885,P0065,Sports,2,310.58,0.2,496.93
ORD004886,P0115,Books & Media,1,16.19,0.2,12.95
ORD004886,P0040,Home & Garden,2,77.25,0.1,139.05
ORD004887,P0055,Fashion,1,92.6,0.0,92.6
ORD004888,P0113,Books & Media,1,10.97,0.1,9.87
ORD004888,P0009,Electronics,2,236.37,0.0,472.74
ORD004889,P0085,Beauty,1,33.57,0.1,30.21
ORD004889,P0015,Electronics,2,769.37,0.0,1538.74
ORD004890,P0015,Electronics,2,769.37,0.15,1307.93
ORD004891,P0017,Electronics,2,504.79,0.1,908.62
ORD004891,P0043,Fashion,1,83.9,0.05,79.7
ORD004892,P0022,Home & Garden,2,68.56,0.0,137.12
ORD004893,P0098,Beauty,1,58.74,0.0,58.74
ORD004894,P0035,Home & Garden,1,89.13,0.0,89.13
ORD004895,P0037,Home & Garden,2,220.95,0.0,441.9
ORD004896,P0026,Home & Garden,3,101.99,0.05,290.67
ORD004897,P0010,Electronics,1,737.02,0.1,663.32
ORD004897,P0102,Books & Media,1,52.13,0.0,52.13
ORD004897,P0014,Electronics,1,127.83,0.15,108.66
ORD004897,P0099,Beauty,2,70.54,0.0,141.08
ORD004898,P0012,Electronics,1,338.21,0.05,321.3
ORD004899,P0068,Sports,1,52.84,0.1,47.56
ORD004900,P0101,Books & Media,2,58.39,0.0,116.78
ORD004901,P0005,Electronics,1,407.63,0.0,407.63
ORD004902,P0056,Fashion,2,160.14,0.15,272.24
ORD004902,P0091,Beauty,2,90.2,0.0,180.4
ORD004902,P0010,Electronics,1,737.02,0.0,737.02
ORD004903,P0048,Fashion,1,30.16,0.2,24.13
ORD004904,P0022,Home & Garden,1,68.56,0.2,54.85
ORD004905,P0078,Sports,3,64.33,0.15,164.04
ORD004905,P0091,Beauty,3,90.2,0.0,270.6
ORD004906,P0060,Fashion,1,117.44,0.0,117.44
ORD004906,P0054,Fashion,1,37.85,0.0,37.85
ORD004906,P0048,Fashion,1,30.16,0.0,30.16
ORD004906,P0087,Beauty,1,61.99,0.2,49.59
ORD004907,P0104,Books & Media,1,28.85,0.05,27.41
ORD004908,P0062,Sports,2,278.05,0.0,556.1
ORD004908,P0005,Electronics,1,407.63,0.0,407.63
ORD004908,P0008,Electronics,1,601.4,0.05,571.33
ORD004909,P0023,Home & Garden,1,33.75,0.05,32.06
ORD004910,P0050,Fashion,1,175.37,0.0,175.37
ORD004910,P0042,Fashion,1,113.53,0.0,113.53
ORD004911,P0019,Electronics,1,753.99,0.0,753.99
ORD004911,P0116,Books & Media,1,12.17,0.05,11.56
ORD004912,P0018,Electronics,2,370.75,0.0,741.5
ORD004913,P0017,Electronics,1,504.79,0.0,504.79
ORD004913,P0052,Fashion,1,129.07,0.0,129.07
ORD004913,P0117,Books & Media,1,38.94,0.0,38.94
ORD004914,P0092,Beauty,2,118.26,0.0,236.52
ORD004915,P0067,Sports,1,310.35,0.0,310.35
ORD004915,P0038,Home & Garden,2,169.03,0.1,304.25
ORD004915,P0089,Beauty,1,20.66,0.05,19.63
ORD004915,P0013,Electronics,2,862.63,0.1,1552.73
ORD004916,P0023,Home & Garden,2,33.75,0.15,57.38
ORD004916,P0052,Fashion,2,129.07,0.0,258.14
ORD004916,P0085,Beauty,2,33.57,0.1,60.43
ORD004917,P0035,Home & Garden,1,89.13,0.0,89.13
ORD004918,P0008,Electronics,1,601.4,0.1,541.26
ORD004918,P0011,Electronics,1,733.95,0.0,733.95
ORD004918,P0104,Books & Media,3,28.85,0.0,86.55
ORD004919,P0083,Beauty,1,104.56,0.0,104.56
ORD004919,P0083,Beauty,2,104.56,0.0,209.12
ORD004920,P0097,Beauty,1,37.48,0.05,35.61
ORD004920,P0088,Beauty,1,98.82,0.0,98.82
ORD004920,P0038,Home & Garden,2,169.03,0.0,338.06
ORD004921,P0052,Fashion,1,129.07,0.0,129.07
ORD004922,P0034,Home & Garden,1,68.83,0.1,61.95
ORD004922,P0013,Electronics,1,862.63,0.15,733.24
ORD004923,P0020,Electronics,2,781.45,0.0,1562.9
ORD004924,P0071,Sports,1,179.47,0.1,161.52
ORD004924,P0009,Electronics,1,236.37,0.2,189.1
ORD004924,P0054,Fashion,3,37.85,0.0,113.55
ORD004924,P0003,Electronics,1,675.0,0.0,675.0
ORD004925,P0079,Sports,1,134.88,0.05,128.14
ORD004926,P0064,Sports,2,31.33,0.05,59.53
ORD004927,P0033,Home & Garden,1,213.07,0.0,213.07
ORD004928,P0057,Fashion,1,100.09,0.0,100.09
ORD004929,P0064,Sports,2,31.33,0.0,62.66
ORD004930,P0061,Sports,2,272.82,0.05,518.36
ORD004930,P0046,Fashion,1,37.54,0.15,31.91
ORD004930,P0010,Electronics,2,737.02,0.0,1474.04
ORD004930,P0030,Home & Garden,1,53.4,0.0,53.4
ORD004930,P0003,Electronics,3,675.0,0.0,2025.0
ORD004931,P0041,Fashion,1,109.82,0.05,104.33
ORD004931,P0046,Fashion,2,37.54,0.1,67.57
ORD004931,P0105,Books & Media,3,27.71,0.2,66.5
ORD004931,P0095,Beauty,1,30.92,0.0,30.92
ORD004931,P0041,Fashion,1,109.82,0.1,98.84
ORD004932,P0036,Home & Garden,2,64.58,0.0,129.16
ORD004933,P0084,Beauty,2,36.18,0.0,72.36
ORD004933,P0048,Fashion,1,30.16,0.05,28.65
ORD004933,P0064,Sports,1,31.33,0.05,29.76
ORD004934,P0067,Sports,1,310.35,0.0,310.35
ORD004934,P0018,Electronics,2,370.75,0.0,741.5
ORD004935,P0012,Electronics,1,338.21,0.0,338.21
ORD004936,P0088,Beauty,1,98.82,0.0,98.82
ORD004936,P0102,Books & Media,1,52.13,0.05,49.52
ORD004937,P0035,Home & Garden,1,89.13,0.0,89.13
ORD004938,P0008,Electronics,1,601.4,0.1,541.26
ORD004938,P0009,Electronics,1,236.37,0.1,212.73
ORD004938,P0097,Beauty,1,37.48,0.0,37.48
ORD004938,P0035,Home & Garden,1,89.13,0.0,89.13
ORD004939,P0071,Sports,1,179.47,0.1,161.52
ORD004939,P0016,Electronics,2,735.06,0.05,1396.61
ORD004939,P0042,Fashion,1,113.53,0.0,113.53
ORD004940,P0115,Books & Media,1,16.19,0.0,16.19
ORD004940,P0112,Books & Media,1,36.19,0.0,36.19
ORD004940,P0038,Home & Garden,1,169.03,0.0,169.03
ORD004940,P0041,Fashion,1,109.82,0.0,109.82
ORD004941,P0070,Sports,1,273.9,0.0,273.9
ORD004941,P0045,Fashion,2,34.55,0.0,69.1
ORD004941,P0057,Fashion,3,100.09,0.1,270.24
ORD004942,P0044,Fashion,1,179.61,0.05,170.63
ORD004942,P0062,Sports,1,278.05,0.05,264.15
ORD004942,P0043,Fashion,1,83.9,0.1,75.51
ORD004943,P0064,Sports,1,31.33,0.1,28.2
ORD004943,P0098,Beauty,1,58.74,0.1,52.87
ORD004944,P0032,Home & Garden,1,145.88,0.0,145.88
ORD004944,P0014,Electronics,1,127.83,0.0,127.83
ORD004945,P0009,Electronics,1,236.37,0.0,236.37
ORD004945,P0087,Beauty,1,61.99,0.0,61.99
ORD004946,P0104,Books & Media,1,28.85,0.1,25.97
ORD004946,P0100,Beauty,1,119.92,0.05,113.92
ORD004946,P0002,Electronics,1,282.77,0.0,282.77
ORD004946,P0001,Electronics,1,592.51,0.15,503.63
ORD004947,P0061,Sports,1,272.82,0.15,231.9
ORD004947,P0004,Electronics,1,807.35,0.05,766.98
ORD004947,P0101,Books & Media,1,58.39,0.0,58.39
ORD004948,P0057,Fashion,1,100.09,0.0,100.09
ORD004949,P0035,Home & Garden,2,89.13,0.0,178.26
ORD004949,P0023,Home & Garden,1,33.75,0.0,33.75
ORD004949,P0022,Home & Garden,1,68.56,0.0,68.56
ORD004949,P0115,Books & Media,1,16.19,0.2,12.95
ORD004949,P0093,Beauty,1,54.29,0.05,51.58
ORD004950,P0056,Fashion,1,160.14,0.15,136.12
ORD004951,P0065,Sports,1,310.58,0.0,310.58
ORD004952,P0008,Electronics,1,601.4,0.0,601.4
ORD004952,P0091,Beauty,1,90.2,0.1,81.18
ORD004952,P0014,Electronics,1,127.83,0.0,127.83
ORD004953,P0017,Electronics,1,504.79,0.15,429.07
ORD004954,P0072,Sports,2,111.14,0.05,211.17
ORD004954,P0071,Sports,1,179.47,0.15,152.55
ORD004954,P0069,Sports,1,47.49,0.0,47.49
ORD004955,P0075,Sports,1,90.37,0.05,85.85
ORD004956,P0051,Fashion,1,21.84,0.15,18.56
ORD004956,P0059,Fashion,1,67.75,0.1,60.98
ORD004957,P0022,Home & Garden,1,68.56,0.05,65.13
ORD004957,P0107,Books & Media,1,31.66,0.0,31.66
ORD004958,P0058,Fashion,2,166.02,0.0,332.04
ORD004959,P0120,Books & Media,1,38.91,0.2,31.13
ORD004960,P0001,Electronics,3,592.51,0.1,1599.78
ORD004961,P0099,Beauty,1,70.54,0.0,70.54
ORD004961,P0027,Home & Garden,1,77.74,0.0,77.74
ORD004962,P0011,Electronics,1,733.95,0.2,587.16
ORD004962,P0034,Home & Garden,2,68.83,0.0,137.66
ORD004963,P0055,Fashion,1,92.6,0.0,92.6
ORD004964,P0049,Fashion,2,179.38,0.0,358.76
ORD004965,P0013,Electronics,1,862.63,0.0,862.63
ORD004965,P0087,Beauty,3,61.99,0.0,185.97
ORD004965,P0111,Books & Media,3,58.37,0.05,166.35
ORD004965,P0021,Home & Garden,1,180.57,0.05,171.54
ORD004966,P0106,Books & Media,2,21.79,0.1,39.22
ORD004966,P0006,Electronics,3,234.84,0.0,704.52
ORD004966,P0007,Electronics,2,71.56,0.05,135.96
ORD004966,P0018,Electronics,3,370.75,0.05,1056.64
ORD004966,P0115,Books & Media,2,16.19,0.15,27.52
ORD004967,P0091,Beauty,1,90.2,0.0,90.2
ORD004967,P0005,Electronics,1,407.63,0.05,387.25
ORD004967,P0069,Sports,1,47.49,0.0,47.49
ORD004968,P0030,Home & Garden,1,53.4,0.0,53.4
ORD004968,P0039,Home & Garden,1,229.92,0.05,218.42
ORD004968,P0039,Home & Garden,1,229.92,0.0,229.92
ORD004968,P0024,Home & Garden,3,38.74,0.0,116.22
ORD004969,P0004,Electronics,1,807.35,0.0,807.35
ORD004970,P0031,Home & Garden,1,247.54,0.05,235.16
ORD004971,P0075,Sports,1,90.37,0.0,90.37
ORD004971,P0014,Electronics,1,127.83,0.0,127.83
ORD004972,P0028,Home & Garden,2,167.29,0.0,334.58
ORD004973,P0064,Sports,1,31.33,0.0,31.33
ORD004973,P0006,Electronics,2,234.84,0.0,469.68
ORD004974,P0020,Electronics,1,781.45,0.0,781.45
ORD004975,P0080,Sports,1,99.79,0.0,99.79
ORD004975,P0081,Beauty,1,17.81,0.0,17.81
ORD004976,P0012,Electronics,3,338.21,0.0,1014.63
ORD004976,P0023,Home & Garden,1,33.75,0.0,33.75
ORD004977,P0046,Fashion,2,37.54,0.0,75.08
ORD004977,P0032,Home & Garden,2,145.88,0.1,262.58
ORD004977,P0050,Fashion,1,175.37,0.15,149.06
ORD004977,P0026,Home & Garden,2,101.99,0.0,203.98
ORD004978,P0017,Electronics,1,504.79,0.05,479.55
ORD004979,P0033,Home & Garden,2,213.07,0.0,426.14
ORD004979,P0029,Home & Garden,1,55.22,0.05,52.46
ORD004980,P0090,Beauty,1,56.59,0.0,56.59
ORD004981,P0007,Electronics,1,71.56,0.2,57.25
ORD004981,P0062,Sports,2,278.05,0.0,556.1
ORD004981,P0073,Sports,3,162.52,0.0,487.56
ORD004982,P0010,Electronics,1,737.02,0.2,589.62
ORD004982,P0043,Fashion,1,83.9,0.05,79.7
ORD004982,P0104,Books & Media,1,28.85,0.15,24.52
ORD004983,P0016,Electronics,1,735.06,0.0,735.06
ORD004984,P0038,Home & Garden,1,169.03,0.1,152.13
ORD004984,P0112,Books & Media,3,36.19,0.05,103.14
ORD004984,P0008,Electronics,2,601.4,0.0,1202.8
ORD004984,P0107,Books & Media,1,31.66,0.1,28.49
ORD004985,P0062,Sports,1,278.05,0.1,250.24
ORD004986,P0007,Electronics,2,71.56,0.1,128.81
ORD004986,P0029,Home & Garden,2,55.22,0.0,110.44
ORD004987,P0001,Electronics,1,592.51,0.0,592.51
ORD004988,P0087,Beauty,3,61.99,0.05,176.67
ORD004989,P0055,Fashion,2,92.6,0.0,185.2
ORD004989,P0015,Electronics,1,769.37,0.1,692.43
ORD004990,P0048,Fashion,3,30.16,0.0,90.48
ORD004991,P0081,Beauty,1,17.81,0.1,16.03
ORD004991,P0101,Books & Media,1,58.39,0.0,58.39
ORD004991,P0099,Beauty,2,70.54,0.0,141.08
ORD004992,P0117,Books & Media,1,38.94,0.0,38.94
ORD004992,P0119,Books & Media,1,54.29,0.0,54.29
ORD004993,P0016,Electronics,1,735.06,0.0,735.06
ORD004993,P0065,Sports,1,310.58,0.05,295.05
ORD004993,P0012,Electronics,1,338.21,0.0,338.21
ORD004993,P0033,Home & Garden,2,213.07,0.0,426.14
ORD004994,P0032,Home & Garden,1,145.88,0.05,138.59
ORD004995,P0024,Home & Garden,1,38.74,0.0,38.74
ORD004996,P0010,Electronics,1,737.02,0.0,737.02
ORD004997,P0016,Electronics,1,735.06,0.0,735.06
ORD004998,P0024,Home & Garden,1,38.74,0.05,36.8
ORD004998,P0045,Fashion,1,34.55,0.0,34.55
ORD004998,P0042,Fashion,2,113.53,0.15,193.0
ORD004998,P0095,Beauty,1,30.92,0.0,30.92
ORD004999,P0091,Beauty,1,90.2,0.1,81.18
ORD004999,P0103,Books & Media,2,33.25,0.0,66.5
ORD004999,P0019,Electronics,1,753.99,0.0,753.99
ORD005000,P0038,Home & Garden,1,169.03,0.0,169.03
ORD005001,P0069,Sports,1,47.49,0.05,45.12
ORD005002,P0109,Books & Media,1,36.9,0.0,36.9
ORD005002,P0059,Fashion,1,67.75,0.2,54.2
ORD005003,P0025,Home & Garden,2,164.39,0.0,328.78
ORD005003,P0087,Beauty,2,61.99,0.05,117.78
ORD005003,P0077,Sports,2,167.38,0.0,334.76
ORD005004,P0005,Electronics,1,407.63,0.0,407.63
ORD005005,P0047,Fashion,2,146.73,0.05,278.79
ORD005005,P0042,Fashion,1,113.53,0.0,113.53
ORD005006,P0079,Sports,1,134.88,0.2,107.9
ORD005006,P0016,Electronics,1,735.06,0.0,735.06
ORD005006,P0110,Books & Media,1,16.05,0.2,12.84
ORD005007,P0032,Home & Garden,2,145.88,0.1,262.58
ORD005008,P0076,Sports,1,348.42,0.0,348.42
ORD005009,P0070,Sports,1,273.9,0.0,273.9
ORD005009,P0062,Sports,1,278.05,0.0,278.05
ORD005010,P0020,Electronics,2,781.45,0.0,1562.9
ORD005010,P0046,Fashion,1,37.54,0.05,35.66
ORD005010,P0060,Fashion,1,117.44,0.0,117.44
ORD005011,P0059,Fashion,1,67.75,0.0,67.75
ORD005011,P0054,Fashion,1,37.85,0.0,37.85
ORD005012,P0091,Beauty,1,90.2,0.1,81.18
ORD005012,P0018,Electronics,3,370.75,0.05,1056.64
ORD005012,P0077,Sports,2,167.38,0.0,334.76
ORD005013,P0015,Electronics,2,769.37,0.0,1538.74
ORD005013,P0117,Books & Media,1,38.94,0.1,35.05
ORD005014,P0073,Sports,1,162.52,0.15,138.14
ORD005014,P0082,Beauty,1,35.18,0.05,33.42
ORD005014,P0019,Electronics,1,753.99,0.1,678.59
ORD005015,P0072,Sports,1,111.14,0.0,111.14
ORD005015,P0052,Fashion,1,129.07,0.05,122.62
ORD005015,P0023,Home & Garden,1,33.75,0.0,33.75
ORD005016,P0068,Sports,3,52.84,0.1,142.67
ORD005017,P0003,Electronics,2,675.0,0.0,1350.0
ORD005018,P0010,Electronics,1,737.02,0.1,663.32
ORD005019,P0072,Sports,1,111.14,0.0,111.14
ORD005019,P0041,Fashion,1,109.82,0.0,109.82
ORD005019,P0041,Fashion,1,109.82,0.0,109.82
ORD005019,P0115,Books & Media,1,16.19,0.15,13.76
ORD005020,P0051,Fashion,2,21.84,0.05,41.5
ORD005020,P0032,Home & Garden,1,145.88,0.05,138.59
ORD005020,P0031,Home & Garden,3,247.54,0.05,705.49
ORD005020,P0001,Electronics,1,592.51,0.0,592.51
ORD005021,P0060,Fashion,1,117.44,0.0,117.44
ORD005022,P0064,Sports,1,31.33,0.0,31.33
ORD005022,P0058,Fashion,3,166.02,0.0,498.06
ORD005023,P0093,Beauty,1,54.29,0.0,54.29
ORD005024,P0033,Home & Garden,1,213.07,0.05,202.42
ORD005024,P0112,Books & Media,1,36.19,0.0,36.19
ORD005025,P0091,Beauty,1,90.2,0.0,90.2
ORD005026,P0059,Fashion,2,67.75,0.05,128.72
ORD005026,P0109,Books & Media,1,36.9,0.1,33.21
ORD005027,P0089,Beauty,1,20.66,0.0,20.66
ORD005027,P0053,Fashion,1,62.69,0.05,59.56
ORD005028,P0037,Home & Garden,2,220.95,0.0,441.9
ORD005029,P0060,Fashion,1,117.44,0.2,93.95
ORD005030,P0073,Sports,1,162.52,0.15,138.14
ORD005031,P0027,Home & Garden,1,77.74,0.2,62.19
ORD005031,P0007,Electronics,2,71.56,0.0,143.12
ORD005031,P0016,Electronics,2,735.06,0.1,1323.11
ORD005031,P0032,Home & Garden,1,145.88,0.05,138.59
ORD005032,P0033,Home & Garden,1,213.07,0.0,213.07
ORD005032,P0018,Electronics,1,370.75,0.0,370.75
ORD005032,P0072,Sports,1,111.14,0.1,100.03
ORD005033,P0032,Home & Garden,3,145.88,0.0,437.64
ORD005033,P0048,Fashion,1,30.16,0.0,30.16
ORD005033,P0046,Fashion,1,37.54,0.15,31.91
ORD005034,P0112,Books & Media,2,36.19,0.1,65.14
ORD005035,P0005,Electronics,1,407.63,0.05,387.25
ORD005036,P0007,Electronics,1,71.56,0.0,71.56
ORD005037,P0034,Home & Garden,2,68.83,0.0,137.66
ORD005038,P0004,Electronics,2,807.35,0.0,1614.7
ORD005038,P0027,Home & Garden,2,77.74,0.0,155.48
ORD005038,P0052,Fashion,1,129.07,0.0,129.07
ORD005039,P0017,Electronics,2,504.79,0.05,959.1
ORD005039,P0072,Sports,3,111.14,0.0,333.42
ORD005039,P0097,Beauty,2,37.48,0.0,74.96
ORD005040,P0081,Beauty,2,17.81,0.0,35.62
ORD005040,P0038,Home & Garden,1,169.03,0.2,135.22
ORD005041,P0039,Home & Garden,1,229.92,0.05,218.42
ORD005042,P0106,Books & Media,3,21.79,0.1,58.83
ORD005043,P0060,Fashion,2,117.44,0.0,234.88
ORD005044,P0079,Sports,1,134.88,0.1,121.39
ORD005044,P0017,Electronics,1,504.79,0.0,504.79
ORD005044,P0018,Electronics,2,370.75,0.0,741.5
ORD005045,P0053,Fashion,1,62.69,0.0,62.69
ORD005045,P0006,Electronics,2,234.84,0.05,446.2
ORD005046,P0052,Fashion,1,129.07,0.1,116.16
ORD005047,P0085,Beauty,1,33.57,0.2,26.86
ORD005047,P0050,Fashion,3,175.37,0.05,499.8
ORD005047,P0014,Electronics,1,127.83,0.15,108.66
ORD005047,P0045,Fashion,1,34.55,0.0,34.55
ORD005047,P0104,Books & Media,1,28.85,0.0,28.85
ORD005048,P0103,Books & Media,1,33.25,0.0,33.25
ORD005048,P0049,Fashion,2,179.38,0.0,358.76
ORD005048,P0031,Home & Garden,1,247.54,0.05,235.16
ORD005049,P0032,Home & Garden,1,145.88,0.0,145.88
ORD005049,P0104,Books & Media,1,28.85,0.0,28.85
ORD005050,P0013,Electronics,3,862.63,0.0,2587.89
ORD005050,P0056,Fashion,1,160.14,0.05,152.13
ORD005051,P0108,Books & Media,1,57.78,0.0,57.78
ORD005051,P0064,Sports,1,31.33,0.0,31.33
ORD005052,P0021,Home & Garden,1,180.57,0.0,180.57
ORD005053,P0012,Electronics,1,338.21,0.05,321.3
ORD005053,P0025,Home & Garden,2,164.39,0.0,328.78
ORD005054,P0069,Sports,1,47.49,0.05,45.12
ORD005054,P0028,Home & Garden,1,167.29,0.1,150.56
ORD005054,P0054,Fashion,1,37.85,0.0,37.85
ORD005055,P0043,Fashion,2,83.9,0.1,151.02
ORD005055,P0031,Home & Garden,1,247.54,0.05,235.16
ORD005056,P0017,Electronics,1,504.79,0.0,504.79
ORD005056,P0120,Books & Media,1,38.91,0.1,35.02
ORD005057,P0090,Beauty,1,56.59,0.1,50.93
ORD005057,P0063,Sports,2,25.19,0.2,40.3
ORD005058,P0055,Fashion,1,92.6,0.1,83.34
ORD005058,P0006,Electronics,2,234.84,0.15,399.23
ORD005059,P0119,Books & Media,1,54.29,0.0,54.29
ORD005060,P0059,Fashion,1,67.75,0.15,57.59
ORD005061,P0031,Home & Garden,1,247.54,0.15,210.41
ORD005061,P0035,Home & Garden,1,89.13,0.0,89.13
ORD005062,P0061,Sports,1,272.82,0.0,272.82
ORD005062,P0010,Electronics,1,737.02,0.2,589.62
ORD005063,P0033,Home & Garden,1,213.07,0.05,202.42
ORD005064,P0005,Electronics,1,407.63,0.0,407.63
ORD005065,P0117,Books & Media,1,38.94,0.0,38.94
ORD005065,P0055,Fashion,1,92.6,0.15,78.71
ORD005066,P0032,Home & Garden,1,145.88,0.0,145.88
ORD005067,P0098,Beauty,1,58.74,0.2,46.99
ORD005067,P0043,Fashion,1,83.9,0.05,79.7
ORD005068,P0050,Fashion,1,175.37,0.2,140.3
ORD005068,P0002,Electronics,1,282.77,0.0,282.77
ORD005068,P0092,Beauty,1,118.26,0.0,118.26
ORD005069,P0068,Sports,1,52.84,0.0,52.84
ORD005069,P0079,Sports,1,134.88,0.05,128.14
ORD005070,P0095,Beauty,1,30.92,0.15,26.28
ORD005071,P0083,Beauty,1,104.56,0.15,88.88
ORD005071,P0031,Home & Garden,1,247.54,0.0,247.54
ORD005071,P0041,Fashion,2,109.82,0.0,219.64
ORD005071,P0041,Fashion,2,109.82,0.0,219.64
ORD005072,P0093,Beauty,1,54.29,0.05,51.58
ORD005072,P0052,Fashion,1,129.07,0.05,122.62
ORD005072,P0012,Electronics,3,338.21,0.0,1014.63
ORD005072,P0062,Sports,2,278.05,0.0,556.1
ORD005072,P0069,Sports,2,47.49,0.05,90.23
ORD005073,P0001,Electronics,1,592.51,0.0,592.51
ORD005073,P0001,Electronics,2,592.51,0.1,1066.52
ORD005073,P0027,Home & Garden,1,77.74,0.0,77.74
ORD005074,P0101,Books & Media,2,58.39,0.0,116.78
ORD005075,P0057,Fashion,1,100.09,0.15,85.08
ORD005076,P0049,Fashion,1,179.38,0.2,143.5
ORD005077,P0041,Fashion,1,109.82,0.1,98.84
ORD005077,P0051,Fashion,2,21.84,0.05,41.5
ORD005077,P0064,Sports,3,31.33,0.0,93.99
ORD005077,P0009,Electronics,1,236.37,0.1,212.73
ORD005078,P0051,Fashion,1,21.84,0.0,21.84
ORD005079,P0101,Books & Media,1,58.39,0.0,58.39
ORD005080,P0068,Sports,1,52.84,0.0,52.84
ORD005080,P0112,Books & Media,1,36.19,0.1,32.57
ORD005080,P0019,Electronics,1,753.99,0.05,716.29
ORD005081,P0023,Home & Garden,1,33.75,0.0,33.75
ORD005082,P0100,Beauty,1,119.92,0.05,113.92
ORD005083,P0008,Electronics,1,601.4,0.05,571.33
ORD005084,P0051,Fashion,1,21.84,0.0,21.84
ORD005084,P0006,Electronics,1,234.84,0.0,234.84
ORD005085,P0066,Sports,1,124.94,0.15,106.2
ORD005085,P0111,Books & Media,1,58.37,0.15,49.61
ORD005085,P0030,Home & Garden,1,53.4,0.0,53.4
ORD005085,P0049,Fashion,1,179.38,0.1,161.44
ORD005085,P0019,Electronics,1,753.99,0.15,640.89
ORD005086,P0049,Fashion,1,179.38,0.15,152.47
ORD005086,P0049,Fashion,1,179.38,0.0,179.38
ORD005087,P0033,Home & Garden,1,213.07,0.1,191.76
ORD005088,P0111,Books & Media,1,58.37,0.0,58.37
ORD005088,P0019,Electronics,1,753.99,0.0,753.99
ORD005089,P0059,Fashion,2,67.75,0.05,128.72
ORD005090,P0028,Home & Garden,1,167.29,0.0,167.29
ORD005091,P0001,Electronics,1,592.51,0.15,503.63
ORD005092,P0055,Fashion,1,92.6,0.0,92.6
ORD005092,P0059,Fashion,1,67.75,0.0,67.75
ORD005093,P0108,Books & Media,2,57.78,0.0,115.56
ORD005093,P0088,Beauty,1,98.82,0.05,93.88
ORD005093,P0052,Fashion,1,129.07,0.2,103.26
ORD005093,P0083,Beauty,1,104.56,0.1,94.1
ORD005093,P0119,Books & Media,1,54.29,0.15,46.15
ORD005094,P0065,Sports,1,310.58,0.0,310.58
ORD005094,P0049,Fashion,1,179.38,0.05,170.41
ORD005094,P0055,Fashion,1,92.6,0.15,78.71
ORD005095,P0059,Fashion,2,67.75,0.0,135.5
ORD005095,P0079,Sports,1,134.88,0.1,121.39
ORD005095,P0075,Sports,2,90.37,0.2,144.59
ORD005095,P0029,Home & Garden,1,55.22,0.0,55.22
ORD005096,P0011,Electronics,1,733.95,0.15,623.86
ORD005096,P0037,Home & Garden,1,220.95,0.0,220.95
ORD005096,P0051,Fashion,1,21.84,0.2,17.47
ORD005096,P0004,Electronics,1,807.35,0.0,807.35
ORD005097,P0096,Beauty,2,56.41,0.0,112.82
ORD005098,P0073,Sports,1,162.52,0.0,162.52
ORD005099,P0116,Books & Media,2,12.17,0.05,23.12
ORD005099,P0099,Beauty,1,70.54,0.0,70.54
ORD005100,P0054,Fashion,1,37.85,0.0,37.85
ORD005101,P0115,Books & Media,2,16.19,0.0,32.38
ORD005101,P0048,Fashion,1,30.16,0.1,27.14
ORD005101,P0017,Electronics,1,504.79,0.0,504.79
ORD005101,P0051,Fashion,1,21.84,0.05,20.75
ORD005101,P0117,Books & Media,1,38.94,0.0,38.94
ORD005102,P0118,Books & Media,2,20.23,0.0,40.46
ORD005103,P0015,Electronics,1,769.37,0.05,730.9
ORD005103,P0031,Home & Garden,2,247.54,0.1,445.57
ORD005104,P0018,Electronics,1,370.75,0.2,296.6
ORD005104,P0100,Beauty,1,119.92,0.0,119.92
ORD005105,P0016,Electronics,2,735.06,0.05,1396.61
ORD005105,P0020,Electronics,1,781.45,0.0,781.45
ORD005106,P0042,Fashion,2,113.53,0.0,227.06
ORD005107,P0088,Beauty,3,98.82,0.0,296.46
ORD005108,P0056,Fashion,2,160.14,0.0,320.28
ORD005108,P0033,Home & Garden,2,213.07,0.15,362.22
ORD005108,P0091,Beauty,1,90.2,0.0,90.2
ORD005109,P0045,Fashion,1,34.55,0.05,32.82
ORD005110,P0048,Fashion,1,30.16,0.0,30.16
ORD005111,P0110,Books & Media,1,16.05,0.1,14.44
ORD005112,P0045,Fashion,2,34.55,0.0,69.1
ORD005113,P0107,Books & Media,1,31.66,0.0,31.66
ORD005114,P0070,Sports,1,273.9,0.1,246.51
ORD005115,P0045,Fashion,1,34.55,0.1,31.1
ORD005116,P0103,Books & Media,2,33.25,0.05,63.18
ORD005117,P0064,Sports,2,31.33,0.0,62.66
ORD005117,P0062,Sports,1,278.05,0.0,278.05
ORD005118,P0082,Beauty,1,35.18,0.0,35.18
ORD005118,P0069,Sports,1,47.49,0.05,45.12
ORD005118,P0115,Books & Media,1,16.19,0.15,13.76
ORD005119,P0015,Electronics,1,769.37,0.0,769.37
ORD005119,P0111,Books & Media,2,58.37,0.0,116.74
ORD005120,P0076,Sports,1,348.42,0.0,348.42
ORD005121,P0065,Sports,1,310.58,0.0,310.58
ORD005121,P0003,Electronics,1,675.0,0.1,607.5
ORD005122,P0108,Books & Media,2,57.78,0.0,115.56
ORD005123,P0048,Fashion,1,30.16,0.0,30.16
ORD005124,P0037,Home & Garden,1,220.95,0.0,220.95
ORD005124,P0106,Books & Media,1,21.79,0.05,20.7
ORD005125,P0076,Sports,1,348.42,0.0,348.42
ORD005125,P0067,Sports,1,310.35,0.15,263.8
ORD005126,P0102,Books & Media,1,52.13,0.1,46.92
ORD005126,P0103,Books & Media,1,33.25,0.0,33.25
ORD005127,P0001,Electronics,3,592.51,0.2,1422.02
ORD005127,P0076,Sports,1,348.42,0.0,348.42
ORD005127,P0118,Books & Media,2,20.23,0.0,40.46
ORD005127,P0073,Sports,2,162.52,0.1,292.54
ORD005127,P0119,Books & Media,1,54.29,0.0,54.29
ORD005128,P0030,Home & Garden,3,53.4,0.05,152.19
ORD005129,P0065,Sports,1,310.58,0.15,263.99
ORD005129,P0040,Home & Garden,1,77.25,0.0,77.25
ORD005129,P0047,Fashion,1,146.73,0.0,146.73
ORD005129,P0110,Books & Media,1,16.05,0.0,16.05
ORD005129,P0056,Fashion,1,160.14,0.1,144.13
ORD005130,P0053,Fashion,1,62.69,0.0,62.69
ORD005130,P0091,Beauty,1,90.2,0.05,85.69
ORD005131,P0112,Books & Media,2,36.19,0.05,68.76
ORD005131,P0059,Fashion,2,67.75,0.0,135.5
ORD005132,P0090,Beauty,1,56.59,0.0,56.59
ORD005133,P0008,Electronics,2,601.4,0.0,1202.8
ORD005133,P0068,Sports,1,52.84,0.0,52.84
ORD005134,P0008,Electronics,1,601.4,0.05,571.33
ORD005135,P0013,Electronics,3,862.63,0.1,2329.1
ORD005135,P0001,Electronics,2,592.51,0.0,1185.02
ORD005136,P0010,Electronics,1,737.02,0.0,737.02
ORD005137,P0006,Electronics,2,234.84,0.0,469.68
ORD005138,P0068,Sports,1,52.84,0.0,52.84
ORD005138,P0021,Home & Garden,1,180.57,0.0,180.57
ORD005139,P0081,Beauty,1,17.81,0.1,16.03
ORD005139,P0114,Books & Media,1,34.15,0.15,29.03
ORD005139,P0078,Sports,1,64.33,0.05,61.11
ORD005140,P0096,Beauty,3,56.41,0.0,169.23
ORD005141,P0061,Sports,1,272.82,0.0,272.82
ORD005141,P0051,Fashion,1,21.84,0.0,21.84
ORD005142,P0096,Beauty,1,56.41,0.15,47.95
ORD005143,P0068,Sports,1,52.84,0.15,44.91
ORD005143,P0035,Home & Garden,1,89.13,0.0,89.13
ORD005144,P0104,Books & Media,1,28.85,0.0,28.85
ORD005145,P0087,Beauty,1,61.99,0.0,61.99
ORD005146,P0010,Electronics,1,737.02,0.0,737.02
ORD005146,P0102,Books & Media,2,52.13,0.0,104.26
ORD005147,P0045,Fashion,1,34.55,0.0,34.55
ORD005147,P0010,Electronics,1,737.02,0.05,700.17
ORD005148,P0078,Sports,1,64.33,0.15,54.68
ORD005149,P0093,Beauty,1,54.29,0.15,46.15
ORD005149,P0033,Home & Garden,3,213.07,0.05,607.25
ORD005150,P0103,Books & Media,3,33.25,0.05,94.76
ORD005150,P0001,Electronics,1,592.51,0.0,592.51
ORD005151,P0028,Home & Garden,1,167.29,0.2,133.83
ORD005151,P0009,Electronics,2,236.37,0.0,472.74
ORD005152,P0046,Fashion,1,37.54,0.05,35.66
ORD005153,P0084,Beauty,3,36.18,0.05,103.11
ORD005153,P0005,Electronics,1,407.63,0.0,407.63
ORD005153,P0040,Home & Garden,2,77.25,0.05,146.78
ORD005154,P0081,Beauty,1,17.81,0.05,16.92
ORD005154,P0072,Sports,1,111.14,0.2,88.91
ORD005154,P0014,Electronics,2,127.83,0.0,255.66
ORD005155,P0024,Home & Garden,1,38.74,0.0,38.74
ORD005156,P0078,Sports,1,64.33,0.0,64.33
ORD005156,P0110,Books & Media,2,16.05,0.0,32.1
ORD005156,P0010,Electronics,1,737.02,0.0,737.02
ORD005156,P0064,Sports,3,31.33,0.0,93.99
ORD005156,P0048,Fashion,1,30.16,0.0,30.16
ORD005157,P0014,Electronics,3,127.83,0.0,383.49
ORD005157,P0057,Fashion,1,100.09,0.2,80.07
ORD005158,P0034,Home & Garden,2,68.83,0.15,117.01
ORD005158,P0034,Home & Garden,2,68.83,0.15,117.01
ORD005159,P0105,Books & Media,1,27.71,0.15,23.55
ORD005159,P0018,Electronics,2,370.75,0.0,741.5
ORD005160,P0040,Home & Garden,1,77.25,0.0,77.25
ORD005160,P0014,Electronics,1,127.83,0.05,121.44
ORD005161,P0065,Sports,1,310.58,0.05,295.05
ORD005162,P0011,Electronics,3,733.95,0.05,2091.76
ORD005163,P0051,Fashion,2,21.84,0.0,43.68
ORD005164,P0084,Beauty,1,36.18,0.0,36.18
ORD005164,P0111,Books & Media,2,58.37,0.2,93.39
ORD005165,P0109,Books & Media,1,36.9,0.0,36.9
ORD005165,P0017,Electronics,1,504.79,0.0,504.79
ORD005165,P0095,Beauty,1,30.92,0.0,30.92
ORD005166,P0029,Home & Garden,1,55.22,0.0,55.22
ORD005167,P0018,Electronics,1,370.75,0.15,315.14
ORD005168,P0018,Electronics,2,370.75,0.0,741.5
ORD005168,P0044,Fashion,2,179.61,0.2,287.38
ORD005169,P0083,Beauty,3,104.56,0.1,282.31
ORD005169,P0008,Electronics,2,601.4,0.2,962.24
ORD005170,P0110,Books & Media,1,16.05,0.05,15.25
ORD005170,P0080,Sports,1,99.79,0.1,89.81
ORD005170,P0115,Books & Media,1,16.19,0.05,15.38
ORD005170,P0015,Electronics,1,769.37,0.1,692.43
ORD005170,P0119,Books & Media,1,54.29,0.05,51.58
ORD005171,P0094,Beauty,2,104.78,0.0,209.56
ORD005172,P0055,Fashion,1,92.6,0.0,92.6
ORD005172,P0073,Sports,1,162.52,0.0,162.52
ORD005173,P0093,Beauty,1,54.29,0.0,54.29
ORD005174,P0071,Sports,1,179.47,0.1,161.52
ORD005174,P0110,Books & Media,1,16.05,0.0,16.05
ORD005175,P0067,Sports,1,310.35,0.15,263.8
ORD005176,P0029,Home & Garden,1,55.22,0.0,55.22
ORD005176,P0034,Home & Garden,1,68.83,0.0,68.83
ORD005177,P0068,Sports,1,52.84,0.0,52.84
ORD005178,P0010,Electronics,2,737.02,0.2,1179.23
ORD005178,P0112,Books & Media,2,36.19,0.0,72.38
ORD005178,P0002,Electronics,1,282.77,0.0,282.77
ORD005179,P0051,Fashion,1,21.84,0.0,21.84
ORD005180,P0095,Beauty,1,30.92,0.0,30.92
ORD005181,P0007,Electronics,3,71.56,0.2,171.74
ORD005181,P0115,Books & Media,1,16.19,0.05,15.38
ORD005182,P0045,Fashion,1,34.55,0.05,32.82
ORD005182,P0101,Books & Media,1,58.39,0.1,52.55
ORD005183,P0005,Electronics,1,407.63,0.1,366.87
ORD005183,P0118,Books & Media,1,20.23,0.0,20.23
ORD005184,P0030,Home & Garden,3,53.4,0.05,152.19
ORD005184,P0065,Sports,2,310.58,0.15,527.99
ORD005185,P0116,Books & Media,1,12.17,0.0,12.17
ORD005186,P0113,Books & Media,1,10.97,0.15,9.32
ORD005186,P0030,Home & Garden,1,53.4,0.0,53.4
ORD005187,P0093,Beauty,1,54.29,0.0,54.29
ORD005187,P0011,Electronics,2,733.95,0.0,1467.9
ORD005187,P0118,Books & Media,2,20.23,0.05,38.44
ORD005188,P0085,Beauty,2,33.57,0.1,60.43
ORD005188,P0084,Beauty,2,36.18,0.05,68.74
ORD005189,P0051,Fashion,1,21.84,0.0,21.84
ORD005189,P0023,Home & Garden,1,33.75,0.1,30.38
ORD005190,P0052,Fashion,2,129.07,0.05,245.23
ORD005190,P0115,Books & Media,2,16.19,0.1,29.14
ORD005191,P0091,Beauty,1,90.2,0.05,85.69
ORD005192,P0005,Electronics,1,407.63,0.15,346.49
ORD005193,P0111,Books & Media,1,58.37,0.0,58.37
ORD005194,P0011,Electronics,2,733.95,0.1,1321.11
ORD005195,P0058,Fashion,1,166.02,0.05,157.72
ORD005195,P0117,Books & Media,1,38.94,0.05,36.99
ORD005196,P0041,Fashion,1,109.82,0.15,93.35
ORD005196,P0069,Sports,3,47.49,0.15,121.1
ORD005196,P0007,Electronics,1,71.56,0.0,71.56
ORD005196,P0047,Fashion,1,146.73,0.0,146.73
ORD005196,P0098,Beauty,1,58.74,0.0,58.74
ORD005197,P0011,Electronics,2,733.95,0.0,1467.9
ORD005197,P0085,Beauty,2,33.57,0.1,60.43
ORD005198,P0052,Fashion,1,129.07,0.0,129.07
ORD005198,P0110,Books & Media,2,16.05,0.0,32.1
ORD005198,P0087,Beauty,1,61.99,0.2,49.59
ORD005199,P0050,Fashion,2,175.37,0.0,350.74
ORD005200,P0111,Books & Media,1,58.37,0.0,58.37
ORD005201,P0111,Books & Media,1,58.37,0.0,58.37
ORD005201,P0116,Books & Media,1,12.17,0.0,12.17
ORD005202,P0022,Home & Garden,1,68.56,0.2,54.85
ORD005202,P0036,Home & Garden,2,64.58,0.0,129.16
ORD005203,P0117,Books & Media,1,38.94,0.0,38.94
ORD005204,P0070,Sports,2,273.9,0.0,547.8
ORD005204,P0072,Sports,1,111.14,0.05,105.58
ORD005204,P0027,Home & Garden,1,77.74,0.05,73.85
ORD005204,P0029,Home & Garden,3,55.22,0.0,165.66
ORD005204,P0069,Sports,1,47.49,0.0,47.49
ORD005205,P0005,Electronics,1,407.63,0.05,387.25
ORD005205,P0014,Electronics,2,127.83,0.0,255.66
ORD005206,P0018,Electronics,1,370.75,0.1,333.68
ORD005207,P0111,Books & Media,1,58.37,0.05,55.45
ORD005208,P0010,Electronics,1,737.02,0.15,626.47
ORD005209,P0017,Electronics,1,504.79,0.0,504.79
ORD005210,P0033,Home & Garden,1,213.07,0.0,213.07
ORD005210,P0053,Fashion,1,62.69,0.05,59.56
ORD005210,P0026,Home & Garden,1,101.99,0.0,101.99
ORD005210,P0102,Books & Media,3,52.13,0.1,140.75
ORD005211,P0034,Home & Garden,1,68.83,0.2,55.06
ORD005212,P0111,Books & Media,1,58.37,0.05,55.45
ORD005212,P0038,Home & Garden,1,169.03,0.05,160.58
ORD005212,P0072,Sports,2,111.14,0.0,222.28
ORD005212,P0107,Books & Media,3,31.66,0.0,94.98
ORD005212,P0048,Fashion,3,30.16,0.1,81.43
ORD005213,P0089,Beauty,3,20.66,0.15,52.68
ORD005213,P0084,Beauty,3,36.18,0.1,97.69
ORD005214,P0003,Electronics,1,675.0,0.15,573.75
ORD005214,P0067,Sports,1,310.35,0.1,279.32
ORD005214,P0001,Electronics,1,592.51,0.0,592.51
ORD005214,P0110,Books & Media,2,16.05,0.05,30.5
ORD005215,P0055,Fashion,1,92.6,0.0,92.6
ORD005215,P0079,Sports,1,134.88,0.0,134.88
ORD005216,P0044,Fashion,1,179.61,0.0,179.61
ORD005216,P0107,Books & Media,1,31.66,0.0,31.66
ORD005217,P0066,Sports,1,124.94,0.0,124.94
ORD005217,P0019,Electronics,1,753.99,0.0,753.99
ORD005217,P0094,Beauty,1,104.78,0.05,99.54
ORD005217,P0054,Fashion,2,37.85,0.2,60.56
ORD005218,P0095,Beauty,1,30.92,0.05,29.37
ORD005218,P0028,Home & Garden,1,167.29,0.1,150.56
ORD005218,P0010,Electronics,1,737.02,0.1,663.32
ORD005218,P0075,Sports,1,90.37,0.0,90.37
ORD005219,P0040,Home & Garden,1,77.25,0.0,77.25
ORD005219,P0007,Electronics,1,71.56,0.1,64.4
ORD005219,P0047,Fashion,1,146.73,0.05,139.39
ORD005220,P0017,Electronics,2,504.79,0.0,1009.58
ORD005221,P0014,Electronics,1,127.83,0.15,108.66
ORD005222,P0012,Electronics,1,338.21,0.0,338.21
ORD005222,P0117,Books & Media,3,38.94,0.05,110.98
ORD005223,P0007,Electronics,1,71.56,0.0,71.56
ORD005223,P0028,Home & Garden,1,167.29,0.0,167.29
ORD005223,P0069,Sports,3,47.49,0.0,142.47
ORD005223,P0071,Sports,1,179.47,0.15,152.55
ORD005223,P0079,Sports,1,134.88,0.0,134.88
ORD005224,P0003,Electronics,1,675.0,0.0,675.0
ORD005225,P0015,Electronics,1,769.37,0.1,692.43
ORD005225,P0065,Sports,1,310.58,0.0,310.58
ORD005225,P0078,Sports,1,64.33,0.15,54.68
ORD005225,P0006,Electronics,1,234.84,0.0,234.84
ORD005225,P0025,Home & Garden,1,164.39,0.0,164.39
ORD005226,P0096,Beauty,1,56.41,0.0,56.41
ORD005226,P0045,Fashion,1,34.55,0.0,34.55
ORD005227,P0031,Home & Garden,1,247.54,0.15,210.41
ORD005228,P0099,Beauty,1,70.54,0.05,67.01
ORD005229,P0111,Books & Media,2,58.37,0.0,116.74
ORD005229,P0104,Books & Media,1,28.85,0.05,27.41
ORD005230,P0008,Electronics,1,601.4,0.05,571.33
ORD005230,P0024,Home & Garden,1,38.74,0.1,34.87
ORD005230,P0081,Beauty,1,17.81,0.05,16.92
ORD005231,P0043,Fashion,1,83.9,0.0,83.9
ORD005232,P0062,Sports,1,278.05,0.1,250.24
ORD005233,P0080,Sports,1,99.79,0.0,99.79
ORD005233,P0057,Fashion,2,100.09,0.0,200.18
ORD005233,P0045,Fashion,2,34.55,0.0,69.1
ORD005233,P0094,Beauty,1,104.78,0.0,104.78
ORD005234,P0092,Beauty,2,118.26,0.05,224.69
ORD005235,P0017,Electronics,1,504.79,0.0,504.79
ORD005235,P0057,Fashion,1,100.09,0.2,80.07
ORD005236,P0069,Sports,1,47.49,0.0,47.49
ORD005237,P0066,Sports,2,124.94,0.0,249.88
ORD005237,P0041,Fashion,1,109.82,0.0,109.82
ORD005238,P0020,Electronics,1,781.45,0.1,703.3
ORD005239,P0042,Fashion,1,113.53,0.0,113.53
ORD005240,P0018,Electronics,1,370.75,0.05,352.21
ORD005240,P0112,Books & Media,1,36.19,0.0,36.19
ORD005241,P0089,Beauty,2,20.66,0.0,41.32
ORD005241,P0100,Beauty,1,119.92,0.0,119.92
ORD005241,P0091,Beauty,1,90.2,0.05,85.69
ORD005242,P0008,Electronics,1,601.4,0.0,601.4
ORD005243,P0058,Fashion,1,166.02,0.0,166.02
ORD005244,P0108,Books & Media,2,57.78,0.0,115.56
ORD005245,P0051,Fashion,1,21.84,0.1,19.66
ORD005245,P0013,Electronics,3,862.63,0.05,2458.5
ORD005245,P0048,Fashion,2,30.16,0.1,54.29
ORD005246,P0041,Fashion,3,109.82,0.15,280.04
ORD005247,P0049,Fashion,3,179.38,0.0,538.14
ORD005248,P0105,Books & Media,3,27.71,0.1,74.82
ORD005248,P0092,Beauty,1,118.26,0.0,118.26
ORD005249,P0072,Sports,1,111.14,0.1,100.03
ORD005250,P0014,Electronics,1,127.83,0.15,108.66
ORD005250,P0044,Fashion,1,179.61,0.05,170.63
ORD005251,P0092,Beauty,1,118.26,0.0,118.26
ORD005252,P0093,Beauty,2,54.29,0.0,108.58
ORD005252,P0118,Books & Media,1,20.23,0.05,19.22
ORD005253,P0080,Sports,1,99.79,0.0,99.79
ORD005253,P0016,Electronics,1,735.06,0.0,735.06
ORD005254,P0044,Fashion,1,179.61,0.0,179.61
ORD005255,P0035,Home & Garden,1,89.13,0.15,75.76
ORD005255,P0064,Sports,1,31.33,0.0,31.33
ORD005255,P0001,Electronics,1,592.51,0.0,592.51
ORD005256,P0068,Sports,1,52.84,0.0,52.84
ORD005257,P0019,Electronics,1,753.99,0.05,716.29
ORD005257,P0059,Fashion,1,67.75,0.0,67.75
ORD005258,P0033,Home & Garden,1,213.07,0.0,213.07
ORD005258,P0012,Electronics,1,338.21,0.15,287.48
ORD005259,P0043,Fashion,1,83.9,0.15,71.32
ORD005260,P0053,Fashion,1,62.69,0.0,62.69
ORD005260,P0062,Sports,1,278.05,0.0,278.05
ORD005260,P0049,Fashion,2,179.38,0.05,340.82
