order_id,customer_id,order_date,order_month,quarter,status,channel,order_total,country,segment
ORD000001,C01861,2023-09-13,2023-09,Q3,Completed,Mobile App,483.68,Belgium,New
ORD000002,C01158,2023-08-29,2023-08,Q3,Completed,Phone,360.49,Germany,Regular
ORD000003,C01235,2023-03-21,2023-03,Q1,Completed,Mobile App,282.77,Switzerland,Regular
ORD000004,C00315,2023-08-02,2023-08,Q3,Completed,Website,314.14,Belgium,New
ORD000005,C01007,2023-05-25,2023-05,Q2,Completed,Marketplace,2276.34,Netherlands,Regular
ORD000006,C00908,2023-08-20,2023-08,Q3,Completed,Marketplace,186.15,Austria,Regular
ORD000007,C01977,2023-04-20,2023-04,Q2,Completed,Mobile App,57.9,Germany,VIP
ORD000008,C01227,2023-02-14,2023-02,Q1,Completed,Website,1562.9,Austria,Regular
ORD000009,C00688,2023-04-10,2023-04,Q2,Completed,Phone,161.77,Germany,VIP
ORD000010,C01343,2023-11-19,2023-11,Q4,Completed,Phone,841.06,France,New
ORD000011,C00596,2023-06-10,2023-06,Q2,Completed,Website,56.41,Switzerland,VIP
ORD000012,C00605,2023-12-24,2023-12,Q4,Completed,Mobile App,954.57,Germany,Regular
ORD000013,C01160,2023-12-02,2023-12,Q4,Completed,Marketplace,727.0,Austria,VIP
ORD000014,C01689,2023-03-26,2023-03,Q1,Completed,Mobile App,273.9,Germany,VIP
ORD000015,C01787,2023-12-30,2023-12,Q4,Completed,Mobile App,76.28,Germany,Regular
ORD000016,C01470,2023-08-05,2023-08,Q3,Completed,Mobile App,39.25,Netherlands,Regular
ORD000017,C01541,2023-04-30,2023-04,Q2,Completed,Marketplace,875.3,Germany,VIP
ORD000018,C00833,2023-08-07,2023-08,Q3,Completed,Phone,20.66,Germany,New
ORD000019,C00449,2023-11-12,2023-11,Q4,Completed,Phone,807.35,France,VIP
ORD000020,C00915,2023-12-14,2023-12,Q4,Completed,Phone,326.98,Germany,VIP
ORD000021,C01164,2023-07-22,2023-07,Q3,Completed,Mobile App,529.65,France,VIP
ORD000022,C00122,2023-10-19,2023-10,Q4,Completed,Mobile App,1350.0,Germany,Regular
ORD000023,C01349,2023-06-16,2023-06,Q2,Completed,Marketplace,116.74,France,VIP
ORD000024,C00020,2023-01-06,2023-01,Q1,Completed,Phone,57.7,Germany,Regular
ORD000025,C01607,2023-06-20,2023-06,Q2,Completed,Website,565.54,Germany,New
ORD000026,C00188,2023-02-23,2023-02,Q1,Completed,Website,150.64,Netherlands,VIP
ORD000027,C00382,2023-03-10,2023-03,Q1,Completed,Marketplace,211.96,Austria,VIP
ORD000028,C00212,2023-04-19,2023-04,Q2,Completed,Mobile App,50.56,Belgium,New
ORD000029,C00882,2023-12-14,2023-12,Q4,Cancelled,Mobile App,2335.4,Switzerland,New
ORD000030,C01313,2023-05-24,2023-05,Q2,Completed,Mobile App,940.73,Belgium,VIP
ORD000031,C00056,2023-05-01,2023-05,Q2,Completed,Marketplace,89.13,Belgium,Regular
ORD000032,C01146,2023-12-02,2023-12,Q4,Completed,Phone,175.37,France,Regular
ORD000033,C01348,2023-11-08,2023-11,Q4,Completed,Marketplace,112.91,Germany,Regular
ORD000034,C00923,2023-01-13,2023-01,Q1,Completed,Mobile App,508.69,Austria,Regular
ORD000035,C00670,2023-02-12,2023-02,Q1,Completed,Mobile App,68.83,Belgium,Regular
ORD000036,C01281,2023-12-10,2023-12,Q4,Completed,Mobile App,465.66,Germany,Regular
ORD000037,C01865,2023-06-29,2023-06,Q2,Completed,Mobile App,301.41,Austria,VIP
ORD000038,C00952,2023-03-09,2023-03,Q1,Completed,Mobile App,781.45,Austria,Regular
ORD000039,C01794,2023-02-06,2023-02,Q1,Completed,Marketplace,601.4,Germany,New
ORD000040,C00480,2023-05-31,2023-05,Q2,Completed,Phone,632.91,Switzerland,Regular
ORD000041,C01053,2023-10-20,2023-10,Q4,Completed,Website,374.82,Netherlands,Regular
ORD000042,C01153,2023-04-04,2023-04,Q2,Completed,Website,74.95,Austria,Regular
ORD000043,C01075,2023-04-22,2023-04,Q2,Completed,Website,36.19,Germany,Regular
ORD000044,C01639,2023-07-15,2023-07,Q3,Completed,Marketplace,1541.05,Germany,VIP
ORD000045,C01048,2023-04-29,2023-04,Q2,Completed,Phone,461.28,Netherlands,Regular
ORD000046,C00587,2023-11-29,2023-11,Q4,Completed,Marketplace,41.32,Netherlands,Regular
ORD000047,C00062,2023-01-20,2023-01,Q1,Completed,Phone,875.07,Switzerland,VIP
ORD000048,C00790,2023-01-10,2023-01,Q1,Completed,Phone,218.42,Germany,Regular
ORD000049,C00542,2023-05-18,2023-05,Q2,Completed,Mobile App,179.61,Belgium,Regular
ORD000050,C00444,2023-11-15,2023-11,Q4,Completed,Marketplace,1438.65,Germany,VIP
ORD000051,C00714,2023-12-27,2023-12,Q4,Cancelled,Marketplace,2261.97,Germany,Regular
ORD000052,C00688,2023-09-22,2023-09,Q3,Completed,Phone,575.13,Germany,VIP
ORD000053,C01518,2023-01-19,2023-01,Q1,Completed,Marketplace,34.55,Netherlands,Regular
ORD000054,C00785,2023-05-04,2023-05,Q2,Completed,Marketplace,528.29,Switzerland,VIP
ORD000055,C00831,2023-07-23,2023-07,Q3,Completed,Phone,95.67,Belgium,Regular
ORD000056,C00267,2023-08-06,2023-08,Q3,Completed,Marketplace,98.82,Austria,VIP
ORD000057,C01399,2023-10-26,2023-10,Q4,Completed,Mobile App,124.72,Netherlands,VIP
ORD000058,C01589,2023-02-20,2023-02,Q1,Completed,Website,2166.32,Germany,VIP
ORD000059,C00727,2023-10-26,2023-10,Q4,Completed,Marketplace,359.05,Germany,Regular
ORD000060,C01433,2023-10-28,2023-10,Q4,Cancelled,Mobile App,831.17,Germany,Regular
ORD000061,C00625,2023-09-05,2023-09,Q3,Completed,Website,310.8,France,VIP
ORD000062,C01936,2023-11-30,2023-11,Q4,Cancelled,Mobile App,154.5,Belgium,Regular
ORD000063,C01298,2023-06-22,2023-06,Q2,Completed,Mobile App,790.58,Switzerland,New
ORD000064,C01745,2023-01-03,2023-01,Q1,Completed,Phone,1188.09,Germany,Regular
ORD000065,C00184,2023-06-29,2023-06,Q2,Completed,Phone,1132.97,Switzerland,VIP
ORD000066,C01314,2023-02-28,2023-02,Q1,Completed,Marketplace,21.41,Netherlands,Regular
ORD000067,C00134,2023-04-13,2023-04,Q2,Completed,Phone,449.48,Belgium,VIP
ORD000068,C00931,2023-04-25,2023-04,Q2,Completed,Marketplace,445.63,Germany,VIP
ORD000069,C00845,2023-11-28,2023-11,Q4,Completed,Phone,30.76,Netherlands,VIP
ORD000070,C01048,2023-05-13,2023-05,Q2,Completed,Marketplace,836.78,Netherlands,Regular
ORD000071,C00386,2023-05-20,2023-05,Q2,Completed,Marketplace,186.52,Germany,New
ORD000072,C01573,2023-03-15,2023-03,Q1,Completed,Mobile App,828.93,Switzerland,VIP
ORD000073,C01148,2023-11-18,2023-11,Q4,Completed,Marketplace,218.42,Germany,Churned
ORD000074,C00930,2023-06-23,2023-06,Q2,Completed,Marketplace,791.35,Switzerland,VIP
ORD000075,C00837,2023-06-12,2023-06,Q2,Completed,Phone,1074.24,France,VIP
ORD000076,C00951,2023-12-19,2023-12,Q4,Completed,Mobile App,128.14,Germany,Regular
ORD000077,C01388,2023-03-15,2023-03,Q1,Completed,Phone,463.17,Netherlands,Regular
ORD000078,C00408,2023-03-19,2023-03,Q1,Completed,Marketplace,359.11,Germany,Regular
ORD000079,C01554,2023-03-05,2023-03,Q1,Completed,Mobile App,1092.28,Belgium,New
ORD000080,C01998,2023-04-29,2023-04,Q2,Completed,Marketplace,349.94,Netherlands,Regular
ORD000081,C01639,2023-10-22,2023-10,Q4,Completed,Phone,908.6,Germany,VIP
ORD000082,C00488,2023-10-06,2023-10,Q4,Completed,Marketplace,1470.28,Belgium,VIP
ORD000083,C00772,2023-06-14,2023-06,Q2,Completed,Marketplace,583.9,Switzerland,Regular
ORD000084,C00798,2023-05-05,2023-05,Q2,Completed,Mobile App,159.08,Austria,New
ORD000085,C00863,2023-01-07,2023-01,Q1,Completed,Marketplace,805.88,Germany,Regular
ORD000086,C00717,2023-11-22,2023-11,Q4,Cancelled,Mobile App,440.66,Germany,Regular
ORD000087,C00526,2023-06-12,2023-06,Q2,Completed,Website,683.14,Switzerland,Regular
ORD000088,C00328,2023-09-22,2023-09,Q3,Completed,Marketplace,1449.15,Germany,Regular
ORD000089,C00983,2023-11-02,2023-11,Q4,Completed,Phone,52.53,Belgium,New
ORD000090,C01432,2023-11-24,2023-11,Q4,Completed,Phone,726.62,Germany,Regular
ORD000091,C01027,2023-02-07,2023-02,Q1,Cancelled,Website,2077.3,France,Regular
ORD000092,C00015,2023-06-07,2023-06,Q2,Completed,Marketplace,192.45,Netherlands,Regular
ORD000093,C00365,2023-02-10,2023-02,Q1,Completed,Website,16.53,Belgium,Regular
ORD000094,C01329,2023-02-03,2023-02,Q1,Completed,Phone,49.04,France,VIP
ORD000095,C01755,2023-01-19,2023-01,Q1,Completed,Website,607.5,France,VIP
ORD000096,C01516,2023-05-23,2023-05,Q2,Completed,Mobile App,75.51,Germany,Regular
ORD000097,C01302,2023-01-12,2023-01,Q1,Completed,Marketplace,742.89,Germany,Regular
ORD000098,C01370,2023-03-06,2023-03,Q1,Completed,Website,2422.05,Austria,Churned
ORD000099,C01299,2023-11-12,2023-11,Q4,Completed,Marketplace,23.93,Netherlands,Regular
ORD000100,C00571,2023-03-20,2023-03,Q1,Completed,Mobile App,370.75,Switzerland,Regular
ORD000101,C00132,2023-12-03,2023-12,Q4,Completed,Mobile App,410.06,Austria,New
ORD000102,C00576,2023-05-24,2023-05,Q2,Completed,Website,345.26,Netherlands,Regular
ORD000103,C01846,2023-11-25,2023-11,Q4,Completed,Phone,277.58,Belgium,Regular
ORD000104,C01780,2023-07-16,2023-07,Q3,Completed,Website,2911.52,France,Regular
ORD000105,C02000,2023-12-31,2023-12,Q4,Completed,Mobile App,1779.51,Austria,Regular
ORD000106,C00780,2023-03-09,2023-03,Q1,Completed,Mobile App,382.3,Austria,Regular
ORD000107,C01342,2023-01-01,2023-01,Q1,Completed,Marketplace,310.35,Germany,New
ORD000108,C01167,2023-10-28,2023-10,Q4,Completed,Mobile App,227.65,Belgium,Regular
ORD000109,C01943,2023-12-22,2023-12,Q4,Completed,Website,156.72,Austria,Regular
ORD000110,C00170,2023-09-14,2023-09,Q3,Completed,Phone,185.2,France,VIP
ORD000111,C00601,2023-12-19,2023-12,Q4,Completed,Marketplace,18.56,Switzerland,New
ORD000112,C00844,2023-12-22,2023-12,Q4,Completed,Marketplace,464.29,Switzerland,VIP
ORD000113,C01758,2023-11-17,2023-11,Q4,Completed,Phone,106.28,Germany,VIP
ORD000114,C01720,2023-02-09,2023-02,Q1,Returned,Mobile App,334.76,Germany,Regular
ORD000115,C01999,2023-11-10,2023-11,Q4,Completed,Marketplace,79.83,Switzerland,VIP
ORD000116,C00451,2023-11-27,2023-11,Q4,Completed,Marketplace,1225.04,Germany,VIP
ORD000117,C00372,2023-12-10,2023-12,Q4,Completed,Phone,922.53,Germany,New
ORD000118,C01245,2023-05-19,2023-05,Q2,Completed,Website,278.79,Germany,Regular
ORD000119,C00171,2023-12-01,2023-12,Q4,Completed,Marketplace,128.0,Netherlands,Regular
ORD000120,C01071,2023-04-25,2023-04,Q2,Completed,Mobile App,67.98,Switzerland,VIP
ORD000121,C01930,2023-04-08,2023-04,Q2,Completed,Mobile App,209.9,Austria,Regular
ORD000122,C00985,2023-06-29,2023-06,Q2,Completed,Mobile App,112.35,Austria,Regular
ORD000123,C01328,2023-05-05,2023-05,Q2,Returned,Mobile App,105.73,France,Regular
ORD000124,C01852,2023-08-15,2023-08,Q3,Cancelled,Phone,871.71,Austria,New
ORD000125,C00084,2023-08-21,2023-08,Q3,Returned,Website,506.69,France,Regular
ORD000126,C00500,2023-10-19,2023-10,Q4,Completed,Mobile App,1418.33,France,VIP
ORD000127,C00948,2023-12-26,2023-12,Q4,Completed,Mobile App,333.69,Austria,VIP
ORD000128,C00390,2023-12-19,2023-12,Q4,Completed,Phone,167.29,France,VIP
ORD000129,C00269,2023-07-07,2023-07,Q3,Completed,Mobile App,52.84,Belgium,Regular
ORD000130,C01299,2023-02-07,2023-02,Q1,Completed,Website,1110.05,Netherlands,Regular
ORD000131,C01924,2023-03-29,2023-03,Q1,Completed,Mobile App,191.94,Austria,Regular
ORD000132,C00138,2023-11-15,2023-11,Q4,Completed,Website,848.58,Netherlands,Regular
ORD000133,C00838,2023-05-29,2023-05,Q2,Completed,Website,191.76,Germany,VIP
ORD000134,C01237,2023-11-20,2023-11,Q4,Completed,Marketplace,260.98,Germany,New
ORD000135,C00163,2023-05-05,2023-05,Q2,Completed,Phone,1720.01,France,VIP
ORD000136,C01207,2023-11-30,2023-11,Q4,Completed,Mobile App,611.03,Switzerland,VIP
ORD000137,C00834,2023-09-02,2023-09,Q3,Completed,Website,2099.4,Germany,Regular
ORD000138,C01022,2023-10-22,2023-10,Q4,Completed,Phone,961.33,Belgium,Regular
ORD000139,C00320,2023-01-29,2023-01,Q1,Completed,Phone,75.51,Germany,Regular
ORD000140,C00855,2023-03-23,2023-03,Q1,Completed,Mobile App,33.25,Germany,New
ORD000141,C01511,2023-11-11,2023-11,Q4,Completed,Phone,280.16,Switzerland,New
ORD000142,C00773,2023-01-23,2023-01,Q1,Returned,Website,23.93,Switzerland,Regular
ORD000143,C01149,2023-07-30,2023-07,Q3,Completed,Website,92.6,Germany,Regular
ORD000144,C01510,2023-02-28,2023-02,Q1,Completed,Phone,479.55,France,VIP
ORD000145,C00327,2023-04-05,2023-04,Q2,Completed,Phone,99.4,Belgium,VIP
ORD000146,C00605,2023-12-22,2023-12,Q4,Completed,Mobile App,469.68,Germany,Regular
ORD000147,C00210,2023-06-22,2023-06,Q2,Completed,Mobile App,2221.17,Germany,VIP
ORD000148,C01164,2023-05-20,2023-05,Q2,Completed,Phone,145.88,France,VIP
ORD000149,C00729,2023-11-29,2023-11,Q4,Completed,Marketplace,145.41,Germany,Regular
ORD000150,C01145,2023-08-07,2023-08,Q3,Completed,Mobile App,30.38,Austria,New
ORD000151,C01786,2023-08-31,2023-08,Q3,Completed,Website,729.52,Netherlands,VIP
ORD000152,C01211,2023-03-23,2023-03,Q1,Completed,Website,35.05,Germany,Regular
ORD000153,C00169,2023-04-24,2023-04,Q2,Completed,Mobile App,1350.0,Switzerland,New
ORD000154,C01165,2023-10-10,2023-10,Q4,Completed,Mobile App,1363.9,Belgium,Regular
ORD000155,C01929,2023-12-24,2023-12,Q4,Completed,Marketplace,1393.89,France,VIP
ORD000156,C01108,2023-11-09,2023-11,Q4,Completed,Phone,699.39,Germany,Regular
ORD000157,C01880,2023-05-09,2023-05,Q2,Completed,Website,818.36,Austria,Churned
ORD000158,C01996,2023-11-24,2023-11,Q4,Completed,Marketplace,101.99,Switzerland,VIP
ORD000159,C01143,2023-04-21,2023-04,Q2,Completed,Website,139.72,France,New
ORD000160,C01556,2023-08-12,2023-08,Q3,Completed,Website,1007.27,France,Regular
ORD000161,C01152,2023-09-04,2023-09,Q3,Completed,Phone,249.21,France,VIP
ORD000162,C00024,2023-12-13,2023-12,Q4,Completed,Website,104.56,Germany,New
ORD000163,C01186,2023-02-01,2023-02,Q1,Completed,Phone,461.56,France,Regular
ORD000164,C01504,2023-08-13,2023-08,Q3,Completed,Website,209.12,Germany,Regular
ORD000165,C01033,2023-09-15,2023-09,Q3,Completed,Marketplace,249.07,Germany,Regular
ORD000166,C01035,2023-09-05,2023-09,Q3,Completed,Phone,33.42,Germany,VIP
ORD000167,C01646,2023-01-27,2023-01,Q1,Completed,Phone,17.81,Germany,Regular
ORD000168,C01864,2023-10-24,2023-10,Q4,Completed,Marketplace,52.55,Germany,New
ORD000169,C01708,2023-03-03,2023-03,Q1,Completed,Mobile App,54.29,Switzerland,Regular
ORD000170,C01601,2023-06-26,2023-06,Q2,Completed,Phone,231.75,Austria,Regular
ORD000171,C00698,2023-12-18,2023-12,Q4,Returned,Website,963.9,Germany,Regular
ORD000172,C00151,2023-08-30,2023-08,Q3,Completed,Phone,504.84,Germany,Regular
ORD000173,C00233,2023-04-21,2023-04,Q2,Completed,Mobile App,33.25,Belgium,VIP
ORD000174,C00412,2023-05-07,2023-05,Q2,Completed,Marketplace,165.62,Germany,Regular
ORD000175,C01216,2023-12-04,2023-12,Q4,Completed,Phone,2338.17,France,Regular
ORD000176,C00461,2023-11-07,2023-11,Q4,Completed,Website,149.07,France,Regular
ORD000177,C01202,2023-08-29,2023-08,Q3,Completed,Mobile App,170.48,Germany,VIP
ORD000178,C00357,2023-03-23,2023-03,Q1,Completed,Phone,135.5,Netherlands,Regular
ORD000179,C00636,2023-02-13,2023-02,Q1,Completed,Phone,67.75,Netherlands,Regular
ORD000180,C01346,2023-06-27,2023-06,Q2,Completed,Phone,570.7,Austria,Regular
ORD000181,C01263,2023-02-23,2023-02,Q1,Completed,Mobile App,741.5,Germany,Churned
ORD000182,C01588,2023-02-02,2023-02,Q1,Completed,Phone,626.38,Switzerland,Regular
ORD000183,C01357,2023-06-18,2023-06,Q2,Cancelled,Marketplace,769.37,Austria,Regular
ORD000184,C01320,2023-06-28,2023-06,Q2,Completed,Mobile App,926.19,Belgium,VIP
ORD000185,C00706,2023-01-15,2023-01,Q1,Completed,Marketplace,367.47,Germany,New
ORD000186,C01000,2023-04-13,2023-04,Q2,Completed,Website,35.02,Netherlands,New
ORD000187,C00555,2023-03-24,2023-03,Q1,Completed,Website,830.88,Germany,Regular
ORD000188,C00813,2023-08-09,2023-08,Q3,Completed,Website,592.51,Germany,VIP
ORD000189,C01572,2023-01-01,2023-01,Q1,Completed,Website,426.86,Austria,Regular
ORD000190,C01320,2023-01-09,2023-01,Q1,Completed,Marketplace,431.06,Belgium,VIP
ORD000191,C01234,2023-12-10,2023-12,Q4,Completed,Website,1415.1,France,Regular
ORD000192,C00527,2023-05-25,2023-05,Q2,Completed,Phone,58.37,Germany,Churned
ORD000193,C00008,2023-11-29,2023-11,Q4,Completed,Website,1173.25,Germany,Regular
ORD000194,C01927,2023-10-31,2023-10,Q4,Completed,Phone,117.12,Austria,VIP
ORD000195,C01386,2023-09-18,2023-09,Q3,Completed,Mobile App,1338.69,Germany,Regular
ORD000196,C00702,2023-08-13,2023-08,Q3,Completed,Mobile App,424.01,Germany,VIP
ORD000197,C01934,2023-03-29,2023-03,Q1,Completed,Website,159.01,Switzerland,VIP
ORD000198,C00465,2023-12-05,2023-12,Q4,Completed,Phone,2587.89,Austria,VIP
ORD000199,C01441,2023-11-14,2023-11,Q4,Completed,Website,37.48,Belgium,Regular
ORD000200,C00541,2023-06-19,2023-06,Q2,Returned,Phone,129.07,Austria,New
ORD000201,C00627,2023-08-23,2023-08,Q3,Returned,Phone,1215.0,France,VIP
ORD000202,C00639,2023-12-24,2023-12,Q4,Completed,Website,1343.16,Germany,VIP
ORD000203,C01585,2023-06-19,2023-06,Q2,Completed,Mobile App,969.87,France,VIP
ORD000204,C01674,2023-04-11,2023-04,Q2,Completed,Mobile App,1578.11,Germany,VIP
ORD000205,C01800,2023-01-18,2023-01,Q1,Completed,Phone,170.15,Germany,Regular
ORD000206,C01869,2023-02-11,2023-02,Q1,Completed,Website,89.13,Belgium,VIP
ORD000207,C00231,2023-09-13,2023-09,Q3,Completed,Marketplace,167.38,Netherlands,VIP
ORD000208,C00661,2023-02-26,2023-02,Q1,Completed,Mobile App,205.58,France,VIP
ORD000209,C01387,2023-08-05,2023-08,Q3,Completed,Mobile App,303.11,Netherlands,New
ORD000210,C00209,2023-06-28,2023-06,Q2,Completed,Phone,182.0,Switzerland,Regular
ORD000211,C00714,2023-11-26,2023-11,Q4,Completed,Website,234.9,Germany,Regular
ORD000212,C00945,2023-10-25,2023-10,Q4,Completed,Phone,571.56,Germany,Regular
ORD000213,C01063,2023-01-13,2023-01,Q1,Completed,Mobile App,655.18,Belgium,New
ORD000214,C01969,2023-02-26,2023-02,Q1,Completed,Marketplace,880.7,Germany,Regular
ORD000215,C00233,2023-05-06,2023-05,Q2,Completed,Marketplace,38.74,Belgium,VIP
ORD000216,C00999,2023-08-25,2023-08,Q3,Completed,Mobile App,905.31,Germany,VIP
ORD000217,C00510,2023-04-08,2023-04,Q2,Completed,Marketplace,111.14,Netherlands,VIP
ORD000218,C01061,2023-06-30,2023-06,Q2,Completed,Marketplace,42.27,Germany,Regular
ORD000219,C01558,2023-01-02,2023-01,Q1,Cancelled,Phone,230.82,Belgium,New
ORD000220,C01258,2023-05-28,2023-05,Q2,Completed,Marketplace,2104.18,Germany,VIP
ORD000221,C01049,2023-01-24,2023-01,Q1,Returned,Marketplace,218.42,Germany,Regular
ORD000222,C00522,2023-10-26,2023-10,Q4,Completed,Mobile App,83.9,Germany,VIP
ORD000223,C01895,2023-12-20,2023-12,Q4,Completed,Marketplace,313.6,Germany,Regular
ORD000224,C00885,2023-10-01,2023-10,Q4,Completed,Phone,459.84,Germany,VIP
ORD000225,C00278,2023-06-16,2023-06,Q2,Completed,Phone,93.88,France,VIP
ORD000226,C00660,2023-05-13,2023-05,Q2,Completed,Phone,687.08,Germany,New
ORD000227,C01449,2023-04-24,2023-04,Q2,Completed,Phone,1737.21,Austria,Regular
ORD000228,C01638,2023-12-09,2023-12,Q4,Completed,Mobile App,220.54,Germany,Regular
ORD000229,C01390,2023-01-21,2023-01,Q1,Cancelled,Phone,626.47,Germany,Regular
ORD000230,C00643,2023-03-17,2023-03,Q1,Completed,Website,224.55,Switzerland,Regular
ORD000231,C01400,2023-12-17,2023-12,Q4,Completed,Phone,1019.59,Germany,New
ORD000232,C01647,2023-04-08,2023-04,Q2,Completed,Marketplace,604.88,Netherlands,Regular
ORD000233,C01942,2023-04-20,2023-04,Q2,Completed,Website,237.14,Switzerland,VIP
ORD000234,C00743,2023-10-27,2023-10,Q4,Completed,Phone,796.85,Germany,VIP
ORD000235,C01550,2023-05-24,2023-05,Q2,Completed,Mobile App,1049.83,Austria,Regular
ORD000236,C01113,2023-05-23,2023-05,Q2,Completed,Website,71.56,Austria,Regular
ORD000237,C00514,2023-11-29,2023-11,Q4,Completed,Phone,66.5,Germany,Regular
ORD000238,C01916,2023-07-10,2023-07,Q3,Completed,Marketplace,117.44,France,Regular
ORD000239,C01104,2023-06-18,2023-06,Q2,Completed,Marketplace,661.34,Germany,Regular
ORD000240,C00143,2023-10-30,2023-10,Q4,Completed,Website,1202.65,Germany,Regular
ORD000241,C01879,2023-12-29,2023-12,Q4,Returned,Mobile App,608.38,Germany,Regular
ORD000242,C00826,2023-12-20,2023-12,Q4,Completed,Marketplace,321.04,Switzerland,Regular
ORD000243,C01511,2023-04-01,2023-04,Q2,Completed,Marketplace,682.52,Switzerland,New
ORD000244,C00707,2023-06-23,2023-06,Q2,Completed,Marketplace,77.74,Germany,Regular
ORD000245,C00390,2023-04-07,2023-04,Q2,Returned,Website,1249.24,France,VIP
ORD000246,C00038,2023-03-27,2023-03,Q1,Completed,Mobile App,1456.45,Germany,Regular
ORD000247,C01213,2023-11-08,2023-11,Q4,Completed,Phone,1839.19,Germany,VIP
ORD000248,C01295,2023-09-28,2023-09,Q3,Completed,Marketplace,474.01,Switzerland,New
ORD000249,C01932,2023-03-19,2023-03,Q1,Completed,Phone,83.9,Germany,New
ORD000250,C01508,2023-11-18,2023-11,Q4,Completed,Marketplace,61.99,Switzerland,VIP
ORD000251,C01660,2023-03-31,2023-03,Q1,Completed,Marketplace,234.21,Germany,Regular
ORD000252,C01465,2023-05-01,2023-05,Q2,Completed,Mobile App,2297.27,Germany,VIP
ORD000253,C00945,2023-10-17,2023-10,Q4,Completed,Marketplace,794.85,Germany,Regular
ORD000254,C00293,2023-01-14,2023-01,Q1,Completed,Website,225.82,Netherlands,Regular
ORD000255,C00054,2023-12-23,2023-12,Q4,Completed,Phone,267.39,Switzerland,VIP
ORD000256,C00011,2023-12-20,2023-12,Q4,Completed,Marketplace,26.32,Germany,Regular
ORD000257,C00505,2023-10-17,2023-10,Q4,Completed,Marketplace,419.88,Germany,VIP
ORD000258,C00764,2023-03-26,2023-03,Q1,Completed,Marketplace,59.53,Germany,Regular
ORD000259,C00613,2023-01-18,2023-01,Q1,Completed,Website,94.3,Germany,Regular
ORD000260,C00852,2023-08-21,2023-08,Q3,Completed,Website,247.01,Switzerland,Regular
ORD000261,C00698,2023-01-20,2023-01,Q1,Completed,Phone,65.12,Germany,Regular
ORD000262,C01411,2023-05-29,2023-05,Q2,Completed,Mobile App,100.09,Belgium,VIP
ORD000263,C00299,2023-06-28,2023-06,Q2,Cancelled,Marketplace,220.95,Germany,Regular
ORD000264,C01669,2023-01-31,2023-01,Q1,Completed,Website,389.97,Germany,New
ORD000265,C00238,2023-05-17,2023-05,Q2,Completed,Mobile App,1659.02,France,Regular
ORD000266,C01029,2023-01-26,2023-01,Q1,Completed,Mobile App,343.25,Belgium,VIP
ORD000267,C01593,2023-06-02,2023-06,Q2,Completed,Phone,1646.75,Germany,Regular
ORD000268,C01920,2023-09-16,2023-09,Q3,Completed,Phone,64.36,France,Regular
ORD000269,C00705,2023-05-23,2023-05,Q2,Completed,Website,1198.35,Germany,Regular
ORD000270,C01742,2023-01-22,2023-01,Q1,Returned,Mobile App,168.04,Germany,Regular
ORD000271,C00560,2023-10-22,2023-10,Q4,Completed,Marketplace,169.64,France,Regular
ORD000272,C00500,2023-05-20,2023-05,Q2,Completed,Marketplace,479.55,France,VIP
ORD000273,C00244,2023-02-01,2023-02,Q1,Completed,Website,525.25,Germany,New
ORD000274,C00185,2023-12-11,2023-12,Q4,Completed,Marketplace,916.36,France,Regular
ORD000275,C00717,2023-12-05,2023-12,Q4,Completed,Mobile App,109.52,Germany,Regular
ORD000276,C00017,2023-11-27,2023-11,Q4,Returned,Website,214.89,Germany,VIP
ORD000277,C01310,2023-04-25,2023-04,Q2,Returned,Phone,654.8,Austria,VIP
ORD000278,C01390,2023-02-24,2023-02,Q1,Returned,Website,2368.92,Germany,Regular
ORD000279,C00103,2023-02-13,2023-02,Q1,Completed,Website,227.27,Belgium,New
ORD000280,C00411,2023-04-10,2023-04,Q2,Completed,Website,1381.02,Switzerland,Regular
ORD000281,C00518,2023-01-27,2023-01,Q1,Completed,Mobile App,25.19,Netherlands,Regular
ORD000282,C01355,2023-05-29,2023-05,Q2,Completed,Mobile App,64.58,Austria,Regular
ORD000283,C01671,2023-12-15,2023-12,Q4,Completed,Marketplace,410.88,France,Regular
ORD000284,C01257,2023-12-03,2023-12,Q4,Completed,Mobile App,343.4,Germany,Regular
ORD000285,C00298,2023-11-01,2023-11,Q4,Completed,Phone,607.5,Germany,Regular
ORD000286,C01785,2023-08-08,2023-08,Q3,Completed,Mobile App,323.88,Switzerland,Regular
ORD000287,C00651,2023-11-28,2023-11,Q4,Completed,Website,27.41,Switzerland,Regular
ORD000288,C00451,2023-03-30,2023-03,Q1,Completed,Website,8.78,Germany,VIP
ORD000289,C01649,2023-12-05,2023-12,Q4,Cancelled,Website,61.7,Austria,Regular
ORD000290,C01222,2023-06-27,2023-06,Q2,Completed,Website,172.22,Austria,Regular
ORD000291,C01538,2023-08-04,2023-08,Q3,Completed,Website,840.38,Austria,New
ORD000292,C01647,2023-03-21,2023-03,Q1,Completed,Phone,60.83,Netherlands,Regular
ORD000293,C01757,2023-12-02,2023-12,Q4,Completed,Mobile App,832.77,Switzerland,Regular
ORD000294,C00862,2023-02-04,2023-02,Q1,Completed,Phone,459.84,Netherlands,New
ORD000295,C00278,2023-10-03,2023-10,Q4,Cancelled,Marketplace,1761.77,France,VIP
ORD000296,C00776,2023-11-02,2023-11,Q4,Completed,Phone,1174.15,Germany,Regular
ORD000297,C00700,2023-11-14,2023-11,Q4,Completed,Mobile App,765.83,Austria,Regular
ORD000298,C01947,2023-11-17,2023-11,Q4,Completed,Mobile App,54.29,Switzerland,Regular
ORD000299,C00754,2023-03-02,2023-03,Q1,Completed,Website,2035.77,Germany,Regular
ORD000300,C00950,2023-02-03,2023-02,Q1,Completed,Website,2587.89,Germany,Regular
ORD000301,C01952,2023-04-24,2023-04,Q2,Completed,Mobile App,253.56,France,VIP
ORD000302,C01784,2023-11-06,2023-11,Q4,Completed,Phone,1431.55,Netherlands,Regular
ORD000303,C00477,2023-04-19,2023-04,Q2,Completed,Website,807.35,Germany,New
ORD000304,C01111,2023-01-17,2023-01,Q1,Completed,Website,73.39,Germany,VIP
ORD000305,C01587,2023-02-21,2023-02,Q1,Completed,Website,510.59,Germany,Regular
ORD000306,C00684,2023-12-02,2023-12,Q4,Completed,Mobile App,761.98,Switzerland,Regular
ORD000307,C00640,2023-03-06,2023-03,Q1,Completed,Mobile App,162.52,Netherlands,Regular
ORD000308,C01018,2023-05-01,2023-05,Q2,Completed,Website,356.88,Netherlands,VIP
ORD000309,C01765,2023-12-09,2023-12,Q4,Completed,Phone,74.96,Germany,Churned
ORD000310,C00857,2023-12-11,2023-12,Q4,Completed,Website,21.84,Germany,Churned
ORD000311,C00842,2023-12-27,2023-12,Q4,Returned,Phone,194.35,Germany,Regular
ORD000312,C01230,2023-04-25,2023-04,Q2,Completed,Marketplace,53.29,Switzerland,New
ORD000313,C00705,2023-12-01,2023-12,Q4,Completed,Mobile App,675.0,Germany,Regular
ORD000314,C00781,2023-12-31,2023-12,Q4,Completed,Website,68.17,Netherlands,Regular
ORD000315,C01310,2023-07-07,2023-07,Q3,Completed,Website,1291.76,Austria,VIP
ORD000316,C01488,2023-01-12,2023-01,Q1,Completed,Website,52.88,Germany,Regular
ORD000317,C00915,2023-07-06,2023-07,Q3,Completed,Website,806.4,Germany,VIP
ORD000318,C01325,2023-07-22,2023-07,Q3,Completed,Mobile App,783.69,Switzerland,Regular
ORD000319,C00641,2023-06-08,2023-06,Q2,Cancelled,Marketplace,538.83,Belgium,VIP
ORD000320,C01036,2023-05-21,2023-05,Q2,Completed,Mobile App,621.51,Germany,New
ORD000321,C00108,2023-01-08,2023-01,Q1,Completed,Website,1541.54,Germany,Regular
ORD000322,C00729,2023-02-10,2023-02,Q1,Completed,Marketplace,20.66,Germany,Regular
ORD000323,C01836,2023-11-23,2023-11,Q4,Completed,Mobile App,64.72,Germany,Regular
ORD000324,C00633,2023-05-13,2023-05,Q2,Completed,Mobile App,697.25,Germany,Regular
ORD000325,C01129,2023-02-20,2023-02,Q1,Completed,Website,721.83,Belgium,VIP
ORD000326,C00684,2023-03-15,2023-03,Q1,Returned,Marketplace,868.8,Switzerland,Regular
ORD000327,C00293,2023-08-12,2023-08,Q3,Completed,Marketplace,288.82,Netherlands,Regular
ORD000328,C01560,2023-12-22,2023-12,Q4,Completed,Website,1622.61,Belgium,VIP
ORD000329,C00807,2023-05-19,2023-05,Q2,Returned,Mobile App,579.87,Austria,VIP
ORD000330,C00298,2023-08-09,2023-08,Q3,Completed,Mobile App,33.57,Germany,Regular
ORD000331,C00392,2023-09-26,2023-09,Q3,Completed,Phone,374.82,Germany,VIP
ORD000332,C01215,2023-12-02,2023-12,Q4,Completed,Marketplace,140.05,Germany,VIP
ORD000333,C01159,2023-09-08,2023-09,Q3,Completed,Mobile App,382.64,Belgium,Regular
ORD000334,C00843,2023-01-26,2023-01,Q1,Completed,Phone,1502.88,Germany,Churned
ORD000335,C01618,2023-01-20,2023-01,Q1,Completed,Marketplace,28.2,Germany,VIP
ORD000336,C00475,2023-06-16,2023-06,Q2,Completed,Marketplace,53.4,Germany,Regular
ORD000337,C00785,2023-06-16,2023-06,Q2,Completed,Phone,1240.27,Switzerland,VIP
ORD000338,C00483,2023-01-20,2023-01,Q1,Completed,Website,352.04,Germany,New
ORD000339,C00721,2023-10-15,2023-10,Q4,Completed,Phone,179.38,Germany,New
ORD000340,C00033,2023-03-08,2023-03,Q1,Completed,Website,726.62,Netherlands,New
ORD000341,C01405,2023-12-26,2023-12,Q4,Completed,Phone,348.42,France,Regular
ORD000342,C00598,2023-11-27,2023-11,Q4,Completed,Phone,676.42,Germany,Regular
ORD000343,C01088,2023-04-22,2023-04,Q2,Completed,Marketplace,419.69,Belgium,Regular
ORD000344,C00275,2023-02-11,2023-02,Q1,Completed,Phone,227.06,Austria,New
ORD000345,C01856,2023-04-04,2023-04,Q2,Completed,Mobile App,587.2,Switzerland,Regular
ORD000346,C00635,2023-10-16,2023-10,Q4,Completed,Website,562.47,Germany,Regular
ORD000347,C00473,2023-03-02,2023-03,Q1,Completed,Website,601.4,Switzerland,VIP
ORD000348,C01729,2023-10-02,2023-10,Q4,Completed,Marketplace,86.06,Austria,New
ORD000349,C01943,2023-10-06,2023-10,Q4,Completed,Website,431.64,Austria,Regular
ORD000350,C00465,2023-08-04,2023-08,Q3,Completed,Mobile App,310.58,Austria,VIP
ORD000351,C00953,2023-01-07,2023-01,Q1,Completed,Website,680.28,Germany,New
ORD000352,C01518,2023-08-02,2023-08,Q3,Completed,Marketplace,234.1,Netherlands,Regular
ORD000353,C00092,2023-05-18,2023-05,Q2,Completed,Phone,140.3,Austria,Regular
ORD000354,C01508,2023-02-01,2023-02,Q1,Completed,Phone,169.94,Switzerland,VIP
ORD000355,C01103,2023-10-16,2023-10,Q4,Completed,Marketplace,531.68,Germany,New
ORD000356,C00491,2023-06-01,2023-06,Q2,Completed,Mobile App,122.23,Germany,New
ORD000357,C01646,2023-11-24,2023-11,Q4,Completed,Phone,770.75,Germany,Regular
ORD000358,C01749,2023-03-30,2023-03,Q1,Completed,Website,641.25,France,VIP
ORD000359,C01200,2023-05-13,2023-05,Q2,Completed,Phone,760.61,France,Regular
ORD000360,C01817,2023-08-05,2023-08,Q3,Completed,Phone,1719.94,Switzerland,Regular
ORD000361,C00067,2023-08-26,2023-08,Q3,Completed,Marketplace,1197.21,Germany,New
ORD000362,C00804,2023-06-19,2023-06,Q2,Completed,Website,733.95,Germany,Regular
ORD000363,C00699,2023-05-04,2023-05,Q2,Completed,Mobile App,1069.45,Germany,New
ORD000364,C00466,2023-12-18,2023-12,Q4,Completed,Phone,233.22,Germany,Regular
ORD000365,C00799,2023-07-14,2023-07,Q3,Completed,Phone,366.87,Austria,VIP
ORD000366,C01349,2023-01-24,2023-01,Q1,Completed,Phone,582.4,France,VIP
ORD000367,C01956,2023-07-27,2023-07,Q3,Completed,Marketplace,1036.98,Switzerland,Regular
ORD000368,C00860,2023-06-11,2023-06,Q2,Completed,Website,1447.92,France,Regular
ORD000369,C01441,2023-11-28,2023-11,Q4,Completed,Marketplace,371.33,Belgium,Regular
ORD000370,C01574,2023-09-04,2023-09,Q3,Completed,Phone,18.52,Austria,Regular
ORD000371,C01950,2023-11-06,2023-11,Q4,Completed,Phone,592.51,Switzerland,VIP
ORD000372,C01472,2023-10-22,2023-10,Q4,Completed,Mobile App,1008.82,Netherlands,Regular
ORD000373,C00434,2023-01-24,2023-01,Q1,Completed,Mobile App,107.85,France,VIP
ORD000374,C01341,2023-10-31,2023-10,Q4,Completed,Phone,862.63,Austria,Regular
ORD000375,C01072,2023-08-07,2023-08,Q3,Completed,Mobile App,589.57,France,Regular
ORD000376,C01169,2023-07-31,2023-07,Q3,Completed,Website,762.93,Switzerland,New
ORD000377,C00997,2023-12-09,2023-12,Q4,Completed,Mobile App,699.32,Belgium,Regular
ORD000378,C00029,2023-03-23,2023-03,Q1,Completed,Phone,89.81,Austria,VIP
ORD000379,C01607,2023-07-04,2023-07,Q3,Completed,Mobile App,839.24,Germany,New
ORD000380,C01288,2023-03-17,2023-03,Q1,Completed,Website,313.58,Germany,New
ORD000381,C01439,2023-11-14,2023-11,Q4,Returned,Mobile App,326.1,Germany,New
ORD000382,C00814,2023-02-25,2023-02,Q1,Completed,Website,780.53,Netherlands,Regular
ORD000383,C00334,2023-05-15,2023-05,Q2,Completed,Marketplace,560.55,Germany,Regular
ORD000384,C01590,2023-01-17,2023-01,Q1,Returned,Mobile App,378.19,Austria,Churned
ORD000385,C00468,2023-01-10,2023-01,Q1,Completed,Marketplace,1189.37,Switzerland,Regular
ORD000386,C01178,2023-02-03,2023-02,Q1,Completed,Website,127.83,Belgium,VIP
ORD000387,C01741,2023-03-25,2023-03,Q1,Completed,Phone,104.78,Germany,New
ORD000388,C01014,2023-02-17,2023-02,Q1,Completed,Mobile App,111.14,Germany,Regular
ORD000389,C00208,2023-05-13,2023-05,Q2,Completed,Phone,1617.86,Austria,VIP
ORD000390,C01923,2023-11-03,2023-11,Q4,Completed,Marketplace,67.98,Germany,Regular
ORD000391,C00740,2023-08-14,2023-08,Q3,Completed,Marketplace,1009.58,Austria,VIP
ORD000392,C01448,2023-05-15,2023-05,Q2,Completed,Website,398.12,Germany,Regular
ORD000393,C00904,2023-02-18,2023-02,Q1,Completed,Marketplace,442.48,Germany,Regular
ORD000394,C00187,2023-03-05,2023-03,Q1,Completed,Website,101.99,Germany,Regular
ORD000395,C00621,2023-07-04,2023-07,Q3,Completed,Website,99.79,Switzerland,Regular
ORD000396,C01248,2023-08-21,2023-08,Q3,Completed,Marketplace,687.11,Germany,Regular
ORD000397,C00543,2023-09-11,2023-09,Q3,Completed,Marketplace,407.63,Austria,New
ORD000398,C01290,2023-12-18,2023-12,Q4,Completed,Mobile App,917.41,Austria,Regular
ORD000399,C00031,2023-08-02,2023-08,Q3,Completed,Website,587.12,Belgium,Regular
ORD000400,C01897,2023-11-28,2023-11,Q4,Completed,Website,1233.38,Netherlands,Regular
ORD000401,C00451,2023-02-01,2023-02,Q1,Completed,Marketplace,2495.6,Germany,VIP
ORD000402,C00063,2023-08-30,2023-08,Q3,Completed,Phone,704.55,Switzerland,VIP
ORD000403,C00790,2023-01-10,2023-01,Q1,Completed,Phone,631.88,Germany,Regular
ORD000404,C01719,2023-09-11,2023-09,Q3,Completed,Mobile App,346.61,Germany,Regular
ORD000405,C01452,2023-03-31,2023-03,Q1,Completed,Phone,250.44,Austria,Regular
ORD000406,C01806,2023-02-10,2023-02,Q1,Completed,Website,177.17,Netherlands,VIP
ORD000407,C01272,2023-08-10,2023-08,Q3,Completed,Website,26.28,Germany,New
ORD000408,C01276,2023-02-27,2023-02,Q1,Completed,Phone,1822.82,Belgium,Regular
ORD000409,C01045,2023-11-09,2023-11,Q4,Completed,Phone,1498.28,Germany,VIP
ORD000410,C00568,2023-03-07,2023-03,Q1,Returned,Marketplace,321.63,Germany,New
ORD000411,C01775,2023-07-26,2023-07,Q3,Completed,Website,150.56,Germany,Regular
ORD000412,C00970,2023-03-14,2023-03,Q1,Completed,Marketplace,1044.74,Germany,Regular
ORD000413,C00939,2023-12-07,2023-12,Q4,Completed,Phone,66.96,Belgium,Regular
ORD000414,C00104,2023-04-02,2023-04,Q2,Completed,Website,1853.42,Germany,New
ORD000415,C01318,2023-08-05,2023-08,Q3,Completed,Website,392.84,Netherlands,Regular
ORD000416,C01683,2023-06-11,2023-06,Q2,Completed,Mobile App,753.99,Germany,New
ORD000417,C00609,2023-11-17,2023-11,Q4,Completed,Mobile App,156.01,Germany,Regular
ORD000418,C01513,2023-10-09,2023-10,Q4,Completed,Phone,183.94,Germany,VIP
ORD000419,C00753,2023-08-14,2023-08,Q3,Completed,Website,2205.18,France,Regular
ORD000420,C01929,2023-04-09,2023-04,Q2,Returned,Mobile App,1711.42,France,VIP
ORD000421,C00515,2023-04-20,2023-04,Q2,Completed,Website,147.31,Germany,Regular
ORD000422,C01679,2023-08-12,2023-08,Q3,Completed,Website,1494.57,Belgium,VIP
ORD000423,C00864,2023-05-31,2023-05,Q2,Completed,Phone,322.81,Switzerland,VIP
ORD000424,C01919,2023-01-20,2023-01,Q1,Completed,Mobile App,273.9,Austria,Regular
ORD000425,C01942,2023-10-09,2023-10,Q4,Completed,Marketplace,20.75,Switzerland,VIP
ORD000426,C00475,2023-05-31,2023-05,Q2,Completed,Mobile App,170.63,Germany,Regular
ORD000427,C00465,2023-05-25,2023-05,Q2,Completed,Marketplace,436.05,Austria,VIP
ORD000428,C01999,2023-11-26,2023-11,Q4,Completed,Phone,36.18,Switzerland,VIP
ORD000429,C00289,2023-11-07,2023-11,Q4,Completed,Marketplace,139.74,Netherlands,Regular
ORD000430,C01236,2023-12-23,2023-12,Q4,Completed,Website,426.14,Belgium,New
ORD000431,C01399,2023-06-03,2023-06,Q2,Completed,Mobile App,725.94,Netherlands,VIP
ORD000432,C00976,2023-02-18,2023-02,Q1,Completed,Phone,38.94,Austria,Regular
ORD000433,C00499,2023-09-02,2023-09,Q3,Completed,Mobile App,49.61,Germany,Regular
ORD000434,C00786,2023-07-25,2023-07,Q3,Completed,Phone,170.67,Austria,VIP
ORD000435,C01928,2023-05-18,2023-05,Q2,Completed,Marketplace,58.37,Switzerland,VIP
ORD000436,C01458,2023-12-11,2023-12,Q4,Completed,Mobile App,369.47,Belgium,New
ORD000437,C01050,2023-03-12,2023-03,Q1,Completed,Mobile App,116.36,Germany,Regular
ORD000438,C01445,2023-06-11,2023-06,Q2,Completed,Phone,640.89,Austria,Regular
ORD000439,C00801,2023-12-26,2023-12,Q4,Completed,Website,195.89,France,VIP
ORD000440,C01128,2023-03-09,2023-03,Q1,Completed,Phone,80.2,Germany,Regular
ORD000441,C00815,2023-04-11,2023-04,Q2,Completed,Phone,202.15,Germany,VIP
ORD000442,C01044,2023-12-02,2023-12,Q4,Completed,Website,322.95,Austria,Regular
ORD000443,C01118,2023-05-14,2023-05,Q2,Completed,Marketplace,75.08,Germany,VIP
ORD000444,C00985,2023-07-24,2023-07,Q3,Completed,Mobile App,1456.14,Austria,Regular
ORD000445,C01071,2023-07-21,2023-07,Q3,Completed,Website,36.96,Switzerland,VIP
ORD000446,C01943,2023-11-20,2023-11,Q4,Completed,Mobile App,397.71,Austria,Regular
ORD000447,C01001,2023-03-12,2023-03,Q1,Completed,Mobile App,1286.87,Austria,New
ORD000448,C00065,2023-09-25,2023-09,Q3,Completed,Mobile App,521.27,Austria,VIP
ORD000449,C00626,2023-12-04,2023-12,Q4,Completed,Phone,267.18,Germany,Churned
ORD000450,C00204,2023-10-15,2023-10,Q4,Completed,Marketplace,101.99,France,Regular
ORD000451,C01246,2023-04-24,2023-04,Q2,Completed,Website,201.59,Germany,Regular
ORD000452,C01312,2023-02-26,2023-02,Q1,Completed,Marketplace,1457.98,Germany,Regular
ORD000453,C00938,2023-06-14,2023-06,Q2,Completed,Website,31.66,Germany,New
ORD000454,C01665,2023-02-07,2023-02,Q1,Completed,Marketplace,333.68,Austria,Churned
ORD000455,C01686,2023-07-27,2023-07,Q3,Completed,Marketplace,769.03,Germany,Regular
ORD000456,C00465,2023-09-06,2023-09,Q3,Completed,Website,263.23,Austria,VIP
ORD000457,C01679,2023-01-13,2023-01,Q1,Completed,Marketplace,659.16,Belgium,VIP
ORD000458,C01507,2023-06-20,2023-06,Q2,Completed,Mobile App,80.22,Austria,VIP
ORD000459,C00589,2023-10-29,2023-10,Q4,Completed,Mobile App,621.14,Germany,VIP
ORD000460,C00681,2023-11-09,2023-11,Q4,Completed,Website,65.8,Germany,VIP
ORD000461,C01513,2023-12-02,2023-12,Q4,Completed,Marketplace,1614.7,Germany,VIP
ORD000462,C01530,2023-11-19,2023-11,Q4,Completed,Mobile App,98.84,Netherlands,VIP
ORD000463,C01702,2023-07-06,2023-07,Q3,Completed,Website,164.68,Belgium,Regular
ORD000464,C01433,2023-06-21,2023-06,Q2,Completed,Phone,160.53,Germany,Regular
ORD000465,C00006,2023-12-30,2023-12,Q4,Cancelled,Marketplace,1328.46,Austria,New
ORD000466,C00852,2023-01-24,2023-01,Q1,Completed,Website,107.25,Switzerland,Regular
ORD000467,C01433,2023-10-24,2023-10,Q4,Completed,Phone,160.14,Germany,Regular
ORD000468,C00198,2023-05-03,2023-05,Q2,Returned,Marketplace,325.55,Switzerland,Regular
ORD000469,C00235,2023-08-24,2023-08,Q3,Completed,Website,750.74,Switzerland,Regular
ORD000470,C00737,2023-07-14,2023-07,Q3,Completed,Marketplace,352.24,Austria,Regular
ORD000471,C00230,2023-03-30,2023-03,Q1,Completed,Marketplace,108.58,Austria,Regular
ORD000472,C00705,2023-11-16,2023-11,Q4,Cancelled,Phone,326.6,Germany,Regular
ORD000473,C01333,2023-04-19,2023-04,Q2,Completed,Marketplace,220.95,Germany,Regular
ORD000474,C01411,2023-05-09,2023-05,Q2,Completed,Phone,768.85,Belgium,VIP
ORD000475,C00954,2023-07-11,2023-07,Q3,Completed,Website,72.36,France,VIP
ORD000476,C00669,2023-06-04,2023-06,Q2,Cancelled,Marketplace,706.58,Germany,VIP
ORD000477,C01975,2023-11-29,2023-11,Q4,Completed,Phone,2102.62,Austria,New
ORD000478,C01512,2023-06-15,2023-06,Q2,Completed,Phone,25.97,Germany,VIP
ORD000479,C00101,2023-01-12,2023-01,Q1,Completed,Website,10.42,France,Regular
ORD000480,C00475,2023-03-28,2023-03,Q1,Completed,Mobile App,1296.15,Germany,Regular
ORD000481,C01313,2023-07-10,2023-07,Q3,Completed,Website,89.13,Belgium,VIP
ORD000482,C01747,2023-03-12,2023-03,Q1,Completed,Mobile App,1353.7,France,VIP
ORD000483,C00580,2023-12-09,2023-12,Q4,Completed,Phone,791.84,Austria,VIP
ORD000484,C00818,2023-08-11,2023-08,Q3,Completed,Marketplace,478.83,Switzerland,VIP
ORD000485,C00327,2023-09-09,2023-09,Q3,Completed,Mobile App,33.75,Belgium,VIP
ORD000486,C01255,2023-01-19,2023-01,Q1,Completed,Phone,572.29,France,New
ORD000487,C00472,2023-06-20,2023-06,Q2,Returned,Phone,117.44,Switzerland,VIP
ORD000488,C01192,2023-03-14,2023-03,Q1,Completed,Phone,37.54,Germany,Regular
ORD000489,C01336,2023-06-23,2023-06,Q2,Completed,Website,694.27,Germany,VIP
ORD000490,C01670,2023-02-08,2023-02,Q1,Completed,Phone,89.13,Germany,Regular
ORD000491,C01647,2023-08-20,2023-08,Q3,Completed,Phone,99.79,Netherlands,Regular
ORD000492,C01329,2023-12-30,2023-12,Q4,Completed,Phone,641.25,France,VIP
ORD000493,C01412,2023-11-20,2023-11,Q4,Completed,Mobile App,57.25,Germany,VIP
ORD000494,C01274,2023-10-25,2023-10,Q4,Returned,Marketplace,481.03,Netherlands,Regular
ORD000495,C01338,2023-02-23,2023-02,Q1,Completed,Mobile App,328.77,Germany,Regular
ORD000496,C01619,2023-06-08,2023-06,Q2,Completed,Phone,105.68,France,VIP
ORD000497,C00381,2023-11-17,2023-11,Q4,Completed,Website,474.92,France,VIP
ORD000498,C01333,2023-12-26,2023-12,Q4,Completed,Website,868.86,Germany,Regular
ORD000499,C01383,2023-01-27,2023-01,Q1,Completed,Website,1718.9,Germany,Regular
ORD000500,C00651,2023-12-14,2023-12,Q4,Completed,Phone,212.73,Switzerland,Regular
ORD000501,C00072,2023-11-05,2023-11,Q4,Completed,Phone,541.26,Switzerland,Regular
ORD000502,C00999,2023-08-28,2023-08,Q3,Completed,Mobile App,359.22,Germany,VIP
ORD000503,C00550,2023-10-06,2023-10,Q4,Completed,Phone,91.79,Germany,VIP
ORD000504,C01491,2023-10-04,2023-10,Q4,Completed,Marketplace,507.56,France,Regular
ORD000505,C01433,2023-04-04,2023-04,Q2,Returned,Website,791.99,Germany,Regular
ORD000506,C00774,2023-06-24,2023-06,Q2,Cancelled,Marketplace,170.77,Germany,VIP
ORD000507,C00664,2023-12-17,2023-12,Q4,Completed,Mobile App,55.22,Switzerland,VIP
ORD000508,C01325,2023-01-26,2023-01,Q1,Completed,Website,209.9,Switzerland,Regular
ORD000509,C01836,2023-01-04,2023-01,Q1,Completed,Marketplace,1583.56,Germany,Regular
ORD000510,C01041,2023-05-26,2023-05,Q2,Completed,Website,282.03,Germany,VIP
ORD000511,C00966,2023-09-21,2023-09,Q3,Completed,Mobile App,774.56,Germany,VIP
ORD000512,C01483,2023-12-11,2023-12,Q4,Completed,Marketplace,135.65,Germany,Regular
ORD000513,C01418,2023-02-15,2023-02,Q1,Returned,Website,322.86,Germany,Regular
ORD000514,C01256,2023-03-20,2023-03,Q1,Completed,Website,672.5,Belgium,Regular
ORD000515,C00394,2023-09-24,2023-09,Q3,Completed,Mobile App,424.32,Austria,Regular
ORD000516,C01039,2023-03-20,2023-03,Q1,Completed,Mobile App,1231.3,Switzerland,Regular
ORD000517,C01541,2023-03-13,2023-03,Q1,Completed,Mobile App,370.9,Germany,VIP
ORD000518,C00969,2023-03-02,2023-03,Q1,Completed,Phone,662.0,Switzerland,New
ORD000519,C01226,2023-03-30,2023-03,Q1,Completed,Phone,300.27,Switzerland,Regular
ORD000520,C01409,2023-02-06,2023-02,Q1,Returned,Website,526.85,Germany,New
ORD000521,C01173,2023-03-22,2023-03,Q1,Completed,Website,625.16,Germany,Regular
ORD000522,C01338,2023-12-27,2023-12,Q4,Returned,Mobile App,377.24,Germany,Regular
ORD000523,C00654,2023-07-24,2023-07,Q3,Completed,Mobile App,30.92,Netherlands,Regular
ORD000524,C01384,2023-12-24,2023-12,Q4,Completed,Mobile App,1185.02,France,New
ORD000525,C00057,2023-04-11,2023-04,Q2,Completed,Mobile App,1290.68,Austria,Regular
ORD000526,C00559,2023-05-25,2023-05,Q2,Completed,Marketplace,180.74,Germany,VIP
ORD000527,C00944,2023-01-27,2023-01,Q1,Completed,Marketplace,101.62,Germany,VIP
ORD000528,C01952,2023-04-02,2023-04,Q2,Completed,Website,464.76,France,VIP
ORD000529,C00215,2023-09-27,2023-09,Q3,Completed,Phone,325.28,Germany,New
ORD000530,C01349,2023-09-08,2023-09,Q3,Completed,Marketplace,43.68,France,VIP
ORD000531,C00105,2023-06-11,2023-06,Q2,Cancelled,Website,241.56,Netherlands,Churned
ORD000532,C00209,2023-11-13,2023-11,Q4,Completed,Mobile App,353.1,Switzerland,Regular
ORD000533,C00691,2023-06-23,2023-06,Q2,Completed,Website,803.29,Germany,VIP
ORD000534,C01081,2023-02-23,2023-02,Q1,Completed,Website,251.53,Austria,VIP
ORD000535,C00932,2023-10-08,2023-10,Q4,Completed,Phone,805.89,Germany,Regular
ORD000536,C01963,2023-11-06,2023-11,Q4,Completed,Website,601.4,Germany,VIP
ORD000537,C00599,2023-01-10,2023-01,Q1,Completed,Marketplace,529.72,France,Regular
ORD000538,C01369,2023-02-05,2023-02,Q1,Completed,Marketplace,34.15,Netherlands,VIP
ORD000539,C00113,2023-01-10,2023-01,Q1,Completed,Mobile App,1962.27,France,Regular
ORD000540,C01195,2023-06-15,2023-06,Q2,Completed,Marketplace,47.49,France,Regular
ORD000541,C01928,2023-10-08,2023-10,Q4,Completed,Mobile App,338.21,Switzerland,VIP
ORD000542,C01173,2023-05-03,2023-05,Q2,Completed,Marketplace,287.64,Germany,Regular
ORD000543,C00729,2023-04-25,2023-04,Q2,Completed,Website,860.81,Germany,Regular
ORD000544,C01616,2023-08-15,2023-08,Q3,Completed,Marketplace,512.67,Switzerland,Regular
ORD000545,C00215,2023-04-09,2023-04,Q2,Completed,Phone,25.19,Germany,New
ORD000546,C00585,2023-03-19,2023-03,Q1,Completed,Marketplace,101.62,Switzerland,VIP
ORD000547,C00434,2023-01-15,2023-01,Q1,Completed,Phone,633.85,France,VIP
ORD000548,C00220,2023-11-04,2023-11,Q4,Completed,Marketplace,516.89,Switzerland,Regular
ORD000549,C01929,2023-12-18,2023-12,Q4,Completed,Marketplace,200.27,France,VIP
ORD000550,C01948,2023-08-01,2023-08,Q3,Completed,Mobile App,93.28,Belgium,New
ORD000551,C01829,2023-01-14,2023-01,Q1,Completed,Marketplace,100.09,Austria,Regular
ORD000552,C00748,2023-04-03,2023-04,Q2,Completed,Phone,963.96,Netherlands,Regular
ORD000553,C01261,2023-12-25,2023-12,Q4,Completed,Phone,9.87,Austria,Regular
ORD000554,C00357,2023-01-24,2023-01,Q1,Completed,Marketplace,1040.42,Netherlands,Regular
ORD000555,C00532,2023-04-04,2023-04,Q2,Completed,Phone,1145.4,Austria,New
ORD000556,C00393,2023-06-11,2023-06,Q2,Completed,Marketplace,190.0,Belgium,VIP
ORD000557,C01574,2023-11-14,2023-11,Q4,Completed,Marketplace,354.38,Austria,Regular
ORD000558,C01399,2023-08-17,2023-08,Q3,Returned,Website,356.08,Netherlands,VIP
ORD000559,C00969,2023-02-24,2023-02,Q1,Completed,Phone,1015.92,Switzerland,New
ORD000560,C01100,2023-10-07,2023-10,Q4,Completed,Website,139.72,Germany,Regular
ORD000561,C01019,2023-03-14,2023-03,Q1,Completed,Marketplace,37.48,Germany,VIP
ORD000562,C00149,2023-11-01,2023-11,Q4,Completed,Mobile App,58.39,Switzerland,Regular
ORD000563,C01051,2023-07-14,2023-07,Q3,Completed,Phone,586.48,Switzerland,New
ORD000564,C01425,2023-08-25,2023-08,Q3,Completed,Marketplace,1468.99,Switzerland,VIP
ORD000565,C00110,2023-05-28,2023-05,Q2,Completed,Phone,469.68,Belgium,Regular
ORD000566,C00971,2023-02-15,2023-02,Q1,Completed,Marketplace,142.94,Austria,Regular
ORD000567,C01740,2023-11-14,2023-11,Q4,Completed,Marketplace,38.91,France,New
ORD000568,C00561,2023-08-16,2023-08,Q3,Completed,Website,1794.66,Belgium,Regular
ORD000569,C00203,2023-06-18,2023-06,Q2,Completed,Mobile App,106.2,Switzerland,Regular
ORD000570,C00828,2023-04-03,2023-04,Q2,Cancelled,Phone,1282.5,Switzerland,VIP
ORD000571,C00693,2023-01-08,2023-01,Q1,Completed,Website,278.05,Austria,New
ORD000572,C01357,2023-08-22,2023-08,Q3,Completed,Phone,678.59,Austria,Regular
ORD000573,C01018,2023-10-10,2023-10,Q4,Completed,Phone,273.87,Netherlands,VIP
ORD000574,C00039,2023-03-14,2023-03,Q1,Completed,Marketplace,1282.86,Switzerland,Regular
ORD000575,C01796,2023-11-25,2023-11,Q4,Completed,Mobile App,494.43,Switzerland,Regular
ORD000576,C00632,2023-04-27,2023-04,Q2,Completed,Website,273.19,France,Regular
ORD000577,C00121,2023-10-02,2023-10,Q4,Completed,Phone,179.38,Germany,Regular
ORD000578,C00919,2023-05-28,2023-05,Q2,Returned,Phone,605.37,France,VIP
ORD000579,C00993,2023-03-01,2023-03,Q1,Completed,Marketplace,1750.74,Germany,Regular
ORD000580,C00029,2023-10-10,2023-10,Q4,Completed,Phone,55.8,Austria,VIP
ORD000581,C00087,2023-07-14,2023-07,Q3,Completed,Website,36.19,Germany,Regular
ORD000582,C01343,2023-10-06,2023-10,Q4,Completed,Website,236.37,France,New
ORD000583,C01385,2023-07-28,2023-07,Q3,Completed,Marketplace,625.43,Germany,Regular
ORD000584,C00766,2023-03-07,2023-03,Q1,Completed,Mobile App,308.21,Belgium,Regular
ORD000585,C01432,2023-04-07,2023-04,Q2,Completed,Mobile App,252.13,Germany,Regular
ORD000586,C01152,2023-12-10,2023-12,Q4,Completed,Mobile App,338.21,France,VIP
ORD000587,C01058,2023-11-03,2023-11,Q4,Completed,Mobile App,888.71,Austria,New
ORD000588,C01401,2023-05-15,2023-05,Q2,Completed,Website,204.12,Austria,Regular
ORD000589,C00293,2023-07-04,2023-07,Q3,Completed,Marketplace,961.74,Netherlands,Regular
ORD000590,C01824,2023-10-08,2023-10,Q4,Completed,Mobile App,623.16,Netherlands,Regular
ORD000591,C01629,2023-06-01,2023-06,Q2,Completed,Marketplace,422.11,Germany,Regular
ORD000592,C01276,2023-03-08,2023-03,Q1,Completed,Phone,1096.24,Belgium,Regular
ORD000593,C01308,2023-10-31,2023-10,Q4,Completed,Marketplace,67.75,Austria,Regular
ORD000594,C00743,2023-08-24,2023-08,Q3,Completed,Marketplace,454.57,Germany,VIP
ORD000595,C00620,2023-07-25,2023-07,Q3,Returned,Marketplace,675.7,Belgium,VIP
ORD000596,C01605,2023-12-28,2023-12,Q4,Completed,Phone,71.32,Germany,New
ORD000597,C00813,2023-05-18,2023-05,Q2,Completed,Mobile App,441.76,Germany,VIP
ORD000598,C01332,2023-06-07,2023-06,Q2,Completed,Phone,2253.64,Germany,VIP
ORD000599,C01025,2023-05-18,2023-05,Q2,Completed,Mobile App,116.79,Switzerland,VIP
ORD000600,C00461,2023-11-11,2023-11,Q4,Completed,Mobile App,10.97,France,Regular
ORD000601,C00816,2023-12-11,2023-12,Q4,Returned,Mobile App,80.82,Germany,Regular
ORD000602,C00930,2023-03-08,2023-03,Q1,Completed,Mobile App,57.78,Switzerland,VIP
ORD000603,C00772,2023-06-27,2023-06,Q2,Completed,Mobile App,36.18,Switzerland,Regular
ORD000604,C01673,2023-04-29,2023-04,Q2,Completed,Marketplace,235.4,Germany,VIP
ORD000605,C00945,2023-12-24,2023-12,Q4,Completed,Mobile App,47.86,Germany,Regular
ORD000606,C01896,2023-01-02,2023-01,Q1,Completed,Mobile App,784.86,Germany,Regular
ORD000607,C00339,2023-08-03,2023-08,Q3,Completed,Marketplace,52.87,Belgium,New
ORD000608,C01048,2023-02-11,2023-02,Q1,Completed,Phone,807.35,Netherlands,Regular
ORD000609,C01933,2023-05-18,2023-05,Q2,Completed,Marketplace,104.56,Austria,Regular
ORD000610,C01966,2023-08-11,2023-08,Q3,Completed,Mobile App,33.75,Germany,Regular
ORD000611,C00509,2023-01-28,2023-01,Q1,Completed,Mobile App,737.02,Germany,Regular
ORD000612,C00309,2023-06-13,2023-06,Q2,Completed,Mobile App,279.32,Germany,Regular
ORD000613,C00250,2023-11-05,2023-11,Q4,Completed,Website,31.33,Netherlands,New
ORD000614,C01626,2023-12-28,2023-12,Q4,Completed,Mobile App,116.81,Germany,Regular
ORD000615,C00392,2023-08-31,2023-08,Q3,Completed,Website,100.09,Germany,VIP
ORD000616,C00153,2023-08-14,2023-08,Q3,Completed,Marketplace,99.79,Germany,VIP
ORD000617,C01022,2023-03-11,2023-03,Q1,Completed,Marketplace,70.48,Belgium,Regular
ORD000618,C01796,2023-10-27,2023-10,Q4,Completed,Website,754.19,Switzerland,Regular
ORD000619,C01682,2023-02-02,2023-02,Q1,Completed,Marketplace,1041.19,Belgium,New
ORD000620,C00836,2023-03-29,2023-03,Q1,Completed,Marketplace,723.22,Netherlands,Regular
ORD000621,C01977,2023-09-24,2023-09,Q3,Completed,Mobile App,292.3,Germany,VIP
ORD000622,C00465,2023-11-01,2023-11,Q4,Completed,Phone,58.74,Austria,VIP
ORD000623,C01002,2023-08-18,2023-08,Q3,Returned,Mobile App,305.53,Austria,New
ORD000624,C01108,2023-01-18,2023-01,Q1,Completed,Marketplace,96.5,Germany,Regular
ORD000625,C01027,2023-07-22,2023-07,Q3,Completed,Mobile App,638.65,France,Regular
ORD000626,C01819,2023-12-20,2023-12,Q4,Completed,Marketplace,303.01,Germany,Regular
ORD000627,C00458,2023-10-03,2023-10,Q4,Completed,Mobile App,1753.89,Austria,New
ORD000628,C00917,2023-04-09,2023-04,Q2,Completed,Marketplace,98.82,Austria,VIP
ORD000629,C00507,2023-11-17,2023-11,Q4,Completed,Website,348.42,Austria,Churned
ORD000630,C00197,2023-12-27,2023-12,Q4,Completed,Phone,1281.78,Belgium,Churned
ORD000631,C01329,2023-04-14,2023-04,Q2,Completed,Website,278.98,France,VIP
ORD000632,C01411,2023-12-11,2023-12,Q4,Completed,Website,418.89,Belgium,VIP
ORD000633,C01362,2023-02-20,2023-02,Q1,Completed,Phone,227.37,Switzerland,VIP
ORD000634,C00162,2023-04-30,2023-04,Q2,Completed,Website,580.3,Switzerland,New
ORD000635,C00108,2023-03-27,2023-03,Q1,Completed,Website,1747.66,Germany,Regular
ORD000636,C00431,2023-12-24,2023-12,Q4,Completed,Mobile App,149.79,Germany,Regular
ORD000637,C01469,2023-11-27,2023-11,Q4,Completed,Website,107.07,Netherlands,Regular
ORD000638,C00221,2023-11-20,2023-11,Q4,Completed,Mobile App,55.47,Germany,Regular
ORD000639,C00106,2023-10-15,2023-10,Q4,Returned,Mobile App,507.09,Austria,Regular
ORD000640,C00711,2023-06-04,2023-06,Q2,Completed,Phone,1183.9,Germany,New
ORD000641,C00490,2023-09-06,2023-09,Q3,Completed,Phone,77.25,Germany,Regular
ORD000642,C01817,2023-09-22,2023-09,Q3,Cancelled,Website,334.58,Switzerland,Regular
ORD000643,C00023,2023-01-29,2023-01,Q1,Completed,Website,175.37,Germany,Regular
ORD000644,C01638,2023-02-08,2023-02,Q1,Completed,Website,37.54,Germany,Regular
ORD000645,C00285,2023-10-27,2023-10,Q4,Completed,Mobile App,1432.58,Germany,Regular
ORD000646,C00286,2023-11-11,2023-11,Q4,Completed,Marketplace,761.14,Belgium,Regular
ORD000647,C01684,2023-04-08,2023-04,Q2,Returned,Mobile App,158.27,Netherlands,New
ORD000648,C00098,2023-08-18,2023-08,Q3,Completed,Phone,937.08,Germany,Regular
ORD000649,C00591,2023-10-03,2023-10,Q4,Completed,Marketplace,166.38,France,Regular
ORD000650,C01374,2023-11-21,2023-11,Q4,Completed,Phone,1052.32,Belgium,Regular
ORD000651,C01921,2023-05-02,2023-05,Q2,Completed,Mobile App,657.36,Netherlands,New
ORD000652,C01430,2023-02-14,2023-02,Q1,Completed,Mobile App,160.58,Belgium,Regular
ORD000653,C01935,2023-12-26,2023-12,Q4,Completed,Phone,58.37,Germany,Regular
ORD000654,C01972,2023-06-05,2023-06,Q2,Completed,Website,15.38,France,Regular
ORD000655,C00818,2023-11-28,2023-11,Q4,Completed,Mobile App,1612.65,Switzerland,VIP
ORD000656,C01587,2023-09-01,2023-09,Q3,Completed,Website,1185.02,Germany,Regular
ORD000657,C00390,2023-10-23,2023-10,Q4,Completed,Marketplace,40.93,France,VIP
ORD000658,C01018,2023-06-28,2023-06,Q2,Completed,Website,71.33,Netherlands,VIP
ORD000659,C01606,2023-04-19,2023-04,Q2,Completed,Website,539.72,Netherlands,Regular
ORD000660,C00212,2023-01-28,2023-01,Q1,Completed,Marketplace,640.89,Belgium,New
ORD000661,C01588,2023-08-30,2023-08,Q3,Completed,Marketplace,2844.35,Switzerland,Regular
ORD000662,C00235,2023-12-24,2023-12,Q4,Completed,Mobile App,361.14,Switzerland,Regular
ORD000663,C00305,2023-06-05,2023-06,Q2,Cancelled,Marketplace,3588.34,Belgium,VIP
ORD000664,C01933,2023-12-05,2023-12,Q4,Completed,Phone,404.5,Austria,Regular
ORD000665,C01244,2023-12-08,2023-12,Q4,Completed,Phone,503.63,Switzerland,VIP
ORD000666,C01785,2023-06-13,2023-06,Q2,Returned,Marketplace,192.99,Switzerland,Regular
ORD000667,C00658,2023-03-13,2023-03,Q1,Completed,Mobile App,311.81,Germany,New
ORD000668,C01866,2023-07-03,2023-07,Q3,Completed,Phone,16.19,Germany,New
ORD000669,C00389,2023-05-04,2023-05,Q2,Completed,Phone,864.79,Austria,New
ORD000670,C01279,2023-11-25,2023-11,Q4,Completed,Phone,290.7,Switzerland,Regular
ORD000671,C00152,2023-06-06,2023-06,Q2,Completed,Marketplace,573.08,Austria,VIP
ORD000672,C01749,2023-04-30,2023-04,Q2,Completed,Phone,1301.72,France,VIP
ORD000673,C01619,2023-10-26,2023-10,Q4,Completed,Mobile App,61.7,France,VIP
ORD000674,C01099,2023-09-17,2023-09,Q3,Completed,Phone,1510.86,Switzerland,VIP
ORD000675,C00272,2023-07-08,2023-07,Q3,Completed,Marketplace,1302.89,Netherlands,New
ORD000676,C00578,2023-02-09,2023-02,Q1,Completed,Website,26.32,Germany,Regular
ORD000677,C01993,2023-07-21,2023-07,Q3,Returned,Phone,31.33,France,Regular
ORD000678,C01966,2023-01-22,2023-01,Q1,Completed,Mobile App,208.66,Germany,Regular
ORD000679,C01819,2023-12-10,2023-12,Q4,Completed,Marketplace,60.83,Germany,Regular
ORD000680,C01338,2023-11-13,2023-11,Q4,Completed,Phone,411.56,Germany,Regular
ORD000681,C00611,2023-10-26,2023-10,Q4,Completed,Website,121.1,Belgium,New
ORD000682,C01973,2023-12-21,2023-12,Q4,Completed,Mobile App,804.7,Germany,Regular
ORD000683,C00710,2023-01-02,2023-01,Q1,Completed,Website,200.17,Belgium,New
ORD000684,C01890,2023-08-20,2023-08,Q3,Completed,Phone,394.79,Netherlands,VIP
ORD000685,C00908,2023-04-23,2023-04,Q2,Completed,Marketplace,1776.7,Austria,Regular
ORD000686,C00833,2023-05-31,2023-05,Q2,Returned,Website,2100.51,Germany,New
ORD000687,C01832,2023-11-22,2023-11,Q4,Completed,Website,113.53,Germany,VIP
ORD000688,C01061,2023-09-05,2023-09,Q3,Completed,Marketplace,73.09,Germany,Regular
ORD000689,C01049,2023-01-04,2023-01,Q1,Completed,Marketplace,1305.28,Germany,Regular
ORD000690,C01025,2023-08-26,2023-08,Q3,Completed,Marketplace,1432.11,Switzerland,VIP
ORD000691,C00449,2023-04-03,2023-04,Q2,Completed,Marketplace,113.53,France,VIP
ORD000692,C01525,2023-04-19,2023-04,Q2,Completed,Mobile App,206.47,Netherlands,VIP
ORD000693,C01595,2023-12-10,2023-12,Q4,Completed,Website,1159.51,Belgium,Regular
ORD000694,C01122,2023-01-08,2023-01,Q1,Completed,Marketplace,1834.09,Netherlands,Regular
ORD000695,C00664,2023-12-30,2023-12,Q4,Completed,Website,166.02,Switzerland,VIP
ORD000696,C00440,2023-01-07,2023-01,Q1,Completed,Website,381.0,Belgium,Regular
ORD000697,C00738,2023-07-21,2023-07,Q3,Completed,Mobile App,137.76,Austria,VIP
ORD000698,C01411,2023-12-17,2023-12,Q4,Completed,Phone,176.02,Belgium,VIP
ORD000699,C01039,2023-06-27,2023-06,Q2,Completed,Website,120.19,Switzerland,Regular
ORD000700,C00426,2023-08-28,2023-08,Q3,Completed,Phone,196.94,Netherlands,Regular
ORD000701,C00707,2023-07-07,2023-07,Q3,Completed,Phone,380.94,Germany,Regular
ORD000702,C00732,2023-06-29,2023-06,Q2,Completed,Phone,361.26,France,VIP
ORD000703,C00049,2023-05-23,2023-05,Q2,Completed,Phone,914.58,France,VIP
ORD000704,C00664,2023-10-25,2023-10,Q4,Returned,Website,10.42,Switzerland,VIP
ORD000705,C00177,2023-11-28,2023-11,Q4,Completed,Website,835.71,Austria,Regular
ORD000706,C01104,2023-03-07,2023-03,Q1,Completed,Mobile App,856.89,Germany,Regular
ORD000707,C01052,2023-10-10,2023-10,Q4,Completed,Mobile App,115.98,Germany,Regular
ORD000708,C01721,2023-11-16,2023-11,Q4,Completed,Marketplace,600.56,France,Regular
ORD000709,C01037,2023-08-19,2023-08,Q3,Completed,Phone,541.14,Switzerland,Regular
ORD000710,C00540,2023-10-27,2023-10,Q4,Completed,Website,86.5,France,VIP
ORD000711,C00609,2023-09-05,2023-09,Q3,Completed,Website,2531.28,Germany,Regular
ORD000712,C01607,2023-04-08,2023-04,Q2,Completed,Marketplace,343.72,Germany,New
ORD000713,C01865,2023-08-06,2023-08,Q3,Completed,Mobile App,540.54,Austria,VIP
ORD000714,C00551,2023-12-31,2023-12,Q4,Completed,Marketplace,1101.97,Belgium,Regular
ORD000715,C01708,2023-12-19,2023-12,Q4,Completed,Phone,352.21,Switzerland,Regular
ORD000716,C00030,2023-04-20,2023-04,Q2,Completed,Mobile App,315.09,Netherlands,Regular
ORD000717,C01630,2023-02-09,2023-02,Q1,Completed,Website,1603.95,Switzerland,VIP
ORD000718,C00744,2023-06-26,2023-06,Q2,Completed,Phone,449.1,France,Regular
ORD000719,C01206,2023-12-04,2023-12,Q4,Completed,Mobile App,34.07,Austria,Regular
ORD000720,C01419,2023-07-23,2023-07,Q3,Completed,Marketplace,733.95,Germany,Regular
ORD000721,C01084,2023-04-02,2023-04,Q2,Completed,Website,23.93,Germany,Regular
ORD000722,C01741,2023-02-12,2023-02,Q1,Completed,Phone,172.82,Germany,New
ORD000723,C01860,2023-04-10,2023-04,Q2,Returned,Mobile App,136.21,France,Regular
ORD000724,C01789,2023-07-03,2023-07,Q3,Completed,Mobile App,342.72,France,Regular
ORD000725,C00459,2023-05-18,2023-05,Q2,Completed,Mobile App,1247.33,Austria,VIP
ORD000726,C01131,2023-10-22,2023-10,Q4,Completed,Mobile App,822.96,Austria,New
ORD000727,C01315,2023-04-28,2023-04,Q2,Completed,Marketplace,1021.39,France,New
ORD000728,C00609,2023-06-16,2023-06,Q2,Completed,Marketplace,1096.16,Germany,Regular
ORD000729,C01380,2023-07-26,2023-07,Q3,Completed,Phone,19.61,Belgium,Regular
ORD000730,C01411,2023-10-08,2023-10,Q4,Completed,Mobile App,268.44,Belgium,VIP
ORD000731,C01734,2023-11-21,2023-11,Q4,Completed,Mobile App,315.14,France,VIP
ORD000732,C01499,2023-04-02,2023-04,Q2,Completed,Website,179.61,France,New
ORD000733,C01958,2023-02-16,2023-02,Q1,Completed,Marketplace,753.99,Germany,VIP
ORD000734,C01681,2023-03-22,2023-03,Q1,Completed,Marketplace,61.99,Netherlands,New
ORD000735,C01650,2023-09-24,2023-09,Q3,Completed,Phone,699.7,Netherlands,Regular
ORD000736,C01806,2023-01-08,2023-01,Q1,Completed,Mobile App,64.33,Netherlands,VIP
ORD000737,C00195,2023-08-06,2023-08,Q3,Completed,Marketplace,67.75,Germany,Regular
ORD000738,C01944,2023-12-31,2023-12,Q4,Completed,Marketplace,242.75,Netherlands,New
ORD000739,C01361,2023-01-26,2023-01,Q1,Returned,Marketplace,27.71,Germany,Regular
ORD000740,C01065,2023-10-23,2023-10,Q4,Completed,Marketplace,94.1,Germany,New
ORD000741,C00206,2023-06-27,2023-06,Q2,Completed,Website,55.79,Switzerland,Regular
ORD000742,C01680,2023-04-19,2023-04,Q2,Completed,Phone,167.65,France,VIP
ORD000743,C01842,2023-11-05,2023-11,Q4,Completed,Website,108.67,Switzerland,Regular
ORD000744,C00305,2023-02-14,2023-02,Q1,Completed,Website,343.92,Belgium,VIP
ORD000745,C01968,2023-12-02,2023-12,Q4,Completed,Mobile App,69.2,France,VIP
ORD000746,C01044,2023-06-15,2023-06,Q2,Completed,Phone,564.02,Austria,Regular
ORD000747,C01559,2023-06-12,2023-06,Q2,Completed,Website,119.92,Belgium,New
ORD000748,C00436,2023-10-03,2023-10,Q4,Completed,Phone,1869.7,Austria,Regular
ORD000749,C01738,2023-06-04,2023-06,Q2,Completed,Website,1713.99,Germany,Regular
ORD000750,C00305,2023-12-30,2023-12,Q4,Cancelled,Phone,1179.23,Belgium,VIP
ORD000751,C00487,2023-04-03,2023-04,Q2,Completed,Website,135.12,Austria,Regular
ORD000752,C01387,2023-08-27,2023-08,Q3,Completed,Phone,12.17,Netherlands,New
ORD000753,C00580,2023-12-31,2023-12,Q4,Returned,Marketplace,63.32,Austria,VIP
ORD000754,C01689,2023-01-31,2023-01,Q1,Completed,Phone,175.96,Germany,VIP
ORD000755,C00825,2023-12-07,2023-12,Q4,Completed,Marketplace,1232.04,Austria,New
ORD000756,C00434,2023-06-06,2023-06,Q2,Completed,Website,175.37,France,VIP
ORD000757,C01082,2023-01-27,2023-01,Q1,Completed,Mobile App,937.71,Belgium,Regular
ORD000758,C01644,2023-10-27,2023-10,Q4,Completed,Phone,100.09,Austria,VIP
ORD000759,C00328,2023-06-24,2023-06,Q2,Completed,Website,28.65,Germany,Regular
ORD000760,C00472,2023-03-11,2023-03,Q1,Completed,Website,147.66,Switzerland,VIP
ORD000761,C01362,2023-12-06,2023-12,Q4,Completed,Marketplace,2586.16,Switzerland,VIP
ORD000762,C00772,2023-03-31,2023-03,Q1,Completed,Marketplace,176.31,Switzerland,Regular
ORD000763,C00123,2023-04-25,2023-04,Q2,Completed,Marketplace,68.83,Germany,Regular
ORD000764,C01126,2023-07-08,2023-07,Q3,Completed,Phone,1043.23,Netherlands,New
ORD000765,C01583,2023-04-09,2023-04,Q2,Cancelled,Phone,175.11,Belgium,Regular
ORD000766,C01047,2023-08-19,2023-08,Q3,Completed,Phone,1155.87,Germany,Regular
ORD000767,C00508,2023-03-18,2023-03,Q1,Completed,Mobile App,301.65,Netherlands,Regular
ORD000768,C01035,2023-05-23,2023-05,Q2,Completed,Website,29.37,Germany,VIP
ORD000769,C01051,2023-11-13,2023-11,Q4,Completed,Mobile App,2286.02,Switzerland,New
ORD000770,C01618,2023-04-30,2023-04,Q2,Completed,Website,805.65,Germany,VIP
ORD000771,C00101,2023-07-28,2023-07,Q3,Completed,Phone,831.56,France,Regular
ORD000772,C01195,2023-12-09,2023-12,Q4,Returned,Mobile App,675.0,France,Regular
ORD000773,C01368,2023-06-10,2023-06,Q2,Completed,Marketplace,1629.62,Germany,VIP
ORD000774,C01895,2023-06-02,2023-06,Q2,Completed,Phone,238.35,Germany,Regular
ORD000775,C01031,2023-08-12,2023-08,Q3,Completed,Marketplace,861.25,France,VIP
ORD000776,C00110,2023-09-25,2023-09,Q3,Completed,Website,175.37,Belgium,Regular
ORD000777,C00169,2023-03-14,2023-03,Q1,Completed,Website,1449.78,Switzerland,New
ORD000778,C00333,2023-11-24,2023-11,Q4,Completed,Marketplace,900.8,Germany,Regular
ORD000779,C01025,2023-02-22,2023-02,Q1,Returned,Website,249.55,Switzerland,VIP
ORD000780,C00375,2023-12-22,2023-12,Q4,Completed,Marketplace,77.74,Germany,New
ORD000781,C01722,2023-08-29,2023-08,Q3,Completed,Website,116.16,Switzerland,Regular
ORD000782,C01132,2023-11-10,2023-11,Q4,Completed,Website,1425.48,Germany,VIP
ORD000783,C00786,2023-07-29,2023-07,Q3,Completed,Website,242.92,Austria,VIP
ORD000784,C00449,2023-08-03,2023-08,Q3,Completed,Website,758.86,France,VIP
ORD000785,C01660,2023-05-13,2023-05,Q2,Completed,Mobile App,170.72,Germany,Regular
ORD000786,C00390,2023-08-05,2023-08,Q3,Completed,Mobile App,159.01,France,VIP
ORD000787,C01319,2023-02-01,2023-02,Q1,Completed,Mobile App,964.7,France,Regular
ORD000788,C01747,2023-02-15,2023-02,Q1,Completed,Phone,1281.05,France,VIP
ORD000789,C00315,2023-10-03,2023-10,Q4,Completed,Mobile App,48.86,Belgium,New
ORD000790,C00815,2023-10-19,2023-10,Q4,Completed,Phone,772.83,Germany,VIP
ORD000791,C01385,2023-08-03,2023-08,Q3,Completed,Phone,882.86,Germany,Regular
ORD000792,C01082,2023-11-18,2023-11,Q4,Completed,Website,210.87,Belgium,Regular
ORD000793,C00644,2023-01-18,2023-01,Q1,Completed,Mobile App,689.15,Germany,New
ORD000794,C01983,2023-04-03,2023-04,Q2,Completed,Mobile App,1685.36,Germany,Regular
ORD000795,C01133,2023-04-23,2023-04,Q2,Completed,Marketplace,491.99,Netherlands,VIP
ORD000796,C01682,2023-03-05,2023-03,Q1,Completed,Marketplace,175.37,Belgium,New
ORD000797,C01036,2023-06-04,2023-06,Q2,Returned,Phone,21.84,Germany,New
ORD000798,C01826,2023-01-13,2023-01,Q1,Completed,Mobile App,322.0,Belgium,Churned
ORD000799,C01596,2023-10-04,2023-10,Q4,Completed,Website,33.57,Netherlands,VIP
ORD000800,C01999,2023-05-23,2023-05,Q2,Completed,Mobile App,77.25,Switzerland,VIP
ORD000801,C01348,2023-10-20,2023-10,Q4,Completed,Marketplace,89.13,Germany,Regular
ORD000802,C00109,2023-12-16,2023-12,Q4,Completed,Mobile App,229.92,Austria,VIP
ORD000803,C01107,2023-08-05,2023-08,Q3,Returned,Marketplace,763.99,Belgium,VIP
ORD000804,C00654,2023-04-07,2023-04,Q2,Completed,Mobile App,310.35,Netherlands,Regular
ORD000805,C01355,2023-11-26,2023-11,Q4,Completed,Mobile App,191.95,Austria,Regular
ORD000806,C01040,2023-03-17,2023-03,Q1,Completed,Mobile App,239.77,Switzerland,Regular
ORD000807,C00738,2023-10-05,2023-10,Q4,Completed,Website,22.67,Austria,VIP
ORD000808,C00911,2023-05-09,2023-05,Q2,Completed,Marketplace,1581.83,Belgium,Regular
ORD000809,C01595,2023-09-06,2023-09,Q3,Returned,Website,64.33,Belgium,Regular
ORD000810,C00538,2023-03-03,2023-03,Q1,Completed,Phone,10.42,Switzerland,VIP
ORD000811,C01455,2023-10-10,2023-10,Q4,Completed,Marketplace,1276.22,Germany,New
ORD000812,C01376,2023-07-09,2023-07,Q3,Completed,Website,949.87,Netherlands,Regular
ORD000813,C00680,2023-01-08,2023-01,Q1,Completed,Marketplace,403.36,Germany,VIP
ORD000814,C01349,2023-03-07,2023-03,Q1,Completed,Phone,106.99,France,VIP
ORD000815,C01065,2023-08-19,2023-08,Q3,Cancelled,Phone,322.18,Germany,New
ORD000816,C00151,2023-11-03,2023-11,Q4,Completed,Mobile App,243.64,Germany,Regular
ORD000817,C00590,2023-04-10,2023-04,Q2,Completed,Phone,400.54,Switzerland,New
ORD000818,C01890,2023-12-09,2023-12,Q4,Returned,Marketplace,896.88,Netherlands,VIP
ORD000819,C01386,2023-02-22,2023-02,Q1,Completed,Phone,600.81,Germany,Regular
ORD000820,C01493,2023-05-28,2023-05,Q2,Completed,Mobile App,128.03,Germany,Regular
ORD000821,C00589,2023-05-30,2023-05,Q2,Completed,Phone,150.5,Germany,VIP
ORD000822,C00112,2023-12-11,2023-12,Q4,Completed,Website,92.6,France,New
ORD000823,C00786,2023-02-03,2023-02,Q1,Completed,Phone,73.99,Austria,VIP
ORD000824,C01192,2023-07-04,2023-07,Q3,Returned,Marketplace,514.25,Germany,Regular
ORD000825,C00241,2023-04-24,2023-04,Q2,Completed,Phone,28.69,Belgium,New
ORD000826,C01735,2023-06-26,2023-06,Q2,Completed,Mobile App,175.37,Germany,Regular
ORD000827,C01697,2023-07-13,2023-07,Q3,Completed,Phone,319.87,Germany,Regular
ORD000828,C01007,2023-05-09,2023-05,Q2,Completed,Mobile App,85.48,Netherlands,Regular
ORD000829,C00807,2023-01-05,2023-01,Q1,Completed,Phone,64.43,Austria,VIP
ORD000830,C00799,2023-07-03,2023-07,Q3,Returned,Website,291.59,Austria,VIP
ORD000831,C01562,2023-06-12,2023-06,Q2,Completed,Marketplace,28.89,Switzerland,New
ORD000832,C01507,2023-12-24,2023-12,Q4,Completed,Mobile App,328.78,Austria,VIP
ORD000833,C01275,2023-03-19,2023-03,Q1,Completed,Website,118.45,Switzerland,Regular
ORD000834,C00225,2023-10-27,2023-10,Q4,Completed,Phone,183.36,Netherlands,New
ORD000835,C00813,2023-12-24,2023-12,Q4,Completed,Marketplace,477.79,Germany,VIP
ORD000836,C01804,2023-07-15,2023-07,Q3,Returned,Mobile App,239.52,Belgium,Regular
ORD000837,C00984,2023-07-07,2023-07,Q3,Completed,Phone,421.28,Germany,VIP
ORD000838,C00919,2023-02-18,2023-02,Q1,Returned,Website,1083.87,France,VIP
ORD000839,C01760,2023-05-16,2023-05,Q2,Completed,Website,240.26,Germany,New
ORD000840,C00530,2023-08-01,2023-08,Q3,Completed,Website,884.79,Switzerland,Regular
ORD000841,C01598,2023-08-27,2023-08,Q3,Completed,Website,401.22,Germany,VIP
ORD000842,C00522,2023-02-09,2023-02,Q1,Completed,Website,99.16,Germany,VIP
ORD000843,C00060,2023-02-18,2023-02,Q1,Completed,Phone,1558.16,Austria,VIP
ORD000844,C01570,2023-12-12,2023-12,Q4,Completed,Phone,484.19,Switzerland,Regular
ORD000845,C01043,2023-03-18,2023-03,Q1,Completed,Phone,45.34,Austria,Regular
ORD000846,C00264,2023-02-10,2023-02,Q1,Completed,Marketplace,36.96,Switzerland,VIP
ORD000847,C01527,2023-04-20,2023-04,Q2,Completed,Mobile App,315.14,Netherlands,Churned
ORD000848,C00505,2023-12-19,2023-12,Q4,Completed,Mobile App,511.13,Germany,VIP
ORD000849,C01149,2023-08-17,2023-08,Q3,Completed,Phone,159.17,Germany,Regular
ORD000850,C01478,2023-06-10,2023-06,Q2,Completed,Phone,501.98,Germany,Regular
ORD000851,C00686,2023-01-27,2023-01,Q1,Completed,Marketplace,203.73,Germany,Regular
ORD000852,C01863,2023-03-02,2023-03,Q1,Completed,Phone,4483.36,Germany,Regular
ORD000853,C00816,2023-04-11,2023-04,Q2,Completed,Marketplace,262.46,Germany,Regular
ORD000854,C01530,2023-06-10,2023-06,Q2,Completed,Mobile App,1298.19,Netherlands,VIP
ORD000855,C01629,2023-10-10,2023-10,Q4,Completed,Mobile App,161.24,Germany,Regular
ORD000856,C01866,2023-09-14,2023-09,Q3,Completed,Website,829.62,Germany,New
ORD000857,C00399,2023-08-04,2023-08,Q3,Completed,Phone,169.77,Germany,New
ORD000858,C01337,2023-12-20,2023-12,Q4,Returned,Phone,721.8,Belgium,Regular
ORD000859,C00604,2023-03-25,2023-03,Q1,Completed,Mobile App,1851.39,Belgium,Regular
ORD000860,C00612,2023-05-26,2023-05,Q2,Completed,Marketplace,213.61,France,Regular
ORD000861,C01901,2023-04-14,2023-04,Q2,Completed,Website,162.36,Belgium,New
ORD000862,C00278,2023-12-24,2023-12,Q4,Cancelled,Marketplace,273.91,France,VIP
ORD000863,C01121,2023-12-13,2023-12,Q4,Completed,Website,34.55,Germany,Regular
ORD000864,C01380,2023-05-18,2023-05,Q2,Completed,Phone,98.67,Belgium,Regular
ORD000865,C00744,2023-05-24,2023-05,Q2,Completed,Phone,3836.16,France,Regular
ORD000866,C01313,2023-10-01,2023-10,Q4,Completed,Marketplace,74.96,Belgium,VIP
ORD000867,C01031,2023-07-30,2023-07,Q3,Completed,Phone,330.4,France,VIP
ORD000868,C00871,2023-03-16,2023-03,Q1,Returned,Phone,653.06,Austria,New
ORD000869,C00026,2023-04-24,2023-04,Q2,Completed,Phone,131.29,France,Regular
ORD000870,C01992,2023-08-09,2023-08,Q3,Returned,Phone,441.9,Germany,Churned
ORD000871,C01476,2023-04-20,2023-04,Q2,Completed,Mobile App,234.84,Switzerland,Churned
ORD000872,C00471,2023-01-12,2023-01,Q1,Completed,Website,1329.21,Germany,VIP
ORD000873,C01132,2023-03-27,2023-03,Q1,Completed,Marketplace,480.18,Germany,VIP
ORD000874,C01150,2023-07-13,2023-07,Q3,Completed,Website,272.7,Germany,Regular
ORD000875,C01681,2023-11-28,2023-11,Q4,Completed,Marketplace,160.14,Netherlands,New
ORD000876,C01591,2023-03-13,2023-03,Q1,Returned,Marketplace,1006.84,Germany,VIP
ORD000877,C01685,2023-12-11,2023-12,Q4,Completed,Phone,657.87,Germany,Regular
ORD000878,C00964,2023-09-29,2023-09,Q3,Completed,Phone,189.6,Germany,VIP
ORD000879,C01319,2023-05-11,2023-05,Q2,Completed,Phone,218.26,France,Regular
ORD000880,C00963,2023-12-14,2023-12,Q4,Completed,Marketplace,459.84,France,Regular
ORD000881,C00587,2023-08-15,2023-08,Q3,Completed,Mobile App,35.66,Netherlands,Regular
ORD000882,C00540,2023-10-27,2023-10,Q4,Completed,Website,45.39,France,VIP
ORD000883,C00701,2023-02-03,2023-02,Q1,Completed,Mobile App,591.7,Belgium,VIP
ORD000884,C01086,2023-12-07,2023-12,Q4,Completed,Phone,1080.07,France,Regular
ORD000885,C01927,2023-11-20,2023-11,Q4,Returned,Mobile App,31.33,Austria,VIP
ORD000886,C00136,2023-12-11,2023-12,Q4,Completed,Mobile App,195.82,Switzerland,New
ORD000887,C01405,2023-09-29,2023-09,Q3,Completed,Phone,298.66,France,Regular
ORD000888,C00001,2023-08-01,2023-08,Q3,Completed,Website,16.19,France,Regular
ORD000889,C01573,2023-11-02,2023-11,Q4,Completed,Mobile App,350.71,Switzerland,VIP
ORD000890,C00489,2023-09-24,2023-09,Q3,Completed,Website,34.37,Netherlands,Regular
ORD000891,C01573,2023-02-05,2023-02,Q1,Completed,Phone,881.82,Switzerland,VIP
ORD000892,C00708,2023-04-21,2023-04,Q2,Completed,Website,327.65,Germany,VIP
ORD000893,C00540,2023-07-29,2023-07,Q3,Returned,Website,2035.77,France,VIP
ORD000894,C01546,2023-04-12,2023-04,Q2,Cancelled,Marketplace,48.41,Germany,VIP
ORD000895,C01471,2023-08-22,2023-08,Q3,Completed,Website,93.88,France,New
ORD000896,C00469,2023-03-23,2023-03,Q1,Completed,Marketplace,631.62,France,New
ORD000897,C01738,2023-12-15,2023-12,Q4,Cancelled,Mobile App,1088.68,Germany,Regular
ORD000898,C01607,2023-04-09,2023-04,Q2,Completed,Website,205.68,Germany,New
ORD000899,C00017,2023-05-29,2023-05,Q2,Completed,Marketplace,51.58,Germany,VIP
ORD000900,C00621,2023-05-29,2023-05,Q2,Completed,Mobile App,1850.31,Switzerland,Regular
ORD000901,C01402,2023-02-04,2023-02,Q1,Completed,Marketplace,127.83,Germany,Regular
ORD000902,C01874,2023-01-10,2023-01,Q1,Completed,Marketplace,160.2,France,New
ORD000903,C01608,2023-11-26,2023-11,Q4,Completed,Phone,3204.26,Belgium,Regular
ORD000904,C00471,2023-10-29,2023-10,Q4,Completed,Website,806.12,Germany,VIP
ORD000905,C00864,2023-03-15,2023-03,Q1,Completed,Marketplace,169.33,Switzerland,VIP
ORD000906,C01423,2023-04-18,2023-04,Q2,Completed,Marketplace,74.36,Germany,Churned
ORD000907,C00725,2023-12-18,2023-12,Q4,Completed,Phone,972.29,Germany,VIP
ORD000908,C00585,2023-04-06,2023-04,Q2,Completed,Website,210.41,Switzerland,VIP
ORD000909,C00593,2023-10-14,2023-10,Q4,Completed,Marketplace,435.1,Germany,Regular
ORD000910,C01796,2023-12-02,2023-12,Q4,Completed,Website,288.05,Switzerland,Regular
ORD000911,C00063,2023-12-10,2023-12,Q4,Returned,Mobile App,214.04,Switzerland,VIP
ORD000912,C01993,2023-10-16,2023-10,Q4,Cancelled,Mobile App,332.66,France,Regular
ORD000913,C01853,2023-10-09,2023-10,Q4,Completed,Mobile App,302.19,Germany,Regular
ORD000914,C00442,2023-05-18,2023-05,Q2,Completed,Phone,236.37,Switzerland,Regular
ORD000915,C01794,2023-06-21,2023-06,Q2,Completed,Marketplace,735.06,Germany,New
ORD000916,C01517,2023-01-24,2023-01,Q1,Completed,Marketplace,310.58,Germany,Regular
ORD000917,C01214,2023-09-02,2023-09,Q3,Completed,Phone,266.25,France,Regular
ORD000918,C01954,2023-01-02,2023-01,Q1,Completed,Mobile App,21.41,Netherlands,Regular
ORD000919,C00403,2023-06-01,2023-06,Q2,Completed,Marketplace,124.22,Germany,Regular
ORD000920,C01987,2023-05-22,2023-05,Q2,Returned,Mobile App,1142.66,Austria,Regular
ORD000921,C01945,2023-04-24,2023-04,Q2,Completed,Website,320.28,Germany,Regular
ORD000922,C00266,2023-04-01,2023-04,Q2,Cancelled,Mobile App,274.1,France,Regular
ORD000923,C01606,2023-04-26,2023-04,Q2,Completed,Mobile App,626.47,Netherlands,Regular
ORD000924,C01250,2023-03-13,2023-03,Q1,Completed,Mobile App,1309.88,Germany,New
ORD000925,C01714,2023-12-16,2023-12,Q4,Completed,Website,105.58,Germany,Regular
ORD000926,C02000,2023-09-17,2023-09,Q3,Completed,Phone,1802.13,Austria,Regular
ORD000927,C01678,2023-06-12,2023-06,Q2,Completed,Marketplace,47.49,Switzerland,Regular
ORD000928,C01747,2023-12-24,2023-12,Q4,Completed,Mobile App,419.8,France,VIP
ORD000929,C00728,2023-12-26,2023-12,Q4,Completed,Phone,224.41,Netherlands,Regular
ORD000930,C00609,2023-02-18,2023-02,Q1,Completed,Mobile App,700.76,Germany,Regular
ORD000931,C00060,2023-10-14,2023-10,Q4,Completed,Phone,635.14,Austria,VIP
ORD000932,C01213,2023-01-22,2023-01,Q1,Completed,Website,180.57,Germany,VIP
ORD000933,C00840,2023-06-16,2023-06,Q2,Completed,Phone,138.59,Netherlands,VIP
ORD000934,C00841,2023-05-25,2023-05,Q2,Completed,Marketplace,36.9,Switzerland,VIP
ORD000935,C00740,2023-03-04,2023-03,Q1,Completed,Website,494.23,Austria,VIP
ORD000936,C01510,2023-08-26,2023-08,Q3,Completed,Phone,1092.3,France,VIP
ORD000937,C00625,2023-03-26,2023-03,Q1,Completed,Website,463.41,France,VIP
ORD000938,C00066,2023-01-26,2023-01,Q1,Completed,Marketplace,631.23,Belgium,Regular
ORD000939,C00488,2023-07-02,2023-07,Q3,Completed,Marketplace,779.13,Belgium,VIP
ORD000940,C00002,2023-06-08,2023-06,Q2,Cancelled,Website,162.67,Netherlands,Regular
ORD000941,C01560,2023-10-26,2023-10,Q4,Completed,Mobile App,330.5,Belgium,VIP
ORD000942,C00589,2023-04-25,2023-04,Q2,Completed,Website,84.67,Germany,VIP
ORD000943,C00294,2023-11-26,2023-11,Q4,Completed,Marketplace,406.19,Belgium,Regular
ORD000944,C01205,2023-11-02,2023-11,Q4,Completed,Mobile App,386.99,Netherlands,New
ORD000945,C01521,2023-05-31,2023-05,Q2,Completed,Mobile App,260.0,Switzerland,Regular
ORD000946,C01045,2023-11-21,2023-11,Q4,Completed,Marketplace,194.44,Germany,VIP
ORD000947,C00698,2023-10-27,2023-10,Q4,Completed,Phone,29.98,Germany,Regular
ORD000948,C00137,2023-07-27,2023-07,Q3,Completed,Website,233.35,Belgium,Regular
ORD000949,C01581,2023-10-15,2023-10,Q4,Completed,Mobile App,248.0,Germany,Churned
ORD000950,C00579,2023-12-14,2023-12,Q4,Completed,Website,34.15,France,Regular
ORD000951,C00864,2023-09-16,2023-09,Q3,Completed,Website,179.47,Switzerland,VIP
ORD000952,C00164,2023-01-31,2023-01,Q1,Completed,Website,310.58,Switzerland,Regular
ORD000953,C00706,2023-05-16,2023-05,Q2,Completed,Website,251.7,Germany,New
ORD000954,C00919,2023-06-17,2023-06,Q2,Completed,Marketplace,28.85,France,VIP
ORD000955,C00966,2023-02-11,2023-02,Q1,Completed,Mobile App,895.38,Germany,VIP
ORD000956,C00919,2023-12-26,2023-12,Q4,Completed,Phone,378.93,France,VIP
ORD000957,C01501,2023-12-26,2023-12,Q4,Completed,Marketplace,521.24,France,New
ORD000958,C00186,2023-10-29,2023-10,Q4,Completed,Phone,1534.3,Germany,VIP
ORD000959,C00062,2023-07-26,2023-07,Q3,Completed,Phone,1651.56,Switzerland,VIP
ORD000960,C00913,2023-03-06,2023-03,Q1,Completed,Phone,62.69,Austria,VIP
ORD000961,C00493,2023-01-28,2023-01,Q1,Completed,Website,240.35,Germany,VIP
ORD000962,C00473,2023-11-15,2023-11,Q4,Completed,Phone,124.94,Switzerland,VIP
ORD000963,C00448,2023-10-15,2023-10,Q4,Completed,Phone,45.42,Germany,New
ORD000964,C01345,2023-01-25,2023-01,Q1,Completed,Website,1507.98,Netherlands,VIP
ORD000965,C01677,2023-04-26,2023-04,Q2,Completed,Website,518.36,Switzerland,Regular
ORD000966,C01618,2023-06-17,2023-06,Q2,Completed,Phone,603.23,Germany,VIP
ORD000967,C01892,2023-05-21,2023-05,Q2,Completed,Marketplace,695.41,Switzerland,Regular
ORD000968,C00621,2023-05-19,2023-05,Q2,Completed,Phone,67.98,Switzerland,Regular
ORD000969,C00708,2023-02-16,2023-02,Q1,Completed,Website,155.48,Germany,VIP
ORD000970,C01414,2023-02-25,2023-02,Q1,Completed,Mobile App,85.63,Belgium,Regular
ORD000971,C00841,2023-06-26,2023-06,Q2,Completed,Mobile App,417.4,Switzerland,VIP
ORD000972,C01682,2023-11-04,2023-11,Q4,Completed,Marketplace,53.2,Belgium,New
ORD000973,C00303,2023-07-06,2023-07,Q3,Completed,Website,373.61,Netherlands,Regular
ORD000974,C00354,2023-03-25,2023-03,Q1,Completed,Phone,3304.13,Austria,Regular
ORD000975,C01535,2023-11-13,2023-11,Q4,Completed,Website,256.46,France,Regular
ORD000976,C00951,2023-11-12,2023-11,Q4,Completed,Website,404.64,Germany,Regular
ORD000977,C00116,2023-12-19,2023-12,Q4,Completed,Mobile App,307.3,France,Churned
ORD000978,C00453,2023-06-10,2023-06,Q2,Completed,Mobile App,158.23,Switzerland,New
ORD000979,C01214,2023-07-17,2023-07,Q3,Returned,Marketplace,358.67,France,Regular
ORD000980,C01362,2023-07-06,2023-07,Q3,Completed,Marketplace,1633.86,Switzerland,VIP
ORD000981,C01372,2023-12-21,2023-12,Q4,Completed,Marketplace,47.56,Germany,Regular
ORD000982,C01646,2023-12-29,2023-12,Q4,Completed,Website,218.11,Germany,Regular
ORD000983,C00713,2023-11-19,2023-11,Q4,Completed,Mobile App,2317.04,Switzerland,Regular
ORD000984,C01031,2023-08-01,2023-08,Q3,Completed,Mobile App,243.81,France,VIP
ORD000985,C01693,2023-05-01,2023-05,Q2,Completed,Marketplace,986.17,Austria,Regular
ORD000986,C01187,2023-09-15,2023-09,Q3,Completed,Website,1588.86,Germany,VIP
ORD000987,C01470,2023-10-27,2023-10,Q4,Completed,Marketplace,769.37,Netherlands,Regular
ORD000988,C00435,2023-09-12,2023-09,Q3,Completed,Website,33.25,Switzerland,Regular
ORD000989,C01610,2023-02-25,2023-02,Q1,Completed,Phone,228.87,Germany,New
ORD000990,C01412,2023-01-10,2023-01,Q1,Completed,Website,122.75,Germany,VIP
ORD000991,C01012,2023-01-27,2023-01,Q1,Completed,Phone,18.21,Germany,Regular
ORD000992,C00668,2023-04-16,2023-04,Q2,Completed,Mobile App,579.46,Germany,VIP
ORD000993,C00008,2023-04-06,2023-04,Q2,Completed,Phone,884.34,Germany,Regular
ORD000994,C00235,2023-11-18,2023-11,Q4,Completed,Phone,1579.27,Switzerland,Regular
ORD000995,C01919,2023-03-21,2023-03,Q1,Returned,Mobile App,673.48,Austria,Regular
ORD000996,C00896,2023-12-24,2023-12,Q4,Completed,Website,737.02,Germany,Regular
ORD000997,C01072,2023-04-28,2023-04,Q2,Completed,Website,334.58,France,Regular
ORD000998,C00493,2023-04-03,2023-04,Q2,Completed,Marketplace,61.84,Germany,VIP
ORD000999,C00851,2023-08-14,2023-08,Q3,Completed,Phone,32.1,Germany,Regular
ORD001000,C01755,2023-07-18,2023-07,Q3,Completed,Marketplace,32.06,France,VIP
ORD001001,C01003,2023-06-12,2023-06,Q2,Completed,Website,463.88,Austria,Churned
ORD001002,C00548,2023-10-28,2023-10,Q4,Completed,Website,1088.39,Austria,New
ORD001003,C00929,2023-05-24,2023-05,Q2,Completed,Mobile App,499.2,Austria,Regular
ORD001004,C00062,2023-05-10,2023-05,Q2,Completed,Website,698.31,Switzerland,VIP
ORD001005,C01895,2023-08-21,2023-08,Q3,Completed,Phone,278.05,Germany,Regular
ORD001006,C01689,2023-10-29,2023-10,Q4,Completed,Website,290.67,Germany,VIP
ORD001007,C00439,2023-09-20,2023-09,Q3,Completed,Mobile App,110.44,Belgium,Regular
ORD001008,C01942,2023-03-13,2023-03,Q1,Completed,Marketplace,68.56,Switzerland,VIP
ORD001009,C00637,2023-09-10,2023-09,Q3,Completed,Mobile App,54.72,Germany,Regular
ORD001010,C01029,2023-09-22,2023-09,Q3,Returned,Phone,898.7,Belgium,VIP
ORD001011,C00741,2023-05-12,2023-05,Q2,Completed,Mobile App,1218.83,Germany,Regular
ORD001012,C00021,2023-11-15,2023-11,Q4,Completed,Mobile App,21.94,Austria,Regular
ORD001013,C00918,2023-10-03,2023-10,Q4,Completed,Website,160.14,Switzerland,VIP
ORD001014,C01467,2023-11-21,2023-11,Q4,Completed,Website,183.94,Switzerland,New
ORD001015,C00161,2023-10-24,2023-10,Q4,Completed,Website,61.7,France,Regular
ORD001016,C01082,2023-01-20,2023-01,Q1,Completed,Mobile App,52.84,Belgium,Regular
ORD001017,C01116,2023-10-17,2023-10,Q4,Completed,Website,73.99,Germany,Regular
ORD001018,C00180,2023-06-17,2023-06,Q2,Completed,Marketplace,164.39,Germany,VIP
ORD001019,C01824,2023-05-01,2023-05,Q2,Completed,Mobile App,52.46,Netherlands,Regular
ORD001020,C00829,2023-07-18,2023-07,Q3,Completed,Mobile App,716.29,Germany,VIP
ORD001021,C01009,2023-06-11,2023-06,Q2,Completed,Marketplace,116.24,Switzerland,Regular
ORD001022,C00708,2023-06-21,2023-06,Q2,Completed,Marketplace,1062.62,Germany,VIP
ORD001023,C01504,2023-02-02,2023-02,Q1,Completed,Marketplace,68.83,Germany,Regular
ORD001024,C01996,2023-11-16,2023-11,Q4,Completed,Phone,204.35,Switzerland,VIP
ORD001025,C00955,2023-10-06,2023-10,Q4,Completed,Mobile App,667.19,Switzerland,VIP
ORD001026,C00917,2023-06-21,2023-06,Q2,Completed,Phone,846.04,Austria,VIP
ORD001027,C01076,2023-04-28,2023-04,Q2,Completed,Mobile App,1054.5,Switzerland,VIP
ORD001028,C01536,2023-05-24,2023-05,Q2,Completed,Phone,1609.45,Germany,VIP
ORD001029,C00983,2023-04-03,2023-04,Q2,Completed,Phone,190.41,Belgium,New
ORD001030,C01487,2023-09-26,2023-09,Q3,Cancelled,Phone,139.73,Germany,Regular
ORD001031,C00895,2023-02-02,2023-02,Q1,Completed,Mobile App,753.99,France,Regular
ORD001032,C01573,2023-07-20,2023-07,Q3,Completed,Marketplace,399.61,Switzerland,VIP
ORD001033,C00845,2023-11-07,2023-11,Q4,Completed,Website,853.83,Netherlands,VIP
ORD001034,C00740,2023-09-11,2023-09,Q3,Returned,Marketplace,193.74,Austria,VIP
ORD001035,C00765,2023-12-27,2023-12,Q4,Completed,Mobile App,1215.7,Belgium,Regular
ORD001036,C01788,2023-03-26,2023-03,Q1,Completed,Website,38.91,Germany,VIP
ORD001037,C00225,2023-01-06,2023-01,Q1,Returned,Marketplace,124.94,Netherlands,New
ORD001038,C01599,2023-06-09,2023-06,Q2,Completed,Website,219.77,Germany,Regular
ORD001039,C00579,2023-11-19,2023-11,Q4,Completed,Marketplace,607.7,France,Regular
ORD001040,C01823,2023-09-11,2023-09,Q3,Completed,Marketplace,53.76,France,VIP
ORD001041,C01465,2023-10-23,2023-10,Q4,Completed,Website,126.42,Germany,VIP
ORD001042,C01265,2023-12-08,2023-12,Q4,Completed,Mobile App,368.37,Germany,New
ORD001043,C00194,2023-05-04,2023-05,Q2,Completed,Website,353.31,Belgium,New
ORD001044,C00824,2023-12-21,2023-12,Q4,Completed,Marketplace,98.82,Germany,Regular
ORD001045,C00986,2023-08-29,2023-08,Q3,Completed,Phone,110.11,Belgium,New
ORD001046,C01131,2023-01-27,2023-01,Q1,Returned,Phone,139.39,Austria,New
ORD001047,C01536,2023-02-19,2023-02,Q1,Completed,Website,1778.95,Germany,VIP
ORD001048,C01182,2023-11-12,2023-11,Q4,Completed,Mobile App,28.69,Germany,Regular
ORD001049,C00573,2023-09-29,2023-09,Q3,Completed,Marketplace,310.35,Belgium,New
ORD001050,C00604,2023-12-05,2023-12,Q4,Completed,Phone,134.23,Belgium,Regular
ORD001051,C00191,2023-07-05,2023-07,Q3,Completed,Website,917.02,Belgium,Regular
ORD001052,C00120,2023-01-11,2023-01,Q1,Completed,Marketplace,340.59,Germany,Regular
ORD001053,C00239,2023-12-21,2023-12,Q4,Completed,Phone,477.03,Austria,New
ORD001054,C01401,2023-02-07,2023-02,Q1,Completed,Mobile App,992.55,Austria,Regular
ORD001055,C01663,2023-07-13,2023-07,Q3,Completed,Mobile App,286.2,Austria,New
ORD001056,C01900,2023-01-15,2023-01,Q1,Completed,Marketplace,101.99,Austria,Regular
ORD001057,C00896,2023-05-08,2023-05,Q2,Completed,Marketplace,1988.55,Germany,Regular
ORD001058,C01305,2023-12-22,2023-12,Q4,Completed,Website,490.37,Germany,Regular
ORD001059,C00429,2023-12-19,2023-12,Q4,Completed,Marketplace,1201.37,Austria,Regular
ORD001060,C01743,2023-06-13,2023-06,Q2,Completed,Phone,1494.55,France,VIP
ORD001061,C00478,2023-06-09,2023-06,Q2,Completed,Phone,101.97,Germany,Regular
ORD001062,C01836,2023-12-30,2023-12,Q4,Completed,Website,164.23,Germany,Regular
ORD001063,C00049,2023-01-19,2023-01,Q1,Completed,Marketplace,290.69,France,VIP
ORD001064,C00541,2023-10-04,2023-10,Q4,Completed,Phone,678.59,Austria,New
ORD001065,C01674,2023-08-12,2023-08,Q3,Completed,Website,306.44,Germany,VIP
ORD001066,C00476,2023-11-23,2023-11,Q4,Completed,Phone,157.73,Germany,Regular
ORD001067,C00820,2023-11-26,2023-11,Q4,Completed,Phone,270.58,Germany,New
ORD001068,C01637,2023-10-16,2023-10,Q4,Completed,Mobile App,68.56,Germany,Regular
ORD001069,C00505,2023-11-20,2023-11,Q4,Completed,Marketplace,829.14,Germany,VIP
ORD001070,C01362,2023-10-14,2023-10,Q4,Completed,Mobile App,34.07,Switzerland,VIP
ORD001071,C00610,2023-04-06,2023-04,Q2,Completed,Phone,61.8,Germany,Regular
ORD001072,C01209,2023-05-15,2023-05,Q2,Completed,Phone,1568.91,Germany,Regular
ORD001073,C00559,2023-10-18,2023-10,Q4,Completed,Marketplace,113.55,Germany,VIP
ORD001074,C01638,2023-09-24,2023-09,Q3,Completed,Mobile App,1073.14,Germany,Regular
ORD001075,C00402,2023-10-22,2023-10,Q4,Completed,Marketplace,194.11,Germany,VIP
ORD001076,C00681,2023-02-04,2023-02,Q1,Completed,Mobile App,246.22,Germany,VIP
ORD001077,C00277,2023-09-30,2023-09,Q3,Completed,Phone,105.68,Austria,Regular
ORD001078,C00434,2023-12-03,2023-12,Q4,Completed,Marketplace,314.59,France,VIP
ORD001079,C00020,2023-04-19,2023-04,Q2,Completed,Mobile App,815.26,Germany,Regular
ORD001080,C00822,2023-01-27,2023-01,Q1,Completed,Website,208.56,Germany,New
ORD001081,C00768,2023-02-06,2023-02,Q1,Completed,Marketplace,298.84,Germany,Regular
ORD001082,C00799,2023-01-02,2023-01,Q1,Completed,Website,77.82,Austria,VIP
ORD001083,C01314,2023-05-18,2023-05,Q2,Cancelled,Phone,115.56,Netherlands,Regular
ORD001084,C01604,2023-02-08,2023-02,Q1,Completed,Marketplace,25.19,Belgium,Regular
ORD001085,C01486,2023-05-24,2023-05,Q2,Returned,Phone,1532.04,Belgium,New
ORD001086,C00392,2023-10-12,2023-10,Q4,Returned,Mobile App,864.32,Germany,VIP
ORD001087,C01771,2023-10-15,2023-10,Q4,Completed,Mobile App,2940.76,Germany,VIP
ORD001088,C01158,2023-02-11,2023-02,Q1,Completed,Phone,291.02,Germany,Regular
ORD001089,C01313,2023-07-23,2023-07,Q3,Completed,Website,236.37,Belgium,VIP
ORD001090,C01619,2023-04-30,2023-04,Q2,Completed,Mobile App,313.14,France,VIP
ORD001091,C01929,2023-06-07,2023-06,Q2,Cancelled,Website,66.42,France,VIP
ORD001092,C00731,2023-12-27,2023-12,Q4,Completed,Website,227.85,France,Regular
ORD001093,C00062,2023-07-20,2023-07,Q3,Completed,Mobile App,949.88,Switzerland,VIP
ORD001094,C01042,2023-12-15,2023-12,Q4,Completed,Marketplace,697.01,Germany,New
ORD001095,C00795,2023-03-06,2023-03,Q1,Returned,Phone,512.13,France,Regular
ORD001096,C01762,2023-07-15,2023-07,Q3,Completed,Marketplace,793.8,Netherlands,New
ORD001097,C01201,2023-12-03,2023-12,Q4,Returned,Phone,888.72,Switzerland,Regular
ORD001098,C01677,2023-05-08,2023-05,Q2,Completed,Mobile App,10.95,Switzerland,Regular
ORD001099,C00024,2023-06-12,2023-06,Q2,Completed,Phone,147.47,Germany,New
ORD001100,C00475,2023-01-30,2023-01,Q1,Returned,Phone,1836.26,Germany,Regular
ORD001101,C00109,2023-01-04,2023-01,Q1,Completed,Marketplace,234.11,Austria,VIP
ORD001102,C00954,2023-08-10,2023-08,Q3,Completed,Website,167.65,France,VIP
ORD001103,C00931,2023-04-03,2023-04,Q2,Completed,Marketplace,1191.71,Germany,VIP
ORD001104,C01929,2023-07-15,2023-07,Q3,Completed,Phone,960.31,France,VIP
ORD001105,C00789,2023-10-29,2023-10,Q4,Completed,Mobile App,676.42,Germany,Regular
ORD001106,C01006,2023-06-30,2023-06,Q2,Completed,Website,233.22,Austria,Regular
ORD001107,C01817,2023-05-10,2023-05,Q2,Completed,Mobile App,340.82,Switzerland,Regular
ORD001108,C01960,2023-09-07,2023-09,Q3,Completed,Marketplace,547.8,Germany,Regular
ORD001109,C00333,2023-12-27,2023-12,Q4,Completed,Website,698.37,Germany,Regular
ORD001110,C01164,2023-05-02,2023-05,Q2,Completed,Phone,358.94,France,VIP
ORD001111,C00614,2023-12-20,2023-12,Q4,Completed,Mobile App,1321.11,Austria,Regular
ORD001112,C00393,2023-02-04,2023-02,Q1,Completed,Mobile App,180.57,Belgium,VIP
ORD001113,C00570,2023-07-17,2023-07,Q3,Completed,Website,336.19,Netherlands,New
ORD001114,C00026,2023-05-07,2023-05,Q2,Completed,Marketplace,641.25,France,Regular
ORD001115,C01151,2023-07-05,2023-07,Q3,Completed,Mobile App,256.27,Germany,Churned
ORD001116,C00688,2023-03-04,2023-03,Q1,Returned,Phone,279.32,Germany,VIP
ORD001117,C00908,2023-05-20,2023-05,Q2,Returned,Marketplace,678.89,Austria,Regular
ORD001118,C00903,2023-07-13,2023-07,Q3,Completed,Phone,531.85,Netherlands,Regular
ORD001119,C01484,2023-08-30,2023-08,Q3,Completed,Marketplace,37.85,Germany,VIP
ORD001120,C00864,2023-11-08,2023-11,Q4,Completed,Mobile App,146.0,Switzerland,VIP
ORD001121,C00163,2023-11-04,2023-11,Q4,Completed,Marketplace,146.73,France,VIP
ORD001122,C00030,2023-05-19,2023-05,Q2,Completed,Mobile App,100.1,Netherlands,Regular
ORD001123,C01076,2023-12-19,2023-12,Q4,Completed,Marketplace,750.15,Switzerland,VIP
ORD001124,C01430,2023-02-21,2023-02,Q1,Completed,Website,290.23,Belgium,Regular
ORD001125,C01593,2023-07-07,2023-07,Q3,Completed,Marketplace,12.17,Germany,Regular
ORD001126,C01796,2023-09-05,2023-09,Q3,Completed,Mobile App,360.05,Switzerland,Regular
ORD001127,C01469,2023-09-22,2023-09,Q3,Completed,Marketplace,2057.52,Netherlands,Regular
ORD001128,C00262,2023-09-14,2023-09,Q3,Completed,Phone,54.2,Germany,Regular
ORD001129,C00556,2023-09-12,2023-09,Q3,Completed,Phone,137.56,France,Regular
ORD001130,C01929,2023-05-23,2023-05,Q2,Completed,Phone,162.52,France,VIP
ORD001131,C01128,2023-10-28,2023-10,Q4,Completed,Phone,157.78,Germany,Regular
ORD001132,C01962,2023-05-16,2023-05,Q2,Completed,Mobile App,25.19,Germany,Regular
ORD001133,C00489,2023-06-20,2023-06,Q2,Completed,Marketplace,268.59,Netherlands,Regular
ORD001134,C01082,2023-10-01,2023-10,Q4,Completed,Phone,31.89,Belgium,Regular
ORD001135,C01217,2023-07-17,2023-07,Q3,Completed,Website,67.14,Netherlands,Churned
ORD001136,C00142,2023-08-06,2023-08,Q3,Completed,Mobile App,1626.37,Belgium,Regular
ORD001137,C00434,2023-03-09,2023-03,Q1,Completed,Marketplace,1266.61,France,VIP
ORD001138,C00022,2023-10-10,2023-10,Q4,Completed,Marketplace,28.85,Germany,New
ORD001139,C01138,2023-11-23,2023-11,Q4,Completed,Mobile App,100.09,Germany,VIP
ORD001140,C01212,2023-05-11,2023-05,Q2,Completed,Website,1530.4,France,Regular
ORD001141,C00021,2023-12-16,2023-12,Q4,Completed,Mobile App,504.79,Austria,Regular
ORD001142,C00913,2023-04-07,2023-04,Q2,Completed,Website,31.91,Austria,VIP
ORD001143,C00936,2023-01-05,2023-01,Q1,Completed,Phone,746.87,Switzerland,VIP
ORD001144,C01696,2023-01-02,2023-01,Q1,Completed,Website,1464.03,Germany,Regular
ORD001145,C00754,2023-08-13,2023-08,Q3,Completed,Mobile App,180.57,Germany,Regular
ORD001146,C01806,2023-06-02,2023-06,Q2,Cancelled,Mobile App,148.47,Netherlands,VIP
ORD001147,C00567,2023-05-10,2023-05,Q2,Completed,Phone,1121.2,Belgium,VIP
ORD001148,C01058,2023-06-23,2023-06,Q2,Completed,Website,506.86,Austria,New
ORD001149,C00561,2023-07-14,2023-07,Q3,Completed,Mobile App,46.92,Belgium,Regular
ORD001150,C01919,2023-11-17,2023-11,Q4,Completed,Website,48.06,Austria,Regular
ORD001151,C00768,2023-10-31,2023-10,Q4,Completed,Mobile App,73.85,Germany,Regular
ORD001152,C00184,2023-06-20,2023-06,Q2,Completed,Phone,601.49,Switzerland,VIP
ORD001153,C01510,2023-02-22,2023-02,Q1,Completed,Website,10.95,France,VIP
ORD001154,C00065,2023-08-21,2023-08,Q3,Completed,Marketplace,293.46,Austria,VIP
ORD001155,C01362,2023-06-23,2023-06,Q2,Completed,Website,81.59,Switzerland,VIP
ORD001156,C01399,2023-09-13,2023-09,Q3,Completed,Phone,713.86,Netherlands,VIP
ORD001157,C01567,2023-12-06,2023-12,Q4,Completed,Website,855.46,Germany,Regular
ORD001158,C00166,2023-06-06,2023-06,Q2,Completed,Phone,286.25,Netherlands,New
ORD001159,C00670,2023-01-10,2023-01,Q1,Completed,Marketplace,874.73,Belgium,Regular
ORD001160,C01923,2023-06-15,2023-06,Q2,Completed,Mobile App,161.23,Germany,Regular
ORD001161,C01573,2023-01-28,2023-01,Q1,Completed,Phone,1548.55,Switzerland,VIP
ORD001162,C00607,2023-03-10,2023-03,Q1,Completed,Mobile App,623.86,Germany,New
ORD001163,C01078,2023-02-23,2023-02,Q1,Completed,Phone,504.79,Netherlands,Regular
ORD001164,C01346,2023-11-19,2023-11,Q4,Completed,Marketplace,36.19,Austria,Regular
ORD001165,C01214,2023-04-08,2023-04,Q2,Completed,Website,460.45,France,Regular
ORD001166,C01942,2023-07-21,2023-07,Q3,Completed,Phone,173.34,Switzerland,VIP
ORD001167,C00817,2023-10-03,2023-10,Q4,Completed,Mobile App,169.03,Germany,Churned
ORD001168,C00107,2023-12-07,2023-12,Q4,Returned,Marketplace,75.0,Netherlands,New
ORD001169,C01749,2023-11-09,2023-11,Q4,Completed,Marketplace,344.95,France,VIP
ORD001170,C00911,2023-04-28,2023-04,Q2,Completed,Mobile App,345.4,Belgium,Regular
ORD001171,C01239,2023-03-03,2023-03,Q1,Completed,Website,54.29,Belgium,VIP
ORD001172,C00095,2023-04-17,2023-04,Q2,Completed,Mobile App,663.25,Netherlands,Regular
ORD001173,C00653,2023-09-20,2023-09,Q3,Completed,Mobile App,111.14,Germany,Regular
ORD001174,C00385,2023-10-17,2023-10,Q4,Completed,Marketplace,538.83,Belgium,Regular
ORD001175,C01031,2023-03-28,2023-03,Q1,Completed,Phone,234.84,France,VIP
ORD001176,C00859,2023-08-23,2023-08,Q3,Completed,Website,294.83,Germany,Regular
ORD001177,C00296,2023-02-08,2023-02,Q1,Completed,Phone,76.08,Austria,Regular
ORD001178,C01354,2023-02-23,2023-02,Q1,Completed,Marketplace,96.89,Austria,VIP
ORD001179,C00840,2023-07-10,2023-07,Q3,Completed,Marketplace,524.65,Netherlands,VIP
ORD001180,C01573,2023-06-24,2023-06,Q2,Completed,Phone,348.42,Switzerland,VIP
ORD001181,C01441,2023-10-08,2023-10,Q4,Completed,Phone,248.49,Belgium,Regular
ORD001182,C01922,2023-05-11,2023-05,Q2,Completed,Marketplace,92.6,Germany,Regular
ORD001183,C01716,2023-01-08,2023-01,Q1,Completed,Phone,2520.7,Germany,Regular
ORD001184,C01654,2023-04-14,2023-04,Q2,Completed,Phone,1307.64,Germany,Regular
ORD001185,C00264,2023-03-16,2023-03,Q1,Completed,Website,36.96,Switzerland,VIP
ORD001186,C01444,2023-02-21,2023-02,Q1,Completed,Marketplace,128.25,Netherlands,VIP
ORD001187,C00883,2023-09-19,2023-09,Q3,Completed,Phone,321.39,Netherlands,Regular
ORD001188,C01444,2023-04-05,2023-04,Q2,Completed,Mobile App,107.85,Netherlands,VIP
ORD001189,C00371,2023-09-13,2023-09,Q3,Completed,Phone,119.92,Germany,Regular
ORD001190,C00098,2023-07-09,2023-07,Q3,Completed,Marketplace,236.34,Germany,Regular
ORD001191,C00145,2023-03-13,2023-03,Q1,Completed,Phone,506.97,Germany,Regular
ORD001192,C00696,2023-12-18,2023-12,Q4,Completed,Mobile App,1418.45,Germany,New
ORD001193,C01160,2023-03-15,2023-03,Q1,Completed,Phone,232.89,Austria,VIP
ORD001194,C01252,2023-04-03,2023-04,Q2,Completed,Mobile App,31.66,Germany,VIP
ORD001195,C00776,2023-03-14,2023-03,Q1,Completed,Marketplace,28.65,Germany,Regular
ORD001196,C00187,2023-06-21,2023-06,Q2,Completed,Website,753.99,Germany,Regular
ORD001197,C00953,2023-02-24,2023-02,Q1,Completed,Website,164.39,Germany,New
ORD001198,C00997,2023-05-30,2023-05,Q2,Completed,Mobile App,77.25,Belgium,Regular
ORD001199,C01434,2023-01-31,2023-01,Q1,Completed,Marketplace,593.14,France,Regular
ORD001200,C00840,2023-05-03,2023-05,Q2,Completed,Phone,184.05,Netherlands,VIP
ORD001201,C00510,2023-02-24,2023-02,Q1,Completed,Marketplace,1082.1,Netherlands,VIP
ORD001202,C01628,2023-08-22,2023-08,Q3,Completed,Marketplace,2465.74,Germany,Regular
ORD001203,C01860,2023-03-25,2023-03,Q1,Returned,Phone,118.53,France,Regular
ORD001204,C01386,2023-09-26,2023-09,Q3,Returned,Mobile App,407.63,Germany,Regular
ORD001205,C00686,2023-12-27,2023-12,Q4,Completed,Marketplace,310.58,Germany,Regular
ORD001206,C01253,2023-02-11,2023-02,Q1,Returned,Mobile App,27.71,Belgium,Regular
ORD001207,C00954,2023-08-08,2023-08,Q3,Completed,Phone,64.4,France,VIP
ORD001208,C00248,2023-12-05,2023-12,Q4,Completed,Phone,301.28,Austria,New
ORD001209,C01588,2023-03-25,2023-03,Q1,Cancelled,Website,144.1,Switzerland,Regular
ORD001210,C01089,2023-05-14,2023-05,Q2,Completed,Mobile App,393.3,Austria,Regular
ORD001211,C01747,2023-11-20,2023-11,Q4,Completed,Phone,1571.19,France,VIP
ORD001212,C00596,2023-09-24,2023-09,Q3,Completed,Website,1152.05,Switzerland,VIP
ORD001213,C00441,2023-05-30,2023-05,Q2,Completed,Marketplace,769.37,Belgium,Regular
ORD001214,C00240,2023-09-04,2023-09,Q3,Completed,Marketplace,54.89,Austria,New
ORD001215,C00177,2023-05-03,2023-05,Q2,Completed,Mobile App,844.87,Austria,Regular
ORD001216,C00681,2023-03-05,2023-03,Q1,Completed,Website,735.06,Germany,VIP
ORD001217,C01791,2023-12-20,2023-12,Q4,Completed,Phone,116.52,Germany,New
ORD001218,C00087,2023-01-18,2023-01,Q1,Cancelled,Mobile App,658.5,Germany,Regular
ORD001219,C01132,2023-02-21,2023-02,Q1,Completed,Marketplace,200.06,Germany,VIP
ORD001220,C00431,2023-05-29,2023-05,Q2,Completed,Marketplace,692.43,Germany,Regular
ORD001221,C00879,2023-12-10,2023-12,Q4,Completed,Phone,124.21,Austria,Regular
ORD001222,C01530,2023-01-03,2023-01,Q1,Completed,Website,417.55,Netherlands,VIP
ORD001223,C00329,2023-11-03,2023-11,Q4,Returned,Mobile App,169.03,Switzerland,Regular
ORD001224,C01708,2023-02-12,2023-02,Q1,Returned,Website,93.63,Switzerland,Regular
ORD001225,C01011,2023-04-19,2023-04,Q2,Returned,Phone,169.14,Germany,Regular
ORD001226,C00870,2023-12-09,2023-12,Q4,Completed,Mobile App,225.87,France,New
ORD001227,C01235,2023-06-18,2023-06,Q2,Completed,Phone,36.19,Switzerland,Regular
ORD001228,C00319,2023-12-31,2023-12,Q4,Completed,Phone,2473.18,Germany,Regular
ORD001229,C00070,2023-06-04,2023-06,Q2,Completed,Website,58.51,Netherlands,Regular
ORD001230,C00915,2023-01-09,2023-01,Q1,Completed,Phone,204.08,Germany,VIP
ORD001231,C01790,2023-01-11,2023-01,Q1,Completed,Phone,588.05,Netherlands,Regular
ORD001232,C00170,2023-11-27,2023-11,Q4,Completed,Marketplace,246.87,France,VIP
ORD001233,C01875,2023-01-30,2023-01,Q1,Completed,Phone,1674.0,France,Regular
ORD001234,C00702,2023-08-22,2023-08,Q3,Completed,Mobile App,350.21,Germany,VIP
ORD001235,C01911,2023-01-11,2023-01,Q1,Completed,Mobile App,264.89,Switzerland,Regular
ORD001236,C00427,2023-04-29,2023-04,Q2,Cancelled,Marketplace,762.46,Belgium,Regular
ORD001237,C01569,2023-11-22,2023-11,Q4,Completed,Mobile App,808.43,Austria,Regular
ORD001238,C01368,2023-12-05,2023-12,Q4,Completed,Phone,1233.04,Germany,VIP
ORD001239,C01901,2023-04-29,2023-04,Q2,Completed,Phone,11.56,Belgium,New
ORD001240,C01444,2023-05-07,2023-05,Q2,Completed,Mobile App,271.26,Netherlands,VIP
ORD001241,C00069,2023-08-17,2023-08,Q3,Completed,Website,130.02,Germany,New
ORD001242,C00170,2023-01-03,2023-01,Q1,Completed,Website,262.03,France,VIP
ORD001243,C00179,2023-03-19,2023-03,Q1,Completed,Website,504.79,Austria,New
ORD001244,C00538,2023-10-23,2023-10,Q4,Completed,Mobile App,250.86,Switzerland,VIP
ORD001245,C01704,2023-08-06,2023-08,Q3,Completed,Mobile App,53.4,Switzerland,Regular
ORD001246,C01234,2023-09-09,2023-09,Q3,Completed,Marketplace,2200.67,France,Regular
ORD001247,C01371,2023-03-05,2023-03,Q1,Completed,Phone,545.93,Germany,Regular
ORD001248,C00630,2023-06-13,2023-06,Q2,Completed,Mobile App,508.07,Switzerland,VIP
ORD001249,C01460,2023-12-09,2023-12,Q4,Completed,Mobile App,256.69,Germany,New
ORD001250,C00775,2023-10-30,2023-10,Q4,Completed,Marketplace,813.46,France,New
ORD001251,C01011,2023-03-30,2023-03,Q1,Completed,Website,30.16,Germany,Regular
ORD001252,C01296,2023-10-09,2023-10,Q4,Completed,Phone,604.02,France,VIP
ORD001253,C00484,2023-03-28,2023-03,Q1,Completed,Website,659.02,Austria,Regular
ORD001254,C01713,2023-04-17,2023-04,Q2,Completed,Mobile App,1761.53,Germany,Regular
ORD001255,C01704,2023-09-14,2023-09,Q3,Completed,Mobile App,749.44,Switzerland,Regular
ORD001256,C00180,2023-03-03,2023-03,Q1,Completed,Website,156.16,Germany,VIP
ORD001257,C00540,2023-10-04,2023-10,Q4,Completed,Phone,1478.25,France,VIP
ORD001258,C00840,2023-05-20,2023-05,Q2,Completed,Marketplace,365.98,Netherlands,VIP
ORD001259,C01698,2023-03-26,2023-03,Q1,Completed,Mobile App,1725.26,Germany,Regular
ORD001260,C01160,2023-12-27,2023-12,Q4,Completed,Website,650.09,Austria,VIP
ORD001261,C00546,2023-10-02,2023-10,Q4,Completed,Website,28.69,France,Churned
ORD001262,C00434,2023-04-24,2023-04,Q2,Completed,Website,272.82,France,VIP
ORD001263,C00015,2023-02-18,2023-02,Q1,Completed,Phone,161.2,Netherlands,Regular
ORD001264,C01547,2023-10-13,2023-10,Q4,Completed,Mobile App,112.91,Germany,Regular
ORD001265,C01911,2023-09-13,2023-09,Q3,Cancelled,Website,1750.11,Switzerland,Regular
ORD001266,C01705,2023-11-14,2023-11,Q4,Completed,Mobile App,271.28,Germany,VIP
ORD001267,C01604,2023-07-22,2023-07,Q3,Completed,Marketplace,691.35,Belgium,Regular
ORD001268,C00829,2023-02-23,2023-02,Q1,Completed,Marketplace,662.97,Germany,VIP
ORD001269,C00516,2023-12-27,2023-12,Q4,Completed,Phone,801.23,Germany,Regular
ORD001270,C01677,2023-12-09,2023-12,Q4,Completed,Marketplace,1649.52,Switzerland,Regular
ORD001271,C00652,2023-05-24,2023-05,Q2,Completed,Marketplace,532.05,Austria,Churned
ORD001272,C00092,2023-10-17,2023-10,Q4,Returned,Phone,65.14,Austria,Regular
ORD001273,C00555,2023-02-21,2023-02,Q1,Cancelled,Marketplace,107.55,Germany,Regular
ORD001274,C01608,2023-09-03,2023-09,Q3,Completed,Marketplace,167.52,Belgium,Regular
ORD001275,C00305,2023-12-08,2023-12,Q4,Completed,Phone,298.04,Belgium,VIP
ORD001276,C00173,2023-12-11,2023-12,Q4,Completed,Marketplace,834.15,Germany,New
ORD001277,C00669,2023-05-25,2023-05,Q2,Returned,Mobile App,1256.48,Germany,VIP
ORD001278,C01831,2023-09-16,2023-09,Q3,Completed,Mobile App,716.29,Germany,Regular
ORD001279,C00863,2023-07-08,2023-07,Q3,Completed,Mobile App,143.5,Germany,Regular
ORD001280,C01192,2023-10-19,2023-10,Q4,Completed,Mobile App,814.06,Germany,Regular
ORD001281,C01133,2023-02-27,2023-02,Q1,Completed,Phone,93.35,Netherlands,VIP
ORD001282,C01953,2023-05-03,2023-05,Q2,Completed,Website,1170.45,Belgium,Regular
ORD001283,C00743,2023-10-31,2023-10,Q4,Completed,Website,2380.42,Germany,VIP
ORD001284,C01870,2023-08-16,2023-08,Q3,Returned,Mobile App,264.57,Belgium,Regular
ORD001285,C01044,2023-11-08,2023-11,Q4,Completed,Phone,2588.05,Austria,Regular
ORD001286,C01005,2023-12-14,2023-12,Q4,Returned,Mobile App,146.73,Switzerland,Regular
ORD001287,C01960,2023-01-10,2023-01,Q1,Completed,Website,17.2,Germany,Regular
ORD001288,C00387,2023-01-27,2023-01,Q1,Completed,Website,67.75,France,Regular
ORD001289,C00696,2023-06-27,2023-06,Q2,Completed,Mobile App,641.11,Germany,New
ORD001290,C00255,2023-11-25,2023-11,Q4,Completed,Phone,1018.63,Switzerland,New
ORD001291,C00481,2023-08-05,2023-08,Q3,Completed,Phone,229.92,Germany,VIP
ORD001292,C00708,2023-07-03,2023-07,Q3,Completed,Mobile App,2591.92,Germany,VIP
ORD001293,C00420,2023-01-22,2023-01,Q1,Completed,Phone,124.72,Germany,Regular
ORD001294,C00008,2023-07-03,2023-07,Q3,Completed,Website,69.33,Germany,Regular
ORD001295,C00535,2023-03-29,2023-03,Q1,Completed,Phone,100.08,Germany,VIP
ORD001296,C01766,2023-11-03,2023-11,Q4,Completed,Mobile App,1705.48,Belgium,Regular
ORD001297,C00220,2023-05-25,2023-05,Q2,Completed,Marketplace,152.47,Switzerland,Regular
ORD001298,C01122,2023-01-14,2023-01,Q1,Completed,Website,1027.25,Netherlands,Regular
ORD001299,C00450,2023-04-05,2023-04,Q2,Completed,Website,1034.47,Belgium,Regular
ORD001300,C01918,2023-02-18,2023-02,Q1,Completed,Phone,164.45,Austria,Regular
ORD001301,C00145,2023-06-25,2023-06,Q2,Completed,Mobile App,37.85,Germany,Regular
ORD001302,C00457,2023-02-03,2023-02,Q1,Returned,Website,100.71,France,Regular
ORD001303,C01236,2023-01-12,2023-01,Q1,Completed,Mobile App,209.9,Belgium,New
ORD001304,C01968,2023-12-14,2023-12,Q4,Completed,Mobile App,268.63,France,VIP
ORD001305,C00580,2023-12-03,2023-12,Q4,Completed,Phone,79.7,Austria,VIP
ORD001306,C01523,2023-06-19,2023-06,Q2,Completed,Mobile App,96.89,Switzerland,Regular
ORD001307,C01494,2023-06-03,2023-06,Q2,Completed,Mobile App,1533.96,Germany,Regular
ORD001308,C00059,2023-12-30,2023-12,Q4,Cancelled,Mobile App,188.71,France,New
ORD001309,C00387,2023-11-20,2023-11,Q4,Completed,Website,934.93,France,Regular
ORD001310,C01513,2023-03-26,2023-03,Q1,Completed,Phone,64.33,Germany,VIP
ORD001311,C01184,2023-04-15,2023-04,Q2,Completed,Phone,338.06,Belgium,New
ORD001312,C00608,2023-12-25,2023-12,Q4,Completed,Website,63.32,France,VIP
ORD001313,C00238,2023-12-22,2023-12,Q4,Completed,Marketplace,372.88,France,Regular
ORD001314,C01420,2023-10-17,2023-10,Q4,Completed,Website,1310.46,Belgium,Regular
ORD001315,C00878,2023-05-10,2023-05,Q2,Completed,Mobile App,261.11,Netherlands,Regular
ORD001316,C00152,2023-02-12,2023-02,Q1,Cancelled,Phone,1186.5,Austria,VIP
ORD001317,C01959,2023-08-21,2023-08,Q3,Completed,Phone,124.0,Germany,VIP
ORD001318,C00449,2023-04-04,2023-04,Q2,Cancelled,Mobile App,707.48,France,VIP
ORD001319,C00596,2023-10-08,2023-10,Q4,Returned,Mobile App,16.05,Switzerland,VIP
ORD001320,C01037,2023-03-04,2023-03,Q1,Returned,Marketplace,324.49,Switzerland,Regular
ORD001321,C01818,2023-10-10,2023-10,Q4,Completed,Phone,160.14,France,New
ORD001322,C00944,2023-11-28,2023-11,Q4,Completed,Website,338.21,Germany,VIP
ORD001323,C01116,2023-04-09,2023-04,Q2,Completed,Mobile App,124.85,Germany,Regular
ORD001324,C01315,2023-11-09,2023-11,Q4,Completed,Mobile App,689.91,France,New
ORD001325,C00171,2023-12-08,2023-12,Q4,Completed,Marketplace,20.66,Netherlands,Regular
ORD001326,C01313,2023-10-13,2023-10,Q4,Completed,Website,17.81,Belgium,VIP
ORD001327,C00049,2023-01-17,2023-01,Q1,Completed,Marketplace,33.21,France,VIP
ORD001328,C00153,2023-03-05,2023-03,Q1,Completed,Marketplace,71.56,Germany,VIP
ORD001329,C00596,2023-11-27,2023-11,Q4,Completed,Website,175.37,Switzerland,VIP
ORD001330,C01108,2023-07-29,2023-07,Q3,Returned,Marketplace,407.63,Germany,Regular
ORD001331,C00664,2023-01-12,2023-01,Q1,Completed,Phone,54.85,Switzerland,VIP
ORD001332,C00566,2023-12-21,2023-12,Q4,Completed,Mobile App,201.15,Austria,Regular
ORD001333,C00244,2023-10-14,2023-10,Q4,Completed,Mobile App,68.83,Germany,New
ORD001334,C01744,2023-11-16,2023-11,Q4,Completed,Phone,3012.34,Switzerland,Regular
ORD001335,C01025,2023-06-22,2023-06,Q2,Completed,Marketplace,2211.06,Switzerland,VIP
ORD001336,C01305,2023-10-25,2023-10,Q4,Completed,Website,820.68,Germany,Regular
ORD001337,C01251,2023-01-13,2023-01,Q1,Completed,Marketplace,704.52,Germany,Regular
ORD001338,C00191,2023-11-26,2023-11,Q4,Completed,Website,52.0,Belgium,Regular
ORD001339,C01457,2023-05-24,2023-05,Q2,Completed,Phone,113.82,Germany,VIP
ORD001340,C01099,2023-11-20,2023-11,Q4,Completed,Website,272.82,Switzerland,VIP
ORD001341,C00460,2023-12-13,2023-12,Q4,Completed,Marketplace,303.95,Netherlands,Regular
ORD001342,C00195,2023-12-06,2023-12,Q4,Completed,Mobile App,450.55,Germany,Regular
ORD001343,C00345,2023-10-07,2023-10,Q4,Completed,Marketplace,99.3,Germany,Regular
ORD001344,C01185,2023-02-08,2023-02,Q1,Completed,Mobile App,17.81,Germany,New
ORD001345,C01083,2023-04-26,2023-04,Q2,Completed,Website,248.1,Germany,Regular
ORD001346,C00448,2023-12-19,2023-12,Q4,Completed,Mobile App,105.07,Germany,New
ORD001347,C00492,2023-08-14,2023-08,Q3,Completed,Website,151.88,France,Regular
ORD001348,C00640,2023-04-11,2023-04,Q2,Cancelled,Mobile App,1654.63,Netherlands,Regular
ORD001349,C01239,2023-10-05,2023-10,Q4,Completed,Phone,146.73,Belgium,VIP
ORD001350,C00846,2023-11-15,2023-11,Q4,Completed,Website,583.36,Belgium,New
ORD001351,C01591,2023-03-08,2023-03,Q1,Completed,Website,427.32,Germany,VIP
ORD001352,C01257,2023-03-28,2023-03,Q1,Returned,Mobile App,33.25,Germany,Regular
ORD001353,C00377,2023-11-27,2023-11,Q4,Completed,Marketplace,1754.91,Netherlands,Regular
ORD001354,C00760,2023-11-04,2023-11,Q4,Completed,Mobile App,35.18,Switzerland,Churned
ORD001355,C00947,2023-12-21,2023-12,Q4,Completed,Phone,242.07,Austria,Regular
ORD001356,C00300,2023-11-17,2023-11,Q4,Completed,Phone,479.55,Belgium,VIP
ORD001357,C01019,2023-12-25,2023-12,Q4,Returned,Website,46.16,Germany,VIP
ORD001358,C00580,2023-12-24,2023-12,Q4,Completed,Phone,407.68,Austria,VIP
ORD001359,C01201,2023-12-28,2023-12,Q4,Completed,Website,71.56,Switzerland,Regular
ORD001360,C00251,2023-01-04,2023-01,Q1,Completed,Website,733.95,Belgium,Churned
ORD001361,C00846,2023-03-28,2023-03,Q1,Completed,Phone,109.82,Belgium,New
ORD001362,C01214,2023-09-21,2023-09,Q3,Completed,Website,201.35,France,Regular
ORD001363,C00252,2023-04-18,2023-04,Q2,Completed,Mobile App,894.09,Germany,Regular
ORD001364,C01482,2023-08-06,2023-08,Q3,Completed,Mobile App,62.69,Austria,Regular
ORD001365,C00340,2023-04-06,2023-04,Q2,Completed,Mobile App,37.54,Austria,Regular
ORD001366,C00526,2023-10-14,2023-10,Q4,Completed,Website,62.69,Switzerland,Regular
ORD001367,C01793,2023-06-29,2023-06,Q2,Completed,Marketplace,1350.0,Germany,New
ORD001368,C00232,2023-11-09,2023-11,Q4,Completed,Website,646.47,Germany,Regular
ORD001369,C01052,2023-01-09,2023-01,Q1,Completed,Marketplace,61.7,Germany,Regular
ORD001370,C00727,2023-07-07,2023-07,Q3,Completed,Marketplace,347.19,Germany,Regular
ORD001371,C00535,2023-10-02,2023-10,Q4,Completed,Mobile App,1103.96,Germany,VIP
ORD001372,C01414,2023-11-29,2023-11,Q4,Completed,Mobile App,858.6,Belgium,Regular
ORD001373,C00835,2023-08-28,2023-08,Q3,Completed,Marketplace,211.36,Austria,New
ORD001374,C00682,2023-11-07,2023-11,Q4,Completed,Website,99.33,Germany,VIP
ORD001375,C01755,2023-05-09,2023-05,Q2,Completed,Website,848.31,France,VIP
ORD001376,C01788,2023-10-08,2023-10,Q4,Completed,Mobile App,1808.04,Germany,VIP
ORD001377,C01934,2023-12-03,2023-12,Q4,Completed,Phone,61.95,Switzerland,VIP
ORD001378,C00781,2023-02-17,2023-02,Q1,Completed,Mobile App,178.44,Netherlands,Regular
ORD001379,C01507,2023-06-23,2023-06,Q2,Completed,Marketplace,244.82,Austria,VIP
ORD001380,C01329,2023-02-06,2023-02,Q1,Completed,Mobile App,44.18,France,VIP
ORD001381,C01252,2023-10-02,2023-10,Q4,Completed,Phone,254.08,Germany,VIP
ORD001382,C00880,2023-10-19,2023-10,Q4,Completed,Phone,1513.43,Germany,Regular
ORD001383,C01048,2023-02-02,2023-02,Q1,Completed,Mobile App,67.75,Netherlands,Regular
ORD001384,C00467,2023-12-11,2023-12,Q4,Completed,Marketplace,1098.01,Germany,Regular
ORD001385,C00921,2023-02-08,2023-02,Q1,Completed,Website,1343.61,France,Regular
ORD001386,C01779,2023-06-04,2023-06,Q2,Completed,Phone,219.12,Belgium,VIP
ORD001387,C00743,2023-05-19,2023-05,Q2,Completed,Mobile App,597.03,Germany,VIP
ORD001388,C01834,2023-10-12,2023-10,Q4,Completed,Mobile App,204.35,Belgium,Regular
ORD001389,C01107,2023-01-15,2023-01,Q1,Completed,Mobile App,160.58,Belgium,VIP
ORD001390,C00327,2023-06-13,2023-06,Q2,Completed,Phone,1602.86,Belgium,VIP
ORD001391,C01842,2023-12-31,2023-12,Q4,Completed,Marketplace,38.94,Switzerland,Regular
ORD001392,C00319,2023-01-25,2023-01,Q1,Completed,Mobile App,446.2,Germany,Regular
ORD001393,C01932,2023-06-16,2023-06,Q2,Completed,Website,642.1,Germany,New
ORD001394,C01610,2023-04-03,2023-04,Q2,Completed,Mobile App,568.13,Germany,New
ORD001395,C00615,2023-03-24,2023-03,Q1,Completed,Mobile App,34.37,Austria,Regular
ORD001396,C01760,2023-12-12,2023-12,Q4,Completed,Website,230.85,Germany,New
ORD001397,C00463,2023-06-09,2023-06,Q2,Completed,Phone,98.82,Switzerland,VIP
ORD001398,C01373,2023-11-18,2023-11,Q4,Completed,Mobile App,306.65,Germany,New
ORD001399,C01506,2023-12-24,2023-12,Q4,Completed,Mobile App,55.47,Austria,Regular
ORD001400,C00553,2023-04-05,2023-04,Q2,Completed,Phone,1343.11,Germany,New
ORD001401,C01674,2023-04-08,2023-04,Q2,Completed,Website,2471.69,Germany,VIP
ORD001402,C01639,2023-09-03,2023-09,Q3,Completed,Mobile App,271.91,Germany,VIP
ORD001403,C01981,2023-07-14,2023-07,Q3,Completed,Website,1467.9,Germany,Regular
ORD001404,C01513,2023-10-16,2023-10,Q4,Completed,Mobile App,100.09,Germany,VIP
ORD001405,C00474,2023-12-26,2023-12,Q4,Completed,Website,1366.73,Switzerland,Regular
ORD001406,C01075,2023-10-25,2023-10,Q4,Completed,Mobile App,304.25,Germany,Regular
ORD001407,C01386,2023-06-30,2023-06,Q2,Completed,Website,92.55,Germany,Regular
ORD001408,C01892,2023-01-06,2023-01,Q1,Completed,Mobile App,100.76,Switzerland,Regular
ORD001409,C01355,2023-01-13,2023-01,Q1,Completed,Website,139.11,Austria,Regular
ORD001410,C01334,2023-11-14,2023-11,Q4,Completed,Phone,210.4,Germany,Regular
ORD001411,C00097,2023-12-20,2023-12,Q4,Cancelled,Marketplace,317.19,Germany,Regular
ORD001412,C01264,2023-04-04,2023-04,Q2,Completed,Website,61.99,Belgium,Regular
ORD001413,C01150,2023-08-20,2023-08,Q3,Completed,Marketplace,128.72,Germany,Regular
ORD001414,C01666,2023-06-10,2023-06,Q2,Completed,Marketplace,177.88,Germany,New
ORD001415,C01419,2023-06-03,2023-06,Q2,Completed,Phone,306.73,Germany,Regular
ORD001416,C00106,2023-04-29,2023-04,Q2,Completed,Mobile App,562.88,Austria,Regular
ORD001417,C01076,2023-09-26,2023-09,Q3,Completed,Marketplace,741.5,Switzerland,VIP
ORD001418,C01510,2023-05-11,2023-05,Q2,Completed,Website,52.13,France,VIP
ORD001419,C01521,2023-02-07,2023-02,Q1,Completed,Website,322.03,Switzerland,Regular
ORD001420,C00979,2023-01-15,2023-01,Q1,Completed,Website,371.31,Switzerland,Regular
ORD001421,C01978,2023-06-13,2023-06,Q2,Completed,Website,680.73,Germany,VIP
ORD001422,C01963,2023-11-23,2023-11,Q4,Completed,Website,721.28,Germany,VIP
ORD001423,C00567,2023-08-14,2023-08,Q3,Completed,Marketplace,1804.2,Belgium,VIP
ORD001424,C01083,2023-11-30,2023-11,Q4,Cancelled,Phone,79.7,Germany,Regular
ORD001425,C00102,2023-04-11,2023-04,Q2,Completed,Website,77.66,Belgium,Regular
ORD001426,C01354,2023-06-11,2023-06,Q2,Completed,Website,75.08,Austria,VIP
ORD001427,C01966,2023-02-02,2023-02,Q1,Completed,Mobile App,323.04,Germany,Regular
ORD001428,C01882,2023-12-10,2023-12,Q4,Completed,Mobile App,218.42,Austria,Regular
ORD001429,C01105,2023-12-23,2023-12,Q4,Completed,Website,97.72,France,Regular
ORD001430,C01464,2023-01-03,2023-01,Q1,Completed,Website,366.04,France,Regular
ORD001431,C00585,2023-04-14,2023-04,Q2,Completed,Phone,269.76,Switzerland,VIP
ORD001432,C01510,2023-06-06,2023-06,Q2,Returned,Marketplace,32.82,France,VIP
ORD001433,C00803,2023-07-01,2023-07,Q3,Returned,Website,273.9,Austria,VIP
ORD001434,C00765,2023-12-31,2023-12,Q4,Completed,Marketplace,324.01,Belgium,Regular
ORD001435,C00196,2023-04-22,2023-04,Q2,Returned,Phone,20.23,Germany,Regular
ORD001436,C01748,2023-12-22,2023-12,Q4,Completed,Phone,1122.89,Germany,Regular
ORD001437,C00833,2023-09-20,2023-09,Q3,Completed,Mobile App,201.93,Germany,New
ORD001438,C00684,2023-12-16,2023-12,Q4,Completed,Mobile App,139.93,Switzerland,Regular
ORD001439,C01920,2023-01-01,2023-01,Q1,Completed,Marketplace,186.78,France,Regular
ORD001440,C01384,2023-10-20,2023-10,Q4,Completed,Website,623.86,France,New
ORD001441,C01645,2023-11-18,2023-11,Q4,Completed,Mobile App,620.7,Germany,Regular
ORD001442,C01032,2023-02-04,2023-02,Q1,Completed,Marketplace,1146.34,Germany,New
ORD001443,C01518,2023-01-19,2023-01,Q1,Cancelled,Phone,643.72,Netherlands,Regular
ORD001444,C00027,2023-03-03,2023-03,Q1,Returned,Marketplace,782.62,Austria,Regular
ORD001445,C01260,2023-07-23,2023-07,Q3,Completed,Phone,197.76,Germany,Regular
ORD001446,C01696,2023-08-04,2023-08,Q3,Completed,Website,756.53,Germany,Regular
ORD001447,C00052,2023-11-17,2023-11,Q4,Completed,Mobile App,35.66,Switzerland,Regular
ORD001448,C01987,2023-05-29,2023-05,Q2,Completed,Marketplace,650.19,Austria,Regular
ORD001449,C00242,2023-04-14,2023-04,Q2,Completed,Website,887.51,Belgium,Regular
ORD001450,C01703,2023-12-14,2023-12,Q4,Completed,Phone,255.66,Switzerland,Regular
ORD001451,C01187,2023-03-08,2023-03,Q1,Completed,Website,65.12,Germany,VIP
ORD001452,C00397,2023-06-06,2023-06,Q2,Completed,Website,486.11,Germany,New
ORD001453,C00193,2023-12-26,2023-12,Q4,Completed,Marketplace,762.21,Austria,Regular
ORD001454,C01018,2023-12-14,2023-12,Q4,Completed,Mobile App,313.91,Netherlands,VIP
ORD001455,C00056,2023-08-03,2023-08,Q3,Completed,Phone,129.07,Belgium,Regular
ORD001456,C01745,2023-05-16,2023-05,Q2,Completed,Phone,222.44,Germany,Regular
ORD001457,C01492,2023-11-24,2023-11,Q4,Returned,Mobile App,50.93,France,New
ORD001458,C01507,2023-03-28,2023-03,Q1,Completed,Marketplace,111.46,Austria,VIP
ORD001459,C00931,2023-06-02,2023-06,Q2,Completed,Marketplace,571.59,Germany,VIP
ORD001460,C01735,2023-03-04,2023-03,Q1,Completed,Phone,681.96,Germany,Regular
ORD001461,C01945,2023-12-19,2023-12,Q4,Completed,Marketplace,273.8,Germany,Regular
ORD001462,C00701,2023-03-21,2023-03,Q1,Completed,Phone,134.88,Belgium,VIP
ORD001463,C01075,2023-05-21,2023-05,Q2,Completed,Phone,90.2,Germany,Regular
ORD001464,C01338,2023-12-31,2023-12,Q4,Completed,Website,951.53,Germany,Regular
ORD001465,C01189,2023-03-31,2023-03,Q1,Completed,Website,403.83,Austria,Regular
ORD001466,C01560,2023-07-07,2023-07,Q3,Completed,Website,119.92,Belgium,VIP
ORD001467,C00804,2023-11-10,2023-11,Q4,Completed,Marketplace,1767.51,Germany,Regular
ORD001468,C01897,2023-04-03,2023-04,Q2,Returned,Phone,180.4,Netherlands,Regular
ORD001469,C01104,2023-06-12,2023-06,Q2,Completed,Marketplace,587.7,Germany,Regular
ORD001470,C01337,2023-07-02,2023-07,Q3,Completed,Marketplace,358.94,Belgium,Regular
ORD001471,C00618,2023-07-07,2023-07,Q3,Completed,Phone,38.94,Belgium,VIP
ORD001472,C01290,2023-06-08,2023-06,Q2,Cancelled,Marketplace,119.12,Austria,Regular
ORD001473,C00691,2023-12-12,2023-12,Q4,Completed,Mobile App,1991.87,Germany,VIP
ORD001474,C00328,2023-05-27,2023-05,Q2,Completed,Marketplace,532.43,Germany,Regular
ORD001475,C00829,2023-09-19,2023-09,Q3,Completed,Phone,38.74,Germany,VIP
ORD001476,C01690,2023-01-11,2023-01,Q1,Completed,Marketplace,85.44,France,Regular
ORD001477,C00201,2023-06-03,2023-06,Q2,Completed,Website,42.74,Germany,New
ORD001478,C01968,2023-11-13,2023-11,Q4,Completed,Mobile App,56.59,France,VIP
ORD001479,C00688,2023-04-12,2023-04,Q2,Completed,Mobile App,167.8,Germany,VIP
ORD001480,C00340,2023-08-17,2023-08,Q3,Completed,Phone,878.58,Austria,Regular
ORD001481,C00374,2023-10-25,2023-10,Q4,Completed,Mobile App,1069.62,Austria,Regular
ORD001482,C01031,2023-06-14,2023-06,Q2,Completed,Marketplace,61.35,France,VIP
ORD001483,C01639,2023-12-30,2023-12,Q4,Completed,Website,115.05,Germany,VIP
ORD001484,C01548,2023-11-25,2023-11,Q4,Completed,Marketplace,174.02,France,Regular
ORD001485,C00701,2023-08-26,2023-08,Q3,Completed,Website,800.89,Belgium,VIP
ORD001486,C01689,2023-10-22,2023-10,Q4,Cancelled,Phone,71.32,Germany,VIP
ORD001487,C00036,2023-07-09,2023-07,Q3,Completed,Website,179.68,France,VIP
ORD001488,C00865,2023-10-04,2023-10,Q4,Completed,Marketplace,1403.89,Belgium,Regular
ORD001489,C01772,2023-12-14,2023-12,Q4,Completed,Website,174.37,Germany,Regular
ORD001490,C00829,2023-04-08,2023-04,Q2,Completed,Marketplace,477.93,Germany,VIP
ORD001491,C01827,2023-03-28,2023-03,Q1,Completed,Website,208.33,Switzerland,New
ORD001492,C00709,2023-11-04,2023-11,Q4,Completed,Mobile App,454.96,Germany,New
ORD001493,C01989,2023-03-09,2023-03,Q1,Completed,Phone,102.45,Netherlands,New
ORD001494,C01392,2023-11-10,2023-11,Q4,Completed,Website,1163.03,Switzerland,Regular
ORD001495,C01343,2023-05-07,2023-05,Q2,Completed,Website,206.21,France,New
ORD001496,C01741,2023-11-12,2023-11,Q4,Completed,Website,1704.63,Germany,New
ORD001497,C00233,2023-06-16,2023-06,Q2,Completed,Mobile App,227.18,Belgium,VIP
ORD001498,C01296,2023-07-20,2023-07,Q3,Completed,Mobile App,2433.66,France,VIP
ORD001499,C00609,2023-10-18,2023-10,Q4,Completed,Website,28.85,Germany,Regular
ORD001500,C01963,2023-10-18,2023-10,Q4,Completed,Marketplace,170.41,Germany,VIP
ORD001501,C01596,2023-02-25,2023-02,Q1,Completed,Marketplace,30.76,Netherlands,VIP
ORD001502,C00865,2023-05-14,2023-05,Q2,Completed,Mobile App,150.56,Belgium,Regular
ORD001503,C00259,2023-07-11,2023-07,Q3,Completed,Phone,34.87,France,VIP
ORD001504,C00231,2023-10-12,2023-10,Q4,Completed,Mobile App,326.08,Netherlands,VIP
ORD001505,C01470,2023-07-30,2023-07,Q3,Completed,Phone,282.64,Netherlands,Regular
ORD001506,C00126,2023-11-22,2023-11,Q4,Completed,Mobile App,407.63,Austria,New
ORD001507,C01310,2023-02-20,2023-02,Q1,Completed,Mobile App,285.28,Austria,VIP
ORD001508,C01529,2023-11-07,2023-11,Q4,Completed,Marketplace,1312.12,Germany,Regular
ORD001509,C00761,2023-10-31,2023-10,Q4,Completed,Marketplace,460.5,Switzerland,Regular
ORD001510,C01206,2023-06-21,2023-06,Q2,Completed,Phone,426.12,Austria,Regular
ORD001511,C01817,2023-01-10,2023-01,Q1,Completed,Mobile App,948.74,Switzerland,Regular
ORD001512,C00673,2023-10-03,2023-10,Q4,Completed,Phone,83.9,Netherlands,Regular
ORD001513,C01226,2023-09-30,2023-09,Q3,Completed,Phone,116.15,Switzerland,Regular
ORD001514,C00513,2023-03-16,2023-03,Q1,Completed,Phone,361.14,Germany,Regular
ORD001515,C00462,2023-04-19,2023-04,Q2,Completed,Mobile App,124.65,Germany,New
ORD001516,C01362,2023-07-31,2023-07,Q3,Completed,Marketplace,1399.87,Switzerland,VIP
ORD001517,C01040,2023-11-14,2023-11,Q4,Completed,Marketplace,37.48,Switzerland,Regular
ORD001518,C00979,2023-05-02,2023-05,Q2,Completed,Website,982.39,Switzerland,Regular
ORD001519,C00959,2023-11-07,2023-11,Q4,Completed,Mobile App,25.64,Belgium,New
ORD001520,C01233,2023-10-02,2023-10,Q4,Completed,Phone,384.88,Switzerland,Regular
ORD001521,C00492,2023-06-18,2023-06,Q2,Completed,Marketplace,596.52,France,Regular
ORD001522,C01194,2023-06-28,2023-06,Q2,Completed,Marketplace,21.84,Germany,Regular
ORD001523,C01928,2023-12-22,2023-12,Q4,Completed,Marketplace,690.1,Switzerland,VIP
ORD001524,C00736,2023-07-12,2023-07,Q3,Completed,Website,983.37,Netherlands,Regular
ORD001525,C01349,2023-06-05,2023-06,Q2,Completed,Marketplace,880.51,France,VIP
ORD001526,C01178,2023-06-27,2023-06,Q2,Completed,Mobile App,157.72,Belgium,VIP
ORD001527,C00575,2023-11-04,2023-11,Q4,Completed,Website,193.21,Austria,New
ORD001528,C01963,2023-09-03,2023-09,Q3,Completed,Website,781.45,Germany,VIP
ORD001529,C00571,2023-02-08,2023-02,Q1,Completed,Marketplace,1266.2,Switzerland,Regular
ORD001530,C01955,2023-02-27,2023-02,Q1,Completed,Marketplace,73.8,Belgium,Regular
ORD001531,C01314,2023-12-31,2023-12,Q4,Completed,Website,675.0,Netherlands,Regular
ORD001532,C01556,2023-11-09,2023-11,Q4,Completed,Marketplace,407.63,France,Regular
ORD001533,C00541,2023-05-12,2023-05,Q2,Completed,Marketplace,635.15,Austria,New
ORD001534,C01920,2023-05-03,2023-05,Q2,Completed,Marketplace,313.95,France,Regular
ORD001535,C00076,2023-11-23,2023-11,Q4,Completed,Mobile App,225.25,Austria,Regular
ORD001536,C00520,2023-06-26,2023-06,Q2,Completed,Marketplace,123.98,Belgium,Churned
ORD001537,C01689,2023-03-02,2023-03,Q1,Completed,Phone,300.3,Germany,VIP
ORD001538,C01696,2023-12-08,2023-12,Q4,Completed,Website,1451.32,Germany,Regular
ORD001539,C01153,2023-05-22,2023-05,Q2,Completed,Website,41.32,Austria,Regular
ORD001540,C01009,2023-11-02,2023-11,Q4,Completed,Phone,272.82,Switzerland,Regular
ORD001541,C01674,2023-03-16,2023-03,Q1,Completed,Mobile App,563.12,Germany,VIP
ORD001542,C00943,2023-06-25,2023-06,Q2,Completed,Marketplace,601.4,Germany,Regular
ORD001543,C00666,2023-01-28,2023-01,Q1,Completed,Marketplace,473.21,Germany,New
ORD001544,C00288,2023-10-14,2023-10,Q4,Completed,Phone,21.41,Germany,Regular
ORD001545,C01429,2023-12-26,2023-12,Q4,Completed,Marketplace,141.0,Netherlands,Regular
ORD001546,C00256,2023-03-14,2023-03,Q1,Completed,Marketplace,556.1,Austria,Regular
ORD001547,C00208,2023-09-24,2023-09,Q3,Completed,Website,359.22,Austria,VIP
ORD001548,C01132,2023-02-17,2023-02,Q1,Completed,Mobile App,571.33,Germany,VIP
ORD001549,C01560,2023-11-22,2023-11,Q4,Completed,Phone,65.37,Belgium,VIP
ORD001550,C00332,2023-06-04,2023-06,Q2,Completed,Phone,197.99,Germany,New
ORD001551,C00859,2023-05-28,2023-05,Q2,Returned,Website,90.06,Germany,Regular
ORD001552,C01910,2023-07-03,2023-07,Q3,Completed,Marketplace,28.94,Germany,New
ORD001553,C01920,2023-11-14,2023-11,Q4,Completed,Website,357.42,France,Regular
ORD001554,C00409,2023-05-20,2023-05,Q2,Completed,Website,196.52,Netherlands,Regular
ORD001555,C00742,2023-05-09,2023-05,Q2,Completed,Mobile App,245.54,Netherlands,VIP
ORD001556,C01358,2023-03-13,2023-03,Q1,Completed,Website,743.24,Netherlands,New
ORD001557,C00969,2023-08-13,2023-08,Q3,Completed,Website,1009.58,Switzerland,New
ORD001558,C00282,2023-05-30,2023-05,Q2,Completed,Phone,155.48,Switzerland,Regular
ORD001559,C01533,2023-10-07,2023-10,Q4,Completed,Marketplace,215.19,Belgium,Churned
ORD001560,C01512,2023-05-22,2023-05,Q2,Completed,Mobile App,1131.27,Germany,VIP
ORD001561,C00618,2023-09-17,2023-09,Q3,Completed,Phone,235.84,Belgium,VIP
ORD001562,C01076,2023-05-15,2023-05,Q2,Completed,Website,852.77,Switzerland,VIP
ORD001563,C01986,2023-04-17,2023-04,Q2,Completed,Phone,470.66,Germany,Regular
ORD001564,C01227,2023-05-06,2023-05,Q2,Completed,Mobile App,151.98,Austria,Regular
ORD001565,C00198,2023-08-22,2023-08,Q3,Completed,Marketplace,1746.96,Switzerland,Regular
ORD001566,C00259,2023-12-16,2023-12,Q4,Completed,Mobile App,512.26,France,VIP
ORD001567,C00049,2023-02-05,2023-02,Q1,Completed,Mobile App,220.95,France,VIP
ORD001568,C00522,2023-12-26,2023-12,Q4,Completed,Mobile App,260.07,Germany,VIP
ORD001569,C00327,2023-10-13,2023-10,Q4,Completed,Mobile App,101.99,Belgium,VIP
ORD001570,C01104,2023-04-08,2023-04,Q2,Completed,Phone,357.78,Germany,Regular
ORD001571,C01846,2023-12-28,2023-12,Q4,Completed,Marketplace,236.37,Belgium,Regular
ORD001572,C00676,2023-10-30,2023-10,Q4,Completed,Mobile App,124.94,Germany,Regular
ORD001573,C00428,2023-05-27,2023-05,Q2,Completed,Phone,94.61,Germany,Regular
ORD001574,C00796,2023-05-10,2023-05,Q2,Completed,Mobile App,110.44,Netherlands,Regular
ORD001575,C00934,2023-11-10,2023-11,Q4,Cancelled,Marketplace,366.66,Austria,Regular
ORD001576,C01702,2023-10-11,2023-10,Q4,Completed,Mobile App,187.76,Belgium,Regular
ORD001577,C01362,2023-02-11,2023-02,Q1,Completed,Marketplace,214.86,Switzerland,VIP
ORD001578,C01845,2023-04-22,2023-04,Q2,Completed,Website,425.65,Germany,Regular
ORD001579,C00002,2023-12-22,2023-12,Q4,Completed,Marketplace,582.21,Netherlands,Regular
ORD001580,C01690,2023-12-10,2023-12,Q4,Completed,Website,2630.34,France,Regular
ORD001581,C01336,2023-12-12,2023-12,Q4,Cancelled,Phone,1642.02,Germany,VIP
ORD001582,C01210,2023-02-25,2023-02,Q1,Completed,Phone,166.96,Switzerland,VIP
ORD001583,C01298,2023-07-01,2023-07,Q3,Completed,Marketplace,167.29,Switzerland,New
ORD001584,C01314,2023-12-02,2023-12,Q4,Completed,Phone,1277.24,Netherlands,Regular
ORD001585,C01786,2023-10-13,2023-10,Q4,Completed,Mobile App,621.16,Netherlands,VIP
ORD001586,C01914,2023-12-11,2023-12,Q4,Completed,Mobile App,73.8,Germany,Regular
ORD001587,C00550,2023-08-15,2023-08,Q3,Completed,Phone,53.17,Germany,VIP
ORD001588,C01791,2023-01-23,2023-01,Q1,Completed,Website,116.98,Germany,New
ORD001589,C01847,2023-12-10,2023-12,Q4,Completed,Phone,1032.75,Germany,New
ORD001590,C01560,2023-08-02,2023-08,Q3,Completed,Mobile App,180.57,Belgium,VIP
ORD001591,C00285,2023-09-01,2023-09,Q3,Completed,Phone,161.52,Germany,Regular
ORD001592,C00912,2023-12-12,2023-12,Q4,Completed,Phone,115.05,France,Regular
ORD001593,C01960,2023-12-14,2023-12,Q4,Completed,Website,1921.53,Germany,Regular
ORD001594,C01683,2023-07-29,2023-07,Q3,Completed,Website,274.22,Germany,New
ORD001595,C01705,2023-08-16,2023-08,Q3,Completed,Mobile App,110.44,Germany,VIP
ORD001596,C01356,2023-12-29,2023-12,Q4,Completed,Phone,139.05,Austria,Regular
ORD001597,C00522,2023-01-11,2023-01,Q1,Cancelled,Website,1117.91,Germany,VIP
ORD001598,C01641,2023-07-07,2023-07,Q3,Completed,Website,221.53,Belgium,Regular
ORD001599,C00087,2023-09-11,2023-09,Q3,Completed,Phone,1063.32,Germany,Regular
ORD001600,C00335,2023-06-05,2023-06,Q2,Completed,Website,50.73,France,Regular
ORD001601,C00526,2023-05-10,2023-05,Q2,Completed,Marketplace,444.88,Switzerland,Regular
ORD001602,C01766,2023-10-08,2023-10,Q4,Completed,Phone,1502.09,Belgium,Regular
ORD001603,C01504,2023-06-20,2023-06,Q2,Completed,Marketplace,825.09,Germany,Regular
ORD001604,C01799,2023-02-17,2023-02,Q1,Completed,Phone,1157.2,Netherlands,New
ORD001605,C00263,2023-09-14,2023-09,Q3,Completed,Mobile App,30.76,Germany,New
ORD001606,C00915,2023-05-03,2023-05,Q2,Completed,Marketplace,678.74,Germany,VIP
ORD001607,C01934,2023-03-17,2023-03,Q1,Completed,Marketplace,446.69,Switzerland,VIP
ORD001608,C00915,2023-08-23,2023-08,Q3,Completed,Mobile App,444.89,Germany,VIP
ORD001609,C01696,2023-06-20,2023-06,Q2,Completed,Marketplace,33.73,Germany,Regular
ORD001610,C01795,2023-01-28,2023-01,Q1,Completed,Phone,30.16,Austria,VIP
ORD001611,C00918,2023-08-01,2023-08,Q3,Completed,Phone,689.76,Switzerland,VIP
ORD001612,C00151,2023-12-22,2023-12,Q4,Completed,Phone,383.49,Germany,Regular
ORD001613,C01865,2023-01-19,2023-01,Q1,Completed,Website,732.35,Austria,VIP
ORD001614,C01045,2023-06-29,2023-06,Q2,Completed,Website,1601.58,Germany,VIP
ORD001615,C01952,2023-12-15,2023-12,Q4,Completed,Mobile App,741.5,France,VIP
ORD001616,C00365,2023-11-01,2023-11,Q4,Completed,Website,258.31,Belgium,Regular
ORD001617,C00509,2023-01-23,2023-01,Q1,Completed,Phone,170.23,Germany,Regular
ORD001618,C00992,2023-03-26,2023-03,Q1,Completed,Mobile App,781.45,Austria,Regular
ORD001619,C01174,2023-12-12,2023-12,Q4,Completed,Phone,1282.5,France,Regular
ORD001620,C00862,2023-05-19,2023-05,Q2,Completed,Marketplace,152.55,Netherlands,New
ORD001621,C01425,2023-09-22,2023-09,Q3,Completed,Marketplace,346.42,Switzerland,VIP
ORD001622,C01209,2023-04-17,2023-04,Q2,Completed,Website,288.04,Germany,Regular
ORD001623,C00102,2023-12-23,2023-12,Q4,Completed,Mobile App,229.92,Belgium,Regular
ORD001624,C00278,2023-01-23,2023-01,Q1,Completed,Marketplace,1258.83,France,VIP
ORD001625,C00931,2023-11-15,2023-11,Q4,Completed,Marketplace,1009.6,Germany,VIP
ORD001626,C01571,2023-11-11,2023-11,Q4,Completed,Mobile App,102.18,Germany,New
ORD001627,C01834,2023-09-22,2023-09,Q3,Completed,Mobile App,38.94,Belgium,Regular
ORD001628,C01418,2023-11-26,2023-11,Q4,Returned,Mobile App,580.25,Germany,Regular
ORD001629,C00887,2023-06-15,2023-06,Q2,Returned,Marketplace,493.25,Netherlands,New
ORD001630,C00860,2023-03-29,2023-03,Q1,Completed,Mobile App,441.3,France,Regular
ORD001631,C01160,2023-10-05,2023-10,Q4,Completed,Phone,180.82,Austria,VIP
ORD001632,C00444,2023-07-10,2023-07,Q3,Completed,Mobile App,116.4,Germany,VIP
ORD001633,C01317,2023-02-13,2023-02,Q1,Completed,Marketplace,2914.83,Germany,Regular
ORD001634,C01485,2023-02-10,2023-02,Q1,Completed,Website,208.24,France,New
ORD001635,C01213,2023-07-20,2023-07,Q3,Completed,Phone,697.3,Germany,VIP
ORD001636,C01117,2023-07-17,2023-07,Q3,Completed,Mobile App,54.29,Switzerland,Regular
ORD001637,C01803,2023-10-28,2023-10,Q4,Completed,Marketplace,365.47,Germany,Churned
ORD001638,C01320,2023-12-24,2023-12,Q4,Completed,Mobile App,19.66,Belgium,VIP
ORD001639,C01079,2023-12-29,2023-12,Q4,Completed,Mobile App,120.38,France,New
ORD001640,C01320,2023-03-07,2023-03,Q1,Completed,Marketplace,614.84,Belgium,VIP
ORD001641,C00914,2023-01-24,2023-01,Q1,Completed,Phone,255.66,Germany,Regular
ORD001642,C00928,2023-05-14,2023-05,Q2,Returned,Marketplace,427.06,Germany,Regular
ORD001643,C01329,2023-12-05,2023-12,Q4,Completed,Marketplace,426.14,France,VIP
ORD001644,C00993,2023-03-09,2023-03,Q1,Cancelled,Website,277.31,Germany,Regular
ORD001645,C01309,2023-12-15,2023-12,Q4,Completed,Phone,289.88,Switzerland,New
ORD001646,C01971,2023-01-02,2023-01,Q1,Completed,Marketplace,106.8,Germany,Regular
ORD001647,C01135,2023-02-22,2023-02,Q1,Completed,Marketplace,54.89,Austria,VIP
ORD001648,C00488,2023-12-11,2023-12,Q4,Completed,Marketplace,516.09,Belgium,VIP
ORD001649,C01205,2023-05-25,2023-05,Q2,Completed,Phone,181.45,Netherlands,New
ORD001650,C01807,2023-04-17,2023-04,Q2,Completed,Website,112.35,Netherlands,New
ORD001651,C00773,2023-12-26,2023-12,Q4,Completed,Phone,120.53,Switzerland,Regular
ORD001652,C00752,2023-04-13,2023-04,Q2,Cancelled,Website,121.44,Switzerland,New
ORD001653,C00916,2023-03-22,2023-03,Q1,Completed,Phone,36.18,Germany,Regular
ORD001654,C00055,2023-03-25,2023-03,Q1,Completed,Mobile App,125.11,Netherlands,Regular
ORD001655,C01521,2023-03-04,2023-03,Q1,Completed,Marketplace,186.65,Switzerland,Regular
ORD001656,C01704,2023-05-26,2023-05,Q2,Completed,Website,369.45,Switzerland,Regular
ORD001657,C00449,2023-05-11,2023-05,Q2,Completed,Marketplace,23.55,France,VIP
ORD001658,C00181,2023-11-14,2023-11,Q4,Completed,Website,601.4,Switzerland,Churned
ORD001659,C01071,2023-04-09,2023-04,Q2,Returned,Marketplace,298.23,Switzerland,VIP
ORD001660,C01734,2023-11-17,2023-11,Q4,Completed,Phone,37.04,France,VIP
ORD001661,C00280,2023-07-08,2023-07,Q3,Completed,Marketplace,528.03,Austria,Regular
ORD001662,C01019,2023-10-05,2023-10,Q4,Completed,Mobile App,425.47,Germany,VIP
ORD001663,C00627,2023-12-11,2023-12,Q4,Completed,Website,100.03,France,VIP
ORD001664,C01743,2023-02-26,2023-02,Q1,Completed,Marketplace,604.58,France,VIP
ORD001665,C01349,2023-04-27,2023-04,Q2,Completed,Mobile App,142.2,France,VIP
ORD001666,C01243,2023-06-01,2023-06,Q2,Completed,Phone,56.41,Switzerland,Regular
ORD001667,C01038,2023-08-07,2023-08,Q3,Completed,Marketplace,716.99,Germany,VIP
ORD001668,C01135,2023-07-05,2023-07,Q3,Completed,Phone,557.06,Austria,VIP
ORD001669,C00627,2023-11-05,2023-11,Q4,Completed,Phone,251.7,France,VIP
ORD001670,C00205,2023-11-28,2023-11,Q4,Completed,Website,1621.51,Germany,New
ORD001671,C00740,2023-06-02,2023-06,Q2,Completed,Marketplace,238.85,Austria,VIP
ORD001672,C01579,2023-04-19,2023-04,Q2,Completed,Marketplace,52.84,Germany,Regular
ORD001673,C01189,2023-12-01,2023-12,Q4,Completed,Website,451.11,Austria,Regular
ORD001674,C01758,2023-09-24,2023-09,Q3,Completed,Marketplace,96.28,Germany,VIP
ORD001675,C01013,2023-01-19,2023-01,Q1,Completed,Website,624.3,Belgium,Regular
ORD001676,C01233,2023-08-21,2023-08,Q3,Completed,Website,17.43,Switzerland,Regular
ORD001677,C00109,2023-01-31,2023-01,Q1,Completed,Marketplace,146.75,Austria,VIP
ORD001678,C01444,2023-06-07,2023-06,Q2,Completed,Phone,21.84,Netherlands,VIP
ORD001679,C00740,2023-03-27,2023-03,Q1,Completed,Mobile App,90.37,Austria,VIP
ORD001680,C00473,2023-10-01,2023-10,Q4,Completed,Mobile App,27.14,Switzerland,VIP
ORD001681,C00467,2023-03-06,2023-03,Q1,Completed,Marketplace,21.79,Germany,Regular
ORD001682,C01786,2023-08-26,2023-08,Q3,Completed,Mobile App,267.11,Netherlands,VIP
ORD001683,C00463,2023-04-17,2023-04,Q2,Completed,Website,124.94,Switzerland,VIP
ORD001684,C01642,2023-08-04,2023-08,Q3,Completed,Mobile App,1069.91,Austria,New
ORD001685,C00372,2023-06-04,2023-06,Q2,Completed,Mobile App,372.25,Germany,New
ORD001686,C01620,2023-11-18,2023-11,Q4,Completed,Website,125.38,Germany,New
ORD001687,C00840,2023-11-13,2023-11,Q4,Completed,Website,805.23,Netherlands,VIP
ORD001688,C00574,2023-08-09,2023-08,Q3,Completed,Website,669.84,Switzerland,VIP
ORD001689,C01391,2023-04-10,2023-04,Q2,Completed,Marketplace,667.35,Germany,Regular
ORD001690,C00656,2023-06-08,2023-06,Q2,Completed,Website,663.85,Switzerland,Regular
ORD001691,C00786,2023-12-07,2023-12,Q4,Cancelled,Marketplace,1044.3,Austria,VIP
ORD001692,C01378,2023-01-18,2023-01,Q1,Completed,Phone,25.97,Austria,Regular
ORD001693,C00924,2023-08-02,2023-08,Q3,Completed,Website,180.57,Switzerland,Regular
ORD001694,C00955,2023-05-03,2023-05,Q2,Completed,Marketplace,158.52,Switzerland,VIP
ORD001695,C01878,2023-10-02,2023-10,Q4,Completed,Marketplace,692.56,Switzerland,Regular
ORD001696,C00414,2023-09-14,2023-09,Q3,Completed,Mobile App,1344.56,Germany,Regular
ORD001697,C01664,2023-03-27,2023-03,Q1,Completed,Website,165.68,Austria,New
ORD001698,C00036,2023-03-09,2023-03,Q1,Completed,Marketplace,102.41,France,VIP
ORD001699,C01224,2023-11-12,2023-11,Q4,Completed,Phone,435.04,Germany,New
ORD001700,C00981,2023-05-25,2023-05,Q2,Completed,Phone,852.03,Germany,Regular
ORD001701,C00617,2023-10-26,2023-10,Q4,Completed,Mobile App,111.14,Switzerland,New
ORD001702,C01036,2023-10-19,2023-10,Q4,Completed,Mobile App,137.12,Germany,New
ORD001703,C01473,2023-06-01,2023-06,Q2,Completed,Marketplace,729.29,Germany,Regular
ORD001704,C00803,2023-11-13,2023-11,Q4,Completed,Phone,1605.89,Austria,VIP
ORD001705,C01229,2023-12-25,2023-12,Q4,Completed,Website,597.43,Germany,Regular
ORD001706,C01425,2023-11-07,2023-11,Q4,Returned,Mobile App,355.15,Switzerland,VIP
ORD001707,C01047,2023-03-14,2023-03,Q1,Completed,Website,2261.97,Germany,Regular
ORD001708,C01977,2023-10-05,2023-10,Q4,Completed,Website,1011.64,Germany,VIP
ORD001709,C01137,2023-06-30,2023-06,Q2,Completed,Marketplace,62.4,Germany,Churned
ORD001710,C00680,2023-09-15,2023-09,Q3,Completed,Phone,507.09,Germany,VIP
ORD001711,C00838,2023-11-23,2023-11,Q4,Completed,Mobile App,792.77,Germany,VIP
ORD001712,C00587,2023-12-26,2023-12,Q4,Completed,Phone,30.16,Netherlands,Regular
ORD001713,C00749,2023-01-19,2023-01,Q1,Returned,Website,262.76,Germany,Regular
ORD001714,C00087,2023-01-06,2023-01,Q1,Completed,Mobile App,348.42,Germany,Regular
ORD001715,C00242,2023-10-21,2023-10,Q4,Completed,Phone,858.14,Belgium,Regular
ORD001716,C01254,2023-02-05,2023-02,Q1,Completed,Marketplace,1369.22,France,VIP
ORD001717,C01978,2023-02-11,2023-02,Q1,Completed,Website,473.5,Germany,VIP
ORD001718,C01772,2023-10-23,2023-10,Q4,Completed,Website,236.37,Germany,Regular
ORD001719,C00807,2023-04-12,2023-04,Q2,Completed,Website,781.45,Austria,VIP
ORD001720,C00210,2023-05-11,2023-05,Q2,Completed,Website,769.37,Germany,VIP
ORD001721,C00932,2023-07-08,2023-07,Q3,Completed,Phone,33.75,Germany,Regular
ORD001722,C00210,2023-06-19,2023-06,Q2,Completed,Mobile App,785.72,Germany,VIP
ORD001723,C00943,2023-08-08,2023-08,Q3,Completed,Mobile App,55.22,Germany,Regular
ORD001724,C01801,2023-11-17,2023-11,Q4,Completed,Mobile App,782.83,Germany,Regular
ORD001725,C00645,2023-02-01,2023-02,Q1,Completed,Phone,203.98,Austria,New
ORD001726,C01162,2023-06-03,2023-06,Q2,Completed,Mobile App,2795.1,Belgium,Regular
ORD001727,C00958,2023-01-25,2023-01,Q1,Returned,Marketplace,359.12,Austria,New
ORD001728,C01656,2023-06-01,2023-06,Q2,Completed,Mobile App,1120.64,Germany,Churned
ORD001729,C01211,2023-03-24,2023-03,Q1,Completed,Marketplace,1112.2,Germany,Regular
ORD001730,C00049,2023-04-16,2023-04,Q2,Completed,Mobile App,62.69,France,VIP
ORD001731,C00429,2023-09-28,2023-09,Q3,Completed,Marketplace,778.23,Austria,Regular
ORD001732,C01648,2023-02-23,2023-02,Q1,Completed,Phone,313.07,Switzerland,Regular
ORD001733,C01039,2023-09-11,2023-09,Q3,Completed,Phone,64.58,Switzerland,Regular
ORD001734,C00534,2023-12-01,2023-12,Q4,Completed,Mobile App,37.99,France,VIP
ORD001735,C01652,2023-06-07,2023-06,Q2,Completed,Phone,753.99,Netherlands,Regular
ORD001736,C01507,2023-04-19,2023-04,Q2,Completed,Website,606.62,Austria,VIP
ORD001737,C00828,2023-02-20,2023-02,Q1,Completed,Phone,761.54,Switzerland,VIP
ORD001738,C00051,2023-06-16,2023-06,Q2,Completed,Marketplace,49.11,Germany,New
ORD001739,C01977,2023-05-24,2023-05,Q2,Completed,Marketplace,533.26,Germany,VIP
ORD001740,C00900,2023-12-02,2023-12,Q4,Completed,Mobile App,30.76,Germany,New
ORD001741,C01459,2023-12-31,2023-12,Q4,Completed,Mobile App,55.42,Belgium,VIP
ORD001742,C00206,2023-03-10,2023-03,Q1,Completed,Website,1090.52,Switzerland,Regular
ORD001743,C01230,2023-05-28,2023-05,Q2,Completed,Marketplace,68.56,Switzerland,New
ORD001744,C00849,2023-03-08,2023-03,Q1,Completed,Mobile App,1357.18,Germany,Regular
ORD001745,C00049,2023-02-15,2023-02,Q1,Completed,Website,273.9,France,VIP
ORD001746,C01247,2023-01-15,2023-01,Q1,Completed,Phone,145.9,Germany,VIP
ORD001747,C01895,2023-09-19,2023-09,Q3,Completed,Marketplace,169.03,Germany,Regular
ORD001748,C00198,2023-07-01,2023-07,Q3,Completed,Phone,21.79,Switzerland,Regular
ORD001749,C01247,2023-08-31,2023-08,Q3,Completed,Marketplace,116.16,Germany,VIP
ORD001750,C00903,2023-01-07,2023-01,Q1,Completed,Website,819.5,Netherlands,Regular
ORD001751,C00928,2023-02-11,2023-02,Q1,Completed,Mobile App,166.26,Germany,Regular
ORD001752,C01520,2023-06-10,2023-06,Q2,Completed,Mobile App,50.38,Netherlands,Regular
ORD001753,C00869,2023-12-08,2023-12,Q4,Completed,Mobile App,733.95,Netherlands,Regular
ORD001754,C00219,2023-09-27,2023-09,Q3,Completed,Marketplace,1072.15,Germany,Regular
ORD001755,C01628,2023-10-26,2023-10,Q4,Completed,Marketplace,632.26,Germany,Regular
ORD001756,C01223,2023-09-12,2023-09,Q3,Completed,Phone,1538.74,Netherlands,Regular
ORD001757,C00059,2023-01-22,2023-01,Q1,Completed,Marketplace,92.6,France,New
ORD001758,C01459,2023-05-12,2023-05,Q2,Completed,Phone,169.03,Belgium,VIP
ORD001759,C01658,2023-01-29,2023-01,Q1,Completed,Mobile App,601.4,France,New
ORD001760,C00510,2023-11-07,2023-11,Q4,Completed,Website,62.69,Netherlands,VIP
ORD001761,C01718,2023-03-01,2023-03,Q1,Completed,Marketplace,1228.44,Germany,Regular
ORD001762,C00920,2023-04-25,2023-04,Q2,Completed,Mobile App,55.8,Belgium,Regular
ORD001763,C01892,2023-12-11,2023-12,Q4,Completed,Website,2486.99,Switzerland,Regular
ORD001764,C01744,2023-06-23,2023-06,Q2,Completed,Phone,158.93,Switzerland,Regular
ORD001765,C00452,2023-01-24,2023-01,Q1,Returned,Website,298.74,Belgium,Regular
ORD001766,C00203,2023-01-21,2023-01,Q1,Completed,Marketplace,138.59,Switzerland,Regular
ORD001767,C00737,2023-10-26,2023-10,Q4,Completed,Website,75.57,Austria,Regular
ORD001768,C01963,2023-09-23,2023-09,Q3,Completed,Website,378.65,Germany,VIP
ORD001769,C00780,2023-09-11,2023-09,Q3,Completed,Marketplace,810.38,Austria,Regular
ORD001770,C00481,2023-04-09,2023-04,Q2,Completed,Phone,71.19,Germany,VIP
ORD001771,C01587,2023-11-03,2023-11,Q4,Completed,Phone,1363.66,Germany,Regular
ORD001772,C01233,2023-12-20,2023-12,Q4,Completed,Website,64.33,Switzerland,Regular
ORD001773,C00784,2023-04-27,2023-04,Q2,Completed,Mobile App,850.0,France,New
ORD001774,C00731,2023-07-26,2023-07,Q3,Completed,Website,166.43,France,Regular
ORD001775,C01045,2023-10-27,2023-10,Q4,Completed,Marketplace,748.16,Germany,VIP
ORD001776,C01534,2023-02-12,2023-02,Q1,Completed,Website,450.41,Germany,Regular
ORD001777,C00713,2023-03-22,2023-03,Q1,Completed,Phone,65.86,Switzerland,Regular
ORD001778,C00277,2023-05-20,2023-05,Q2,Completed,Phone,83.41,Austria,Regular
ORD001779,C00591,2023-08-08,2023-08,Q3,Completed,Phone,94.47,France,Regular
ORD001780,C01965,2023-06-07,2023-06,Q2,Completed,Marketplace,1595.19,Switzerland,Regular
ORD001781,C01800,2023-02-04,2023-02,Q1,Completed,Marketplace,90.37,Germany,Regular
ORD001782,C00828,2023-11-13,2023-11,Q4,Completed,Mobile App,36.19,Switzerland,VIP
ORD001783,C01565,2023-03-23,2023-03,Q1,Completed,Phone,35.05,Belgium,New
ORD001784,C00813,2023-05-20,2023-05,Q2,Completed,Website,769.37,Germany,VIP
ORD001785,C01457,2023-05-15,2023-05,Q2,Completed,Marketplace,471.28,Germany,VIP
ORD001786,C00151,2023-01-01,2023-01,Q1,Completed,Website,70.54,Germany,Regular
ORD001787,C00402,2023-10-27,2023-10,Q4,Completed,Phone,245.54,Germany,VIP
ORD001788,C01786,2023-05-06,2023-05,Q2,Completed,Marketplace,389.74,Netherlands,VIP
ORD001789,C00495,2023-09-28,2023-09,Q3,Completed,Mobile App,747.22,Germany,Churned
ORD001790,C00184,2023-04-29,2023-04,Q2,Completed,Mobile App,58.39,Switzerland,VIP
ORD001791,C01031,2023-05-10,2023-05,Q2,Returned,Phone,406.72,France,VIP
ORD001792,C01443,2023-02-13,2023-02,Q1,Completed,Marketplace,931.74,France,Regular
ORD001793,C00302,2023-06-19,2023-06,Q2,Completed,Website,491.44,Netherlands,Regular
ORD001794,C00219,2023-06-01,2023-06,Q2,Completed,Marketplace,963.46,Germany,Regular
ORD001795,C00779,2023-10-14,2023-10,Q4,Completed,Phone,160.14,Germany,Regular
ORD001796,C01178,2023-10-13,2023-10,Q4,Completed,Mobile App,306.85,Belgium,VIP
ORD001797,C00586,2023-10-23,2023-10,Q4,Completed,Phone,489.92,Austria,Regular
ORD001798,C00791,2023-08-23,2023-08,Q3,Completed,Mobile App,589.62,Austria,VIP
ORD001799,C00910,2023-04-22,2023-04,Q2,Completed,Phone,160.14,Belgium,Regular
ORD001800,C01090,2023-06-14,2023-06,Q2,Completed,Mobile App,359.19,Germany,Regular
ORD001801,C01332,2023-01-01,2023-01,Q1,Completed,Website,250.24,Germany,VIP
ORD001802,C01572,2023-01-14,2023-01,Q1,Completed,Mobile App,1103.52,Austria,Regular
ORD001803,C00534,2023-12-28,2023-12,Q4,Completed,Phone,342.99,France,VIP
ORD001804,C00294,2023-11-10,2023-11,Q4,Completed,Mobile App,53.82,Belgium,Regular
ORD001805,C00188,2023-07-15,2023-07,Q3,Completed,Marketplace,98.82,Netherlands,VIP
ORD001806,C01190,2023-10-21,2023-10,Q4,Completed,Website,656.28,France,New
ORD001807,C01963,2023-02-12,2023-02,Q1,Completed,Phone,673.84,Germany,VIP
ORD001808,C00810,2023-07-27,2023-07,Q3,Completed,Mobile App,624.8,Germany,New
ORD001809,C01729,2023-09-23,2023-09,Q3,Completed,Marketplace,518.83,Austria,New
ORD001810,C01834,2023-10-29,2023-10,Q4,Completed,Phone,197.98,Belgium,Regular
ORD001811,C01952,2023-05-05,2023-05,Q2,Completed,Mobile App,1344.98,France,VIP
ORD001812,C00439,2023-09-21,2023-09,Q3,Completed,Mobile App,1142.66,Belgium,Regular
ORD001813,C00463,2023-11-15,2023-11,Q4,Completed,Phone,737.02,Switzerland,VIP
ORD001814,C00349,2023-08-01,2023-08,Q3,Completed,Website,179.61,Netherlands,Regular
ORD001815,C01923,2023-11-18,2023-11,Q4,Completed,Website,97.19,Germany,Regular
ORD001816,C01632,2023-11-30,2023-11,Q4,Completed,Phone,100.09,Germany,New
ORD001817,C00716,2023-10-27,2023-10,Q4,Completed,Website,753.99,Belgium,Regular
ORD001818,C01329,2023-02-15,2023-02,Q1,Completed,Phone,636.97,France,VIP
ORD001819,C01189,2023-08-14,2023-08,Q3,Returned,Marketplace,37.48,Austria,Regular
ORD001820,C01600,2023-10-31,2023-10,Q4,Completed,Marketplace,145.13,Switzerland,VIP
ORD001821,C01758,2023-12-23,2023-12,Q4,Completed,Marketplace,1556.29,Germany,VIP
ORD001822,C00264,2023-01-25,2023-01,Q1,Completed,Website,1492.5,Switzerland,VIP
ORD001823,C00064,2023-05-13,2023-05,Q2,Completed,Mobile App,898.55,Austria,VIP
ORD001824,C00005,2023-12-02,2023-12,Q4,Completed,Mobile App,59.56,Switzerland,Regular
ORD001825,C00966,2023-11-11,2023-11,Q4,Returned,Mobile App,584.17,Germany,VIP
ORD001826,C00371,2023-10-17,2023-10,Q4,Completed,Mobile App,719.55,Germany,Regular
ORD001827,C01084,2023-12-29,2023-12,Q4,Completed,Mobile App,75.51,Germany,Regular
ORD001828,C01550,2023-12-22,2023-12,Q4,Completed,Website,958.25,Austria,Regular
ORD001829,C01889,2023-05-22,2023-05,Q2,Completed,Mobile App,37.04,Netherlands,Regular
ORD001830,C01044,2023-01-21,2023-01,Q1,Completed,Website,20.23,Austria,Regular
ORD001831,C01181,2023-11-29,2023-11,Q4,Returned,Phone,815.26,Germany,Regular
ORD001832,C00858,2023-02-07,2023-02,Q1,Completed,Marketplace,358.76,Germany,Regular
ORD001833,C00101,2023-07-25,2023-07,Q3,Returned,Mobile App,169.03,France,Regular
ORD001834,C00984,2023-03-27,2023-03,Q1,Completed,Mobile App,37.54,Germany,VIP
ORD001835,C01041,2023-11-11,2023-11,Q4,Completed,Mobile App,1053.69,Germany,VIP
ORD001836,C00986,2023-10-26,2023-10,Q4,Completed,Marketplace,158.93,Belgium,New
ORD001837,C00060,2023-11-24,2023-11,Q4,Completed,Marketplace,98.82,Austria,VIP
ORD001838,C00039,2023-07-20,2023-07,Q3,Completed,Phone,504.44,Switzerland,Regular
ORD001839,C01110,2023-09-25,2023-09,Q3,Completed,Website,481.99,France,Regular
ORD001840,C01451,2023-11-23,2023-11,Q4,Completed,Marketplace,236.37,Germany,New
ORD001841,C01860,2023-03-20,2023-03,Q1,Completed,Website,366.94,France,Regular
ORD001842,C01502,2023-01-10,2023-01,Q1,Completed,Marketplace,183.45,Germany,Regular
ORD001843,C01924,2023-05-04,2023-05,Q2,Completed,Mobile App,144.28,Austria,Regular
ORD001844,C00038,2023-11-15,2023-11,Q4,Returned,Website,85.85,Germany,Regular
ORD001845,C00545,2023-12-31,2023-12,Q4,Completed,Phone,560.0,Austria,Regular
ORD001846,C00678,2023-08-26,2023-08,Q3,Completed,Mobile App,56.59,Netherlands,New
ORD001847,C01740,2023-06-01,2023-06,Q2,Returned,Mobile App,324.53,France,New
ORD001848,C01086,2023-08-22,2023-08,Q3,Completed,Marketplace,655.96,France,Regular
ORD001849,C01342,2023-08-21,2023-08,Q3,Completed,Website,1252.93,Germany,New
ORD001850,C00639,2023-11-20,2023-11,Q4,Completed,Mobile App,1578.92,Germany,VIP
ORD001851,C01856,2023-04-03,2023-04,Q2,Completed,Website,271.72,Switzerland,Regular
ORD001852,C01928,2023-06-16,2023-06,Q2,Completed,Website,176.91,Switzerland,VIP
ORD001853,C01717,2023-09-15,2023-09,Q3,Completed,Marketplace,737.02,Belgium,VIP
ORD001854,C01333,2023-06-02,2023-06,Q2,Completed,Marketplace,1019.68,Germany,Regular
ORD001855,C01133,2023-02-09,2023-02,Q1,Completed,Website,843.44,Netherlands,VIP
ORD001856,C00620,2023-04-16,2023-04,Q2,Completed,Mobile App,1224.26,Belgium,VIP
ORD001857,C00725,2023-05-14,2023-05,Q2,Completed,Phone,1032.97,Germany,VIP
ORD001858,C00299,2023-06-23,2023-06,Q2,Completed,Website,222.83,Germany,Regular
ORD001859,C01294,2023-02-08,2023-02,Q1,Completed,Marketplace,185.2,Belgium,VIP
ORD001860,C01787,2023-02-09,2023-02,Q1,Completed,Website,474.01,Germany,Regular
ORD001861,C00822,2023-04-20,2023-04,Q2,Completed,Mobile App,208.08,Germany,New
ORD001862,C01083,2023-02-18,2023-02,Q1,Completed,Phone,2413.17,Germany,Regular
ORD001863,C01000,2023-09-19,2023-09,Q3,Returned,Website,193.24,Netherlands,New
ORD001864,C01300,2023-11-19,2023-11,Q4,Completed,Website,147.95,Switzerland,New
ORD001865,C00259,2023-05-22,2023-05,Q2,Completed,Website,112.62,France,VIP
ORD001866,C01246,2023-10-23,2023-10,Q4,Completed,Marketplace,1563.18,Germany,Regular
ORD001867,C00444,2023-11-27,2023-11,Q4,Completed,Phone,146.97,Germany,VIP
ORD001868,C01906,2023-06-30,2023-06,Q2,Completed,Marketplace,37.85,Germany,Regular
ORD001869,C00703,2023-10-14,2023-10,Q4,Completed,Phone,588.13,Netherlands,VIP
ORD001870,C00695,2023-03-31,2023-03,Q1,Completed,Mobile App,20.23,Germany,Regular
ORD001871,C01884,2023-03-22,2023-03,Q1,Completed,Phone,613.17,Germany,Regular
ORD001872,C00576,2023-06-25,2023-06,Q2,Completed,Marketplace,104.26,Netherlands,Regular
ORD001873,C01072,2023-10-09,2023-10,Q4,Completed,Website,675.44,France,Regular
ORD001874,C01928,2023-12-15,2023-12,Q4,Completed,Website,68.83,Switzerland,VIP
ORD001875,C00587,2023-08-13,2023-08,Q3,Completed,Phone,34.55,Netherlands,Regular
ORD001876,C01670,2023-12-27,2023-12,Q4,Completed,Website,24.94,Germany,Regular
ORD001877,C00647,2023-04-05,2023-04,Q2,Completed,Phone,31.66,Germany,Regular
ORD001878,C00576,2023-06-04,2023-06,Q2,Completed,Marketplace,260.2,Netherlands,Regular
ORD001879,C01600,2023-06-06,2023-06,Q2,Completed,Mobile App,187.81,Switzerland,VIP
ORD001880,C01402,2023-08-02,2023-08,Q3,Returned,Website,2313.57,Germany,Regular
ORD001881,C01278,2023-02-14,2023-02,Q1,Completed,Marketplace,2291.73,Belgium,Regular
ORD001882,C01107,2023-11-09,2023-11,Q4,Completed,Mobile App,100.03,Belgium,VIP
ORD001883,C01345,2023-09-23,2023-09,Q3,Completed,Phone,105.32,Netherlands,VIP
ORD001884,C00120,2023-05-14,2023-05,Q2,Completed,Phone,99.65,Germany,Regular
ORD001885,C00914,2023-06-20,2023-06,Q2,Completed,Marketplace,570.38,Germany,Regular
ORD001886,C00038,2023-02-05,2023-02,Q1,Completed,Marketplace,493.02,Germany,Regular
ORD001887,C00830,2023-04-14,2023-04,Q2,Completed,Website,1527.65,Germany,VIP
ORD001888,C01963,2023-11-27,2023-11,Q4,Completed,Website,351.59,Germany,VIP
ORD001889,C01616,2023-07-30,2023-07,Q3,Completed,Marketplace,235.88,Switzerland,Regular
ORD001890,C01294,2023-09-16,2023-09,Q3,Completed,Website,220.58,Belgium,VIP
ORD001891,C01202,2023-12-22,2023-12,Q4,Cancelled,Marketplace,1403.43,Germany,VIP
ORD001892,C00795,2023-11-15,2023-11,Q4,Completed,Marketplace,371.7,France,Regular
ORD001893,C00735,2023-01-01,2023-01,Q1,Completed,Marketplace,344.88,Germany,New
ORD001894,C01869,2023-07-13,2023-07,Q3,Completed,Marketplace,358.82,Belgium,VIP
ORD001895,C00703,2023-11-08,2023-11,Q4,Completed,Mobile App,27.97,Netherlands,VIP
ORD001896,C01369,2023-07-02,2023-07,Q3,Cancelled,Phone,1185.02,Netherlands,VIP
ORD001897,C00944,2023-11-20,2023-11,Q4,Completed,Marketplace,737.33,Germany,VIP
ORD001898,C00799,2023-12-03,2023-12,Q4,Completed,Marketplace,144.16,Austria,VIP
ORD001899,C00426,2023-12-13,2023-12,Q4,Completed,Phone,198.32,Netherlands,Regular
ORD001900,C00301,2023-03-08,2023-03,Q1,Completed,Website,483.06,Austria,New
ORD001901,C01160,2023-12-29,2023-12,Q4,Completed,Website,58.83,Austria,VIP
ORD001902,C00329,2023-02-05,2023-02,Q1,Completed,Website,109.71,Switzerland,Regular
ORD001903,C01107,2023-09-29,2023-09,Q3,Returned,Marketplace,892.07,Belgium,VIP
ORD001904,C01942,2023-10-25,2023-10,Q4,Completed,Website,298.69,Switzerland,VIP
ORD001905,C01424,2023-07-12,2023-07,Q3,Completed,Mobile App,20.66,Germany,Regular
ORD001906,C00285,2023-12-15,2023-12,Q4,Completed,Mobile App,1107.82,Germany,Regular
ORD001907,C00283,2023-05-13,2023-05,Q2,Cancelled,Marketplace,860.23,Germany,New
ORD001908,C00273,2023-04-27,2023-04,Q2,Completed,Marketplace,164.55,France,VIP
ORD001909,C00299,2023-11-07,2023-11,Q4,Completed,Website,369.95,Germany,Regular
ORD001910,C00398,2023-07-17,2023-07,Q3,Completed,Phone,106.57,Belgium,VIP
ORD001911,C01788,2023-11-29,2023-11,Q4,Completed,Marketplace,629.03,Germany,VIP
ORD001912,C01325,2023-11-05,2023-11,Q4,Completed,Marketplace,429.09,Switzerland,Regular
ORD001913,C00310,2023-02-25,2023-02,Q1,Completed,Website,1474.04,Belgium,Regular
ORD001914,C01328,2023-08-24,2023-08,Q3,Completed,Marketplace,198.15,France,Regular
ORD001915,C00655,2023-06-01,2023-06,Q2,Completed,Website,204.64,Germany,Regular
ORD001916,C01329,2023-06-30,2023-06,Q2,Completed,Phone,31.33,France,VIP
ORD001917,C01883,2023-12-09,2023-12,Q4,Cancelled,Marketplace,117.44,France,New
ORD001918,C00137,2023-06-30,2023-06,Q2,Completed,Mobile App,32.56,Belgium,Regular
ORD001919,C00957,2023-05-06,2023-05,Q2,Completed,Marketplace,55.3,Belgium,Regular
ORD001920,C01545,2023-10-05,2023-10,Q4,Completed,Phone,134.88,Switzerland,VIP
ORD001921,C00577,2023-11-18,2023-11,Q4,Completed,Website,109.3,Germany,Regular
ORD001922,C01225,2023-01-21,2023-01,Q1,Completed,Phone,434.9,Switzerland,New
ORD001923,C00548,2023-02-07,2023-02,Q1,Completed,Mobile App,225.3,Austria,New
ORD001924,C00313,2023-12-16,2023-12,Q4,Completed,Marketplace,200.02,Austria,New
ORD001925,C00898,2023-12-11,2023-12,Q4,Completed,Marketplace,104.56,Netherlands,Regular
ORD001926,C01806,2023-05-30,2023-05,Q2,Completed,Website,50.73,Netherlands,VIP
ORD001927,C00964,2023-02-18,2023-02,Q1,Completed,Website,287.48,Germany,VIP
ORD001928,C00432,2023-11-22,2023-11,Q4,Completed,Website,55.79,Netherlands,Regular
ORD001929,C00840,2023-10-27,2023-10,Q4,Completed,Phone,436.93,Netherlands,VIP
ORD001930,C00097,2023-01-25,2023-01,Q1,Completed,Website,211.33,Germany,Regular
ORD001931,C00147,2023-06-28,2023-06,Q2,Completed,Mobile App,248.46,Netherlands,VIP
ORD001932,C01901,2023-06-25,2023-06,Q2,Completed,Website,61.84,Belgium,New
ORD001933,C00147,2023-05-24,2023-05,Q2,Completed,Phone,228.31,Netherlands,VIP
ORD001934,C00639,2023-07-30,2023-07,Q3,Completed,Phone,104.78,Germany,VIP
ORD001935,C01444,2023-07-28,2023-07,Q3,Completed,Website,28.26,Netherlands,VIP
ORD001936,C00333,2023-09-20,2023-09,Q3,Cancelled,Phone,347.33,Germany,Regular
ORD001937,C00913,2023-04-08,2023-04,Q2,Cancelled,Website,469.57,Austria,VIP
ORD001938,C01658,2023-01-05,2023-01,Q1,Completed,Phone,231.51,France,New
ORD001939,C01572,2023-04-07,2023-04,Q2,Completed,Phone,118.26,Austria,Regular
ORD001940,C01720,2023-11-26,2023-11,Q4,Completed,Phone,1389.2,Germany,Regular
ORD001941,C01755,2023-01-02,2023-01,Q1,Completed,Website,96.49,France,VIP
ORD001942,C00167,2023-07-01,2023-07,Q3,Returned,Phone,75.08,Switzerland,Regular
ORD001943,C00555,2023-06-15,2023-06,Q2,Returned,Mobile App,158.93,Germany,Regular
ORD001944,C01570,2023-06-19,2023-06,Q2,Completed,Marketplace,690.18,Switzerland,Regular
ORD001945,C01532,2023-09-15,2023-09,Q3,Completed,Marketplace,387.81,Austria,Regular
ORD001946,C00471,2023-07-31,2023-07,Q3,Completed,Marketplace,60.98,Germany,VIP
ORD001947,C01971,2023-11-13,2023-11,Q4,Completed,Website,533.26,Germany,Regular
ORD001948,C00915,2023-06-14,2023-06,Q2,Completed,Marketplace,179.47,Germany,VIP
ORD001949,C00293,2023-04-29,2023-04,Q2,Completed,Phone,592.51,Netherlands,Regular
ORD001950,C00167,2023-12-02,2023-12,Q4,Returned,Phone,143.12,Switzerland,Regular
ORD001951,C00134,2023-10-20,2023-10,Q4,Completed,Website,178.29,Belgium,VIP
ORD001952,C00899,2023-12-16,2023-12,Q4,Completed,Phone,398.26,Belgium,Regular
ORD001953,C00109,2023-01-05,2023-01,Q1,Completed,Marketplace,32.06,Austria,VIP
ORD001954,C01713,2023-08-26,2023-08,Q3,Completed,Website,1320.28,Germany,Regular
ORD001955,C01445,2023-05-14,2023-05,Q2,Completed,Marketplace,332.93,Austria,Regular
ORD001956,C00625,2023-11-29,2023-11,Q4,Completed,Phone,324.95,France,VIP
ORD001957,C00025,2023-11-17,2023-11,Q4,Completed,Marketplace,298.84,Germany,Regular
ORD001958,C00538,2023-10-18,2023-10,Q4,Completed,Phone,459.84,Switzerland,VIP
ORD001959,C01673,2023-03-19,2023-03,Q1,Returned,Marketplace,609.7,Germany,VIP
ORD001960,C01588,2023-02-20,2023-02,Q1,Completed,Phone,25.19,Switzerland,Regular
ORD001961,C01261,2023-05-15,2023-05,Q2,Completed,Marketplace,94.3,Austria,Regular
ORD001962,C00043,2023-05-17,2023-05,Q2,Completed,Marketplace,212.63,Germany,Regular
ORD001963,C00472,2023-07-21,2023-07,Q3,Completed,Marketplace,780.63,Switzerland,VIP
ORD001964,C01833,2023-10-30,2023-10,Q4,Completed,Phone,259.18,Switzerland,VIP
ORD001965,C00883,2023-05-21,2023-05,Q2,Completed,Mobile App,269.3,Netherlands,Regular
ORD001966,C01644,2023-01-14,2023-01,Q1,Completed,Mobile App,116.13,Austria,VIP
ORD001967,C01258,2023-05-15,2023-05,Q2,Completed,Website,1799.51,Germany,VIP
ORD001968,C01757,2023-10-19,2023-10,Q4,Completed,Marketplace,868.16,Switzerland,Regular
ORD001969,C01102,2023-01-15,2023-01,Q1,Completed,Marketplace,77.82,Netherlands,New
ORD001970,C00828,2023-07-28,2023-07,Q3,Completed,Mobile App,699.72,Switzerland,VIP
ORD001971,C01855,2023-07-08,2023-07,Q3,Completed,Phone,858.65,Germany,New
ORD001972,C01029,2023-04-14,2023-04,Q2,Returned,Marketplace,1538.74,Belgium,VIP
ORD001973,C01247,2023-02-13,2023-02,Q1,Completed,Phone,27.83,Germany,VIP
ORD001974,C00837,2023-12-03,2023-12,Q4,Completed,Marketplace,176.44,France,VIP
ORD001975,C00469,2023-11-02,2023-11,Q4,Completed,Marketplace,104.26,France,New
ORD001976,C01837,2023-12-09,2023-12,Q4,Completed,Phone,58.74,Belgium,Regular
ORD001977,C00838,2023-07-07,2023-07,Q3,Completed,Phone,182.39,Germany,VIP
ORD001978,C01590,2023-06-23,2023-06,Q2,Completed,Phone,1782.2,Austria,Churned
ORD001979,C01845,2023-02-19,2023-02,Q1,Completed,Marketplace,769.37,Germany,Regular
ORD001980,C00281,2023-03-19,2023-03,Q1,Completed,Phone,741.5,Germany,Regular
ORD001981,C00408,2023-01-29,2023-01,Q1,Completed,Marketplace,710.99,Germany,Regular
ORD001982,C01467,2023-03-11,2023-03,Q1,Completed,Website,387.25,Switzerland,New
ORD001983,C00975,2023-10-21,2023-10,Q4,Completed,Mobile App,172.0,Germany,VIP
ORD001984,C00459,2023-12-09,2023-12,Q4,Completed,Marketplace,411.93,Austria,VIP
ORD001985,C00537,2023-11-06,2023-11,Q4,Completed,Phone,167.99,Germany,VIP
ORD001986,C00255,2023-06-05,2023-06,Q2,Completed,Website,418.16,Switzerland,New
ORD001987,C00698,2023-05-12,2023-05,Q2,Cancelled,Mobile App,615.5,Germany,Regular
ORD001988,C01413,2023-07-13,2023-07,Q3,Completed,Website,19.66,Belgium,New
ORD001989,C00912,2023-11-29,2023-11,Q4,Completed,Marketplace,1366.6,France,Regular
ORD001990,C00192,2023-11-03,2023-11,Q4,Completed,Mobile App,169.03,Switzerland,New
ORD001991,C00742,2023-06-10,2023-06,Q2,Cancelled,Mobile App,57.78,Netherlands,VIP
ORD001992,C00487,2023-04-24,2023-04,Q2,Completed,Phone,1823.68,Austria,Regular
ORD001993,C00101,2023-06-08,2023-06,Q2,Completed,Mobile App,1777.53,France,Regular
ORD001994,C01618,2023-03-20,2023-03,Q1,Returned,Website,2504.81,Germany,VIP
ORD001995,C00311,2023-01-26,2023-01,Q1,Completed,Website,1087.46,Belgium,VIP
ORD001996,C00471,2023-12-19,2023-12,Q4,Completed,Marketplace,348.42,Germany,VIP
ORD001997,C01286,2023-06-20,2023-06,Q2,Completed,Mobile App,428.11,Austria,Regular
ORD001998,C00979,2023-05-21,2023-05,Q2,Completed,Marketplace,281.43,Switzerland,Regular
ORD001999,C00175,2023-09-04,2023-09,Q3,Completed,Phone,1439.73,Belgium,New
ORD002000,C01470,2023-06-08,2023-06,Q2,Completed,Website,170.63,Netherlands,Regular
ORD002001,C01745,2023-03-25,2023-03,Q1,Completed,Phone,2587.89,Germany,Regular
ORD002002,C01657,2023-08-09,2023-08,Q3,Completed,Marketplace,154.5,Netherlands,New
ORD002003,C01287,2023-03-05,2023-03,Q1,Completed,Website,344.95,Austria,New
ORD002004,C00634,2023-09-14,2023-09,Q3,Completed,Website,225.82,Germany,Regular
ORD002005,C01540,2023-06-07,2023-06,Q2,Completed,Website,340.47,Netherlands,New
ORD002006,C01213,2023-06-28,2023-06,Q2,Completed,Marketplace,1432.19,Germany,VIP
ORD002007,C01780,2023-05-11,2023-05,Q2,Completed,Phone,169.42,France,Regular
ORD002008,C01589,2023-07-18,2023-07,Q3,Completed,Website,269.76,Germany,VIP
ORD002009,C00576,2023-02-17,2023-02,Q1,Completed,Marketplace,1172.09,Netherlands,Regular
ORD002010,C01241,2023-05-04,2023-05,Q2,Completed,Website,102.26,Austria,New
ORD002011,C00688,2023-12-02,2023-12,Q4,Completed,Website,51.58,Germany,VIP
ORD002012,C00966,2023-02-05,2023-02,Q1,Cancelled,Marketplace,72.89,Germany,VIP
ORD002013,C00209,2023-10-21,2023-10,Q4,Completed,Phone,113.25,Switzerland,Regular
ORD002014,C00237,2023-06-09,2023-06,Q2,Completed,Mobile App,142.47,Austria,Regular
ORD002015,C00794,2023-07-21,2023-07,Q3,Returned,Website,47.55,Germany,New
ORD002016,C00501,2023-04-14,2023-04,Q2,Completed,Marketplace,64.33,Belgium,New
ORD002017,C01567,2023-05-04,2023-05,Q2,Completed,Marketplace,137.12,Germany,Regular
ORD002018,C01157,2023-01-04,2023-01,Q1,Completed,Marketplace,248.46,Germany,New
ORD002019,C01813,2023-12-14,2023-12,Q4,Completed,Marketplace,125.48,Austria,New
ORD002020,C01378,2023-10-31,2023-10,Q4,Completed,Website,176.8,Austria,Regular
ORD002021,C00180,2023-04-09,2023-04,Q2,Completed,Website,415.87,Germany,VIP
ORD002022,C01019,2023-11-27,2023-11,Q4,Returned,Mobile App,435.22,Germany,VIP
ORD002023,C01493,2023-04-16,2023-04,Q2,Completed,Mobile App,689.13,Germany,Regular
ORD002024,C01059,2023-03-04,2023-03,Q1,Completed,Mobile App,166.02,Austria,Churned
ORD002025,C01623,2023-12-04,2023-12,Q4,Completed,Website,80.22,Netherlands,Regular
ORD002026,C00791,2023-09-13,2023-09,Q3,Completed,Phone,98.44,Austria,VIP
ORD002027,C00946,2023-02-05,2023-02,Q1,Returned,Website,394.7,Switzerland,New
ORD002028,C00062,2023-04-06,2023-04,Q2,Completed,Phone,278.12,Switzerland,VIP
ORD002029,C00327,2023-03-12,2023-03,Q1,Completed,Marketplace,65.39,Belgium,VIP
ORD002030,C00727,2023-07-04,2023-07,Q3,Completed,Phone,25.64,Germany,Regular
ORD002031,C01113,2023-10-17,2023-10,Q4,Completed,Website,101.99,Austria,Regular
ORD002032,C00028,2023-02-28,2023-02,Q1,Completed,Marketplace,712.46,Germany,Regular
ORD002033,C01469,2023-10-01,2023-10,Q4,Completed,Marketplace,590.52,Netherlands,Regular
ORD002034,C00015,2023-08-17,2023-08,Q3,Completed,Website,108.58,Netherlands,Regular
ORD002035,C01488,2023-03-14,2023-03,Q1,Returned,Marketplace,592.03,Germany,Regular
ORD002036,C00357,2023-07-19,2023-07,Q3,Completed,Phone,199.08,Netherlands,Regular
ORD002037,C01075,2023-08-06,2023-08,Q3,Completed,Phone,269.06,Germany,Regular
ORD002038,C01359,2023-05-24,2023-05,Q2,Completed,Mobile App,229.92,Belgium,Regular
ORD002039,C01513,2023-06-18,2023-06,Q2,Completed,Mobile App,2391.8,Germany,VIP
ORD002040,C01413,2023-02-20,2023-02,Q1,Completed,Website,235.04,Belgium,New
ORD002041,C00801,2023-12-11,2023-12,Q4,Cancelled,Mobile App,745.95,France,VIP
ORD002042,C00017,2023-07-16,2023-07,Q3,Completed,Mobile App,268.46,Germany,VIP
ORD002043,C00635,2023-06-30,2023-06,Q2,Completed,Marketplace,206.93,Germany,Regular
ORD002044,C00927,2023-05-26,2023-05,Q2,Completed,Website,368.6,France,Regular
ORD002045,C00041,2023-01-28,2023-01,Q1,Completed,Website,1351.02,Belgium,Regular
ORD002046,C01480,2023-09-11,2023-09,Q3,Completed,Mobile App,225.35,Switzerland,New
ORD002047,C00700,2023-12-14,2023-12,Q4,Completed,Marketplace,113.53,Austria,Regular
ORD002048,C01883,2023-09-25,2023-09,Q3,Completed,Mobile App,36.96,France,New
ORD002049,C00005,2023-10-25,2023-10,Q4,Completed,Website,954.34,Switzerland,Regular
ORD002050,C00314,2023-12-15,2023-12,Q4,Completed,Marketplace,408.52,Switzerland,Regular
ORD002051,C01893,2023-05-19,2023-05,Q2,Completed,Marketplace,537.63,Germany,Regular
ORD002052,C00043,2023-11-27,2023-11,Q4,Completed,Marketplace,330.07,Germany,Regular
ORD002053,C01705,2023-10-20,2023-10,Q4,Completed,Mobile App,805.89,Germany,VIP
ORD002054,C00028,2023-05-31,2023-05,Q2,Completed,Website,370.75,Germany,Regular
ORD002055,C01622,2023-12-28,2023-12,Q4,Completed,Website,1072.56,Netherlands,Regular
ORD002056,C00998,2023-05-11,2023-05,Q2,Completed,Website,703.27,Germany,Churned
ORD002057,C00314,2023-02-11,2023-02,Q1,Returned,Mobile App,442.84,Switzerland,Regular
ORD002058,C00853,2023-12-12,2023-12,Q4,Completed,Marketplace,33.1,Austria,Regular
ORD002059,C00194,2023-01-09,2023-01,Q1,Completed,Phone,95.97,Belgium,New
ORD002060,C00688,2023-08-16,2023-08,Q3,Completed,Phone,390.06,Germany,VIP
ORD002061,C00946,2023-06-08,2023-06,Q2,Completed,Mobile App,1596.86,Switzerland,New
ORD002062,C00053,2023-06-20,2023-06,Q2,Completed,Phone,179.38,France,Regular
ORD002063,C01517,2023-10-07,2023-10,Q4,Completed,Mobile App,1242.81,Germany,Regular
ORD002064,C01121,2023-05-04,2023-05,Q2,Completed,Phone,440.99,Germany,Regular
ORD002065,C00305,2023-06-27,2023-06,Q2,Completed,Website,61.95,Belgium,VIP
ORD002066,C01013,2023-12-18,2023-12,Q4,Returned,Website,216.92,Belgium,Regular
ORD002067,C00300,2023-12-19,2023-12,Q4,Completed,Marketplace,589.66,Belgium,VIP
ORD002068,C01337,2023-10-27,2023-10,Q4,Completed,Marketplace,2026.93,Belgium,Regular
ORD002069,C01591,2023-12-19,2023-12,Q4,Completed,Mobile App,897.51,Germany,VIP
ORD002070,C00927,2023-08-04,2023-08,Q3,Completed,Marketplace,334.02,France,Regular
ORD002071,C01530,2023-12-22,2023-12,Q4,Completed,Marketplace,36.9,Netherlands,VIP
ORD002072,C01673,2023-06-28,2023-06,Q2,Completed,Marketplace,179.38,Germany,VIP
ORD002073,C00264,2023-12-30,2023-12,Q4,Completed,Phone,841.8,Switzerland,VIP
ORD002074,C00273,2023-07-22,2023-07,Q3,Completed,Mobile App,90.37,France,VIP
ORD002075,C01250,2023-01-08,2023-01,Q1,Completed,Marketplace,55.79,Germany,New
ORD002076,C01546,2023-03-13,2023-03,Q1,Completed,Website,835.94,Germany,VIP
ORD002077,C01319,2023-09-18,2023-09,Q3,Completed,Phone,4307.57,France,Regular
ORD002078,C00076,2023-01-12,2023-01,Q1,Completed,Website,932.78,Austria,Regular
ORD002079,C00335,2023-04-23,2023-04,Q2,Completed,Phone,331.0,France,Regular
ORD002080,C00779,2023-09-10,2023-09,Q3,Completed,Website,555.07,Germany,Regular
ORD002081,C00725,2023-05-18,2023-05,Q2,Completed,Mobile App,175.37,Germany,VIP
ORD002082,C00807,2023-05-31,2023-05,Q2,Completed,Phone,329.99,Austria,VIP
ORD002083,C00278,2023-07-10,2023-07,Q3,Completed,Phone,1752.51,France,VIP
ORD002084,C01286,2023-08-09,2023-08,Q3,Completed,Marketplace,248.28,Austria,Regular
ORD002085,C00792,2023-07-21,2023-07,Q3,Completed,Mobile App,329.03,Germany,New
ORD002086,C01084,2023-05-22,2023-05,Q2,Completed,Website,807.67,Germany,Regular
ORD002087,C00278,2023-01-12,2023-01,Q1,Completed,Mobile App,795.69,France,VIP
ORD002088,C01248,2023-04-24,2023-04,Q2,Completed,Mobile App,1913.57,Germany,Regular
ORD002089,C01210,2023-04-09,2023-04,Q2,Completed,Marketplace,1070.94,Switzerland,VIP
ORD002090,C00608,2023-11-04,2023-11,Q4,Completed,Marketplace,316.14,France,VIP
ORD002091,C00406,2023-03-14,2023-03,Q1,Completed,Website,30.08,Netherlands,Regular
ORD002092,C01548,2023-06-07,2023-06,Q2,Completed,Phone,180.57,France,Regular
ORD002093,C01120,2023-11-08,2023-11,Q4,Completed,Website,124.0,Switzerland,Regular
ORD002094,C01411,2023-08-09,2023-08,Q3,Completed,Marketplace,1573.29,Belgium,VIP
ORD002095,C01619,2023-06-03,2023-06,Q2,Completed,Website,703.09,France,VIP
ORD002096,C01045,2023-09-04,2023-09,Q3,Completed,Mobile App,37.85,Germany,VIP
ORD002097,C00984,2023-12-13,2023-12,Q4,Completed,Website,733.95,Germany,VIP
ORD002098,C00014,2023-08-14,2023-08,Q3,Cancelled,Phone,310.35,Germany,Regular
ORD002099,C01468,2023-02-03,2023-02,Q1,Completed,Phone,547.8,Germany,Regular
ORD002100,C01644,2023-12-22,2023-12,Q4,Completed,Website,113.53,Austria,VIP
ORD002101,C00538,2023-07-10,2023-07,Q3,Completed,Phone,600.81,Switzerland,VIP
ORD002102,C00768,2023-02-23,2023-02,Q1,Completed,Mobile App,172.45,Germany,Regular
ORD002103,C01575,2023-03-03,2023-03,Q1,Completed,Mobile App,1188.22,Belgium,Regular
ORD002104,C01359,2023-08-14,2023-08,Q3,Completed,Marketplace,101.21,Belgium,Regular
ORD002105,C00717,2023-07-26,2023-07,Q3,Completed,Mobile App,92.6,Germany,Regular
ORD002106,C00305,2023-06-07,2023-06,Q2,Completed,Website,90.08,Belgium,VIP
ORD002107,C00040,2023-03-10,2023-03,Q1,Completed,Mobile App,672.91,Germany,Regular
ORD002108,C00677,2023-05-25,2023-05,Q2,Completed,Mobile App,761.6,Switzerland,Regular
ORD002109,C01966,2023-09-05,2023-09,Q3,Completed,Marketplace,300.27,Germany,Regular
ORD002110,C01076,2023-09-02,2023-09,Q3,Completed,Phone,289.35,Switzerland,VIP
ORD002111,C01561,2023-02-17,2023-02,Q1,Completed,Website,33.75,Belgium,Regular
ORD002112,C01619,2023-11-07,2023-11,Q4,Completed,Website,469.68,France,VIP
ORD002113,C00021,2023-09-20,2023-09,Q3,Completed,Phone,566.14,Austria,Regular
ORD002114,C00514,2023-08-03,2023-08,Q3,Completed,Website,25.19,Germany,Regular
ORD002115,C00445,2023-06-20,2023-06,Q2,Completed,Mobile App,30.76,Germany,New
ORD002116,C01546,2023-06-16,2023-06,Q2,Completed,Website,769.37,Germany,VIP
ORD002117,C01833,2023-11-21,2023-11,Q4,Completed,Marketplace,30.16,Switzerland,VIP
ORD002118,C00674,2023-09-13,2023-09,Q3,Completed,Website,627.95,Belgium,New
ORD002119,C00267,2023-01-28,2023-01,Q1,Completed,Mobile App,34.37,Austria,VIP
ORD002120,C00534,2023-03-01,2023-03,Q1,Completed,Marketplace,258.14,France,VIP
ORD002121,C00394,2023-08-09,2023-08,Q3,Completed,Mobile App,846.62,Austria,Regular
ORD002122,C01459,2023-08-31,2023-08,Q3,Completed,Marketplace,251.74,Belgium,VIP
ORD002123,C00172,2023-02-03,2023-02,Q1,Completed,Marketplace,304.27,Austria,VIP
ORD002124,C01864,2023-05-26,2023-05,Q2,Completed,Website,533.31,Germany,New
ORD002125,C01383,2023-01-19,2023-01,Q1,Completed,Mobile App,50.73,Germany,Regular
ORD002126,C01608,2023-10-14,2023-10,Q4,Completed,Website,328.78,Belgium,Regular
ORD002127,C00583,2023-07-10,2023-07,Q3,Completed,Phone,138.85,Switzerland,Regular
ORD002128,C00001,2023-12-26,2023-12,Q4,Completed,Website,2580.93,France,Regular
ORD002129,C01947,2023-05-31,2023-05,Q2,Completed,Phone,358.07,Switzerland,Regular
ORD002130,C01320,2023-01-06,2023-01,Q1,Completed,Website,765.2,Belgium,VIP
ORD002131,C01118,2023-04-12,2023-04,Q2,Completed,Website,205.58,Germany,VIP
ORD002132,C01878,2023-03-15,2023-03,Q1,Completed,Website,75.7,Switzerland,Regular
ORD002133,C00233,2023-12-03,2023-12,Q4,Completed,Mobile App,519.05,Belgium,VIP
ORD002134,C00386,2023-06-15,2023-06,Q2,Completed,Phone,25.97,Germany,New
ORD002135,C00155,2023-09-14,2023-09,Q3,Completed,Mobile App,1128.94,Austria,New
ORD002136,C01366,2023-04-10,2023-04,Q2,Completed,Mobile App,128.14,Belgium,New
ORD002137,C00641,2023-02-25,2023-02,Q1,Completed,Phone,689.85,Belgium,VIP
ORD002138,C01248,2023-11-21,2023-11,Q4,Completed,Marketplace,245.13,Germany,Regular
ORD002139,C01770,2023-08-12,2023-08,Q3,Completed,Mobile App,2216.34,Germany,Churned
ORD002140,C01035,2023-09-03,2023-09,Q3,Completed,Phone,328.78,Germany,VIP
ORD002141,C01721,2023-07-07,2023-07,Q3,Completed,Phone,1496.41,France,Regular
ORD002142,C00485,2023-01-21,2023-01,Q1,Completed,Phone,2146.04,Netherlands,New
ORD002143,C01999,2023-01-19,2023-01,Q1,Completed,Marketplace,60.69,Switzerland,VIP
ORD002144,C00765,2023-07-16,2023-07,Q3,Completed,Phone,432.97,Belgium,Regular
ORD002145,C01662,2023-11-15,2023-11,Q4,Completed,Phone,264.06,Netherlands,VIP
ORD002146,C00826,2023-01-19,2023-01,Q1,Completed,Phone,834.37,Switzerland,Regular
ORD002147,C01470,2023-04-17,2023-04,Q2,Completed,Phone,875.89,Netherlands,Regular
ORD002148,C00837,2023-07-07,2023-07,Q3,Completed,Website,67.75,France,VIP
ORD002149,C01757,2023-08-12,2023-08,Q3,Completed,Phone,293.46,Switzerland,Regular
ORD002150,C00166,2023-03-17,2023-03,Q1,Completed,Marketplace,1490.32,Netherlands,New
ORD002151,C01690,2023-11-02,2023-11,Q4,Completed,Phone,146.93,France,Regular
ORD002152,C01848,2023-04-25,2023-04,Q2,Completed,Mobile App,90.37,Germany,Regular
ORD002153,C00270,2023-02-21,2023-02,Q1,Completed,Phone,1354.6,Switzerland,VIP
ORD002154,C00593,2023-05-15,2023-05,Q2,Returned,Mobile App,1309.12,Germany,Regular
ORD002155,C00472,2023-11-05,2023-11,Q4,Completed,Website,648.89,Switzerland,VIP
ORD002156,C00455,2023-07-12,2023-07,Q3,Completed,Phone,1309.82,Switzerland,Regular
ORD002157,C01252,2023-04-11,2023-04,Q2,Completed,Mobile App,135.22,Germany,VIP
ORD002158,C01368,2023-06-29,2023-06,Q2,Completed,Mobile App,10.42,Germany,VIP
ORD002159,C01332,2023-11-12,2023-11,Q4,Completed,Website,607.93,Germany,VIP
ORD002160,C01860,2023-01-08,2023-01,Q1,Cancelled,Website,310.58,France,Regular
ORD002161,C00675,2023-03-19,2023-03,Q1,Returned,Phone,1646.59,Netherlands,Regular
ORD002162,C00939,2023-05-27,2023-05,Q2,Completed,Website,523.34,Belgium,Regular
ORD002163,C00237,2023-12-01,2023-12,Q4,Completed,Website,166.95,Austria,Regular
ORD002164,C00394,2023-05-09,2023-05,Q2,Completed,Phone,747.98,Austria,Regular
ORD002165,C01074,2023-05-04,2023-05,Q2,Completed,Marketplace,334.58,Switzerland,Regular
ORD002166,C01869,2023-03-19,2023-03,Q1,Completed,Marketplace,493.02,Belgium,VIP
ORD002167,C01916,2023-03-13,2023-03,Q1,Completed,Marketplace,102.2,France,Regular
ORD002168,C01911,2023-10-31,2023-10,Q4,Completed,Marketplace,332.14,Switzerland,Regular
ORD002169,C00187,2023-03-05,2023-03,Q1,Cancelled,Website,622.87,Germany,Regular
ORD002170,C01070,2023-11-11,2023-11,Q4,Completed,Website,1676.1,Germany,VIP
ORD002171,C00058,2023-06-21,2023-06,Q2,Completed,Phone,293.48,Austria,New
ORD002172,C00867,2023-04-06,2023-04,Q2,Completed,Phone,1072.96,Germany,New
ORD002173,C01985,2023-11-30,2023-11,Q4,Completed,Phone,590.55,Germany,Regular
ORD002174,C01746,2023-09-20,2023-09,Q3,Completed,Phone,54.29,Germany,New
ORD002175,C01045,2023-08-28,2023-08,Q3,Completed,Phone,109.82,Germany,VIP
ORD002176,C00913,2023-09-24,2023-09,Q3,Completed,Phone,139.39,Austria,VIP
ORD002177,C00398,2023-01-13,2023-01,Q1,Completed,Website,157.93,Belgium,VIP
ORD002178,C01368,2023-05-02,2023-05,Q2,Completed,Mobile App,733.95,Germany,VIP
ORD002179,C01530,2023-06-17,2023-06,Q2,Completed,Mobile App,29.37,Netherlands,VIP
ORD002180,C01686,2023-01-26,2023-01,Q1,Completed,Marketplace,1743.27,Germany,Regular
ORD002181,C01881,2023-06-19,2023-06,Q2,Completed,Website,606.21,Belgium,Regular
ORD002182,C01393,2023-11-13,2023-11,Q4,Completed,Website,65.39,Netherlands,Regular
ORD002183,C00744,2023-03-28,2023-03,Q1,Cancelled,Phone,322.5,France,Regular
ORD002184,C00945,2023-01-30,2023-01,Q1,Completed,Website,38.94,Germany,Regular
ORD002185,C01577,2023-03-31,2023-03,Q1,Completed,Website,530.51,Germany,Regular
ORD002186,C01133,2023-11-26,2023-11,Q4,Completed,Phone,146.73,Netherlands,VIP
ORD002187,C01586,2023-08-31,2023-08,Q3,Completed,Phone,38.91,France,Regular
ORD002188,C00576,2023-12-25,2023-12,Q4,Completed,Marketplace,2633.97,Netherlands,Regular
ORD002189,C01585,2023-11-21,2023-11,Q4,Cancelled,Mobile App,3633.99,France,VIP
ORD002190,C00063,2023-04-04,2023-04,Q2,Completed,Marketplace,246.51,Switzerland,VIP
ORD002191,C01639,2023-01-02,2023-01,Q1,Completed,Marketplace,280.37,Germany,VIP
ORD002192,C00796,2023-03-24,2023-03,Q1,Completed,Mobile App,536.39,Netherlands,Regular
ORD002193,C01035,2023-08-14,2023-08,Q3,Cancelled,Mobile App,43.75,Germany,VIP
ORD002194,C00036,2023-03-18,2023-03,Q1,Completed,Phone,619.31,France,VIP
ORD002195,C00513,2023-11-17,2023-11,Q4,Completed,Mobile App,262.59,Germany,Regular
ORD002196,C01171,2023-04-28,2023-04,Q2,Completed,Marketplace,332.49,Germany,New
ORD002197,C01279,2023-11-23,2023-11,Q4,Completed,Website,793.34,Switzerland,Regular
ORD002198,C00641,2023-07-01,2023-07,Q3,Completed,Marketplace,338.21,Belgium,VIP
ORD002199,C01281,2023-12-16,2023-12,Q4,Completed,Mobile App,326.41,Germany,Regular
ORD002200,C01281,2023-12-02,2023-12,Q4,Cancelled,Phone,691.6,Germany,Regular
ORD002201,C01441,2023-11-23,2023-11,Q4,Completed,Mobile App,690.1,Belgium,Regular
ORD002202,C00635,2023-05-25,2023-05,Q2,Completed,Marketplace,170.38,Germany,Regular
ORD002203,C01973,2023-05-24,2023-05,Q2,Returned,Phone,894.13,Germany,Regular
ORD002204,C00024,2023-05-27,2023-05,Q2,Completed,Website,183.45,Germany,New
ORD002205,C01671,2023-07-11,2023-07,Q3,Completed,Marketplace,81.18,France,Regular
ORD002206,C01749,2023-02-24,2023-02,Q1,Completed,Phone,1106.84,France,VIP
ORD002207,C01502,2023-07-13,2023-07,Q3,Completed,Phone,139.51,Germany,Regular
ORD002208,C01308,2023-04-02,2023-04,Q2,Returned,Marketplace,347.36,Austria,Regular
ORD002209,C01175,2023-07-02,2023-07,Q3,Completed,Website,400.54,Switzerland,Regular
ORD002210,C00978,2023-02-07,2023-02,Q1,Completed,Mobile App,815.26,Netherlands,New
ORD002211,C00270,2023-05-13,2023-05,Q2,Completed,Phone,15.25,Switzerland,VIP
ORD002212,C00777,2023-09-14,2023-09,Q3,Completed,Website,931.05,Switzerland,Regular
ORD002213,C01545,2023-08-06,2023-08,Q3,Completed,Marketplace,141.08,Switzerland,VIP
ORD002214,C01087,2023-12-05,2023-12,Q4,Completed,Marketplace,190.26,Netherlands,Regular
ORD002215,C01133,2023-03-24,2023-03,Q1,Completed,Mobile App,270.57,Netherlands,VIP
ORD002216,C00974,2023-05-07,2023-05,Q2,Completed,Marketplace,60.83,Germany,New
ORD002217,C00744,2023-05-20,2023-05,Q2,Completed,Marketplace,209.9,France,Regular
ORD002218,C00533,2023-06-16,2023-06,Q2,Completed,Mobile App,641.25,Germany,Churned
ORD002219,C01260,2023-03-30,2023-03,Q1,Completed,Marketplace,690.66,Germany,Regular
ORD002220,C00582,2023-07-01,2023-07,Q3,Completed,Phone,616.8,Austria,Regular
ORD002221,C00234,2023-09-17,2023-09,Q3,Completed,Website,587.16,Germany,New
ORD002222,C00803,2023-12-14,2023-12,Q4,Completed,Website,391.78,Austria,VIP
ORD002223,C00851,2023-04-21,2023-04,Q2,Completed,Mobile App,96.77,Germany,Regular
ORD002224,C01167,2023-06-12,2023-06,Q2,Completed,Phone,2933.24,Belgium,Regular
ORD002225,C01083,2023-04-22,2023-04,Q2,Completed,Marketplace,1822.5,Germany,Regular
ORD002226,C00318,2023-08-17,2023-08,Q3,Completed,Mobile App,53.4,Belgium,Regular
ORD002227,C01534,2023-10-16,2023-10,Q4,Completed,Marketplace,54.29,Germany,Regular
ORD002228,C00829,2023-02-26,2023-02,Q1,Completed,Website,33.57,Germany,VIP
ORD002229,C01261,2023-03-06,2023-03,Q1,Completed,Website,179.61,Austria,Regular
ORD002230,C00438,2023-11-19,2023-11,Q4,Completed,Website,684.88,Germany,VIP
ORD002231,C00733,2023-04-11,2023-04,Q2,Completed,Mobile App,99.12,Germany,Regular
ORD002232,C01208,2023-06-18,2023-06,Q2,Completed,Marketplace,371.53,Belgium,Churned
ORD002233,C00471,2023-09-04,2023-09,Q3,Completed,Mobile App,716.02,Germany,VIP
ORD002234,C00567,2023-12-31,2023-12,Q4,Completed,Marketplace,38.74,Belgium,VIP
ORD002235,C00550,2023-02-01,2023-02,Q1,Completed,Marketplace,166.35,Germany,VIP
ORD002236,C00426,2023-02-18,2023-02,Q1,Completed,Marketplace,1334.34,Netherlands,Regular
ORD002237,C01187,2023-11-26,2023-11,Q4,Completed,Website,731.65,Germany,VIP
ORD002238,C00825,2023-03-29,2023-03,Q1,Completed,Mobile App,378.22,Austria,New
ORD002239,C00815,2023-11-29,2023-11,Q4,Completed,Website,71.21,Germany,VIP
ORD002240,C00844,2023-01-15,2023-01,Q1,Completed,Marketplace,25.19,Switzerland,VIP
ORD002241,C00422,2023-12-04,2023-12,Q4,Completed,Phone,102.35,France,Regular
ORD002242,C00999,2023-05-23,2023-05,Q2,Completed,Phone,892.79,Germany,VIP
ORD002243,C01463,2023-10-28,2023-10,Q4,Completed,Website,470.75,Netherlands,VIP
ORD002244,C01444,2023-12-16,2023-12,Q4,Completed,Mobile App,19.66,Netherlands,VIP
ORD002245,C01927,2023-03-03,2023-03,Q1,Completed,Phone,412.61,Austria,VIP
ORD002246,C01262,2023-03-07,2023-03,Q1,Completed,Phone,2316.59,Germany,New
ORD002247,C01167,2023-01-31,2023-01,Q1,Completed,Website,892.28,Belgium,Regular
ORD002248,C00700,2023-01-26,2023-01,Q1,Completed,Marketplace,285.07,Austria,Regular
ORD002249,C00805,2023-12-03,2023-12,Q4,Completed,Website,83.9,Belgium,New
ORD002250,C01323,2023-12-30,2023-12,Q4,Completed,Phone,152.13,Switzerland,New
ORD002251,C01795,2023-11-11,2023-11,Q4,Completed,Mobile App,21.84,Austria,VIP
ORD002252,C00749,2023-06-13,2023-06,Q2,Completed,Mobile App,433.79,Germany,Regular
ORD002253,C01162,2023-10-24,2023-10,Q4,Completed,Mobile App,52.53,Belgium,Regular
ORD002254,C01810,2023-04-19,2023-04,Q2,Completed,Marketplace,2173.9,Switzerland,Regular
ORD002255,C01673,2023-02-08,2023-02,Q1,Cancelled,Phone,494.8,Germany,VIP
ORD002256,C00342,2023-09-25,2023-09,Q3,Completed,Mobile App,127.83,France,New
ORD002257,C00984,2023-04-07,2023-04,Q2,Cancelled,Phone,225.61,Germany,VIP
ORD002258,C01507,2023-07-11,2023-07,Q3,Completed,Mobile App,215.22,Austria,VIP
ORD002259,C00062,2023-03-30,2023-03,Q1,Completed,Mobile App,268.81,Switzerland,VIP
ORD002260,C01630,2023-11-17,2023-11,Q4,Completed,Mobile App,12.17,Switzerland,VIP
ORD002261,C01950,2023-06-06,2023-06,Q2,Completed,Phone,126.4,Switzerland,VIP
ORD002262,C00043,2023-04-11,2023-04,Q2,Returned,Mobile App,350.74,Germany,Regular
ORD002263,C00693,2023-05-08,2023-05,Q2,Completed,Phone,132.71,Austria,New
ORD002264,C00434,2023-03-17,2023-03,Q1,Completed,Website,285.52,France,VIP
ORD002265,C01791,2023-04-10,2023-04,Q2,Completed,Phone,655.02,Germany,New
ORD002266,C01120,2023-10-06,2023-10,Q4,Completed,Mobile App,31.1,Switzerland,Regular
ORD002267,C01842,2023-12-09,2023-12,Q4,Completed,Mobile App,834.15,Switzerland,Regular
ORD002268,C00269,2023-02-23,2023-02,Q1,Completed,Marketplace,1853.6,Belgium,Regular
ORD002269,C00264,2023-12-22,2023-12,Q4,Completed,Mobile App,999.76,Switzerland,VIP
ORD002270,C01397,2023-07-03,2023-07,Q3,Completed,Website,302.05,Netherlands,Regular
ORD002271,C00233,2023-11-23,2023-11,Q4,Completed,Mobile App,373.92,Belgium,VIP
ORD002272,C00535,2023-05-05,2023-05,Q2,Completed,Mobile App,251.63,Germany,VIP
ORD002273,C00725,2023-05-11,2023-05,Q2,Completed,Marketplace,113.53,Germany,VIP
ORD002274,C00432,2023-06-12,2023-06,Q2,Completed,Website,1090.12,Netherlands,Regular
ORD002275,C01299,2023-10-08,2023-10,Q4,Completed,Website,117.6,Netherlands,Regular
ORD002276,C01673,2023-06-19,2023-06,Q2,Completed,Marketplace,56.59,Germany,VIP
ORD002277,C00329,2023-11-03,2023-11,Q4,Completed,Mobile App,35.66,Switzerland,Regular
ORD002278,C01954,2023-06-13,2023-06,Q2,Completed,Website,159.99,Netherlands,Regular
ORD002279,C01202,2023-12-27,2023-12,Q4,Completed,Marketplace,1470.12,Germany,VIP
ORD002280,C01864,2023-06-18,2023-06,Q2,Completed,Mobile App,850.6,Germany,New
ORD002281,C00473,2023-05-06,2023-05,Q2,Completed,Website,332.58,Switzerland,VIP
ORD002282,C01973,2023-12-25,2023-12,Q4,Completed,Marketplace,104.78,Germany,Regular
ORD002283,C01583,2023-10-08,2023-10,Q4,Completed,Mobile App,348.42,Belgium,Regular
ORD002284,C01662,2023-01-13,2023-01,Q1,Completed,Website,528.53,Netherlands,VIP
ORD002285,C01252,2023-06-10,2023-06,Q2,Returned,Phone,551.41,Germany,VIP
ORD002286,C00691,2023-04-27,2023-04,Q2,Completed,Website,836.55,Germany,VIP
ORD002287,C00422,2023-04-28,2023-04,Q2,Completed,Phone,250.24,France,Regular
ORD002288,C01817,2023-04-08,2023-04,Q2,Completed,Website,172.76,Switzerland,Regular
ORD002289,C01567,2023-06-25,2023-06,Q2,Completed,Mobile App,902.63,Germany,Regular
ORD002290,C01515,2023-05-31,2023-05,Q2,Completed,Phone,804.63,Austria,New
ORD002291,C00382,2023-04-01,2023-04,Q2,Completed,Website,18.21,Austria,VIP
ORD002292,C01283,2023-09-03,2023-09,Q3,Completed,Marketplace,130.78,France,VIP
ORD002293,C00786,2023-05-26,2023-05,Q2,Completed,Website,695.93,Austria,VIP
ORD002294,C01807,2023-03-08,2023-03,Q1,Completed,Phone,33.75,Netherlands,New
ORD002295,C00319,2023-01-16,2023-01,Q1,Completed,Mobile App,27.83,Germany,Regular
ORD002296,C01501,2023-01-06,2023-01,Q1,Returned,Marketplace,289.33,France,New
ORD002297,C00267,2023-11-21,2023-11,Q4,Completed,Website,274.77,Austria,VIP
ORD002298,C00741,2023-09-29,2023-09,Q3,Completed,Marketplace,67.75,Germany,Regular
ORD002299,C01534,2023-07-24,2023-07,Q3,Completed,Phone,637.11,Germany,Regular
ORD002300,C00573,2023-11-10,2023-11,Q4,Completed,Marketplace,603.59,Belgium,New
ORD002301,C01927,2023-10-12,2023-10,Q4,Completed,Marketplace,122.48,Austria,VIP
ORD002302,C01485,2023-04-18,2023-04,Q2,Completed,Marketplace,25.06,France,New
ORD002303,C01792,2023-09-30,2023-09,Q3,Completed,Marketplace,295.41,France,New
ORD002304,C01936,2023-03-05,2023-03,Q1,Completed,Website,27.0,Belgium,Regular
ORD002305,C01772,2023-08-24,2023-08,Q3,Completed,Mobile App,438.73,Germany,Regular
ORD002306,C00389,2023-10-27,2023-10,Q4,Completed,Website,493.67,Austria,New
ORD002307,C00340,2023-04-02,2023-04,Q2,Completed,Marketplace,753.99,Austria,Regular
ORD002308,C01258,2023-10-30,2023-10,Q4,Completed,Mobile App,269.17,Germany,VIP
ORD002309,C00463,2023-03-21,2023-03,Q1,Completed,Phone,352.81,Switzerland,VIP
ORD002310,C01618,2023-10-25,2023-10,Q4,Completed,Mobile App,252.35,Germany,VIP
ORD002311,C01022,2023-02-21,2023-02,Q1,Completed,Website,1175.29,Belgium,Regular
ORD002312,C00472,2023-01-06,2023-01,Q1,Completed,Phone,152.13,Switzerland,VIP
ORD002313,C01223,2023-02-19,2023-02,Q1,Completed,Phone,318.31,Netherlands,Regular
ORD002314,C01482,2023-12-27,2023-12,Q4,Completed,Phone,735.06,Austria,Regular
ORD002315,C00093,2023-03-15,2023-03,Q1,Completed,Website,1357.97,Austria,Regular
ORD002316,C01223,2023-10-22,2023-10,Q4,Completed,Mobile App,98.79,Netherlands,Regular
ORD002317,C01119,2023-11-10,2023-11,Q4,Completed,Mobile App,31.1,Germany,New
ORD002318,C00585,2023-04-10,2023-04,Q2,Completed,Phone,170.46,Switzerland,VIP
ORD002319,C00668,2023-03-08,2023-03,Q1,Completed,Website,807.35,Germany,VIP
ORD002320,C01959,2023-01-19,2023-01,Q1,Completed,Website,249.45,Germany,VIP
ORD002321,C00023,2023-01-09,2023-01,Q1,Completed,Phone,219.84,Germany,Regular
ORD002322,C00464,2023-08-28,2023-08,Q3,Returned,Mobile App,259.5,Germany,New
ORD002323,C01883,2023-03-27,2023-03,Q1,Completed,Marketplace,604.88,France,New
ORD002324,C00002,2023-06-13,2023-06,Q2,Completed,Phone,807.35,Netherlands,Regular
ORD002325,C00172,2023-11-15,2023-11,Q4,Completed,Website,70.54,Austria,VIP
ORD002326,C01541,2023-04-09,2023-04,Q2,Completed,Website,384.69,Germany,VIP
ORD002327,C00514,2023-12-02,2023-12,Q4,Completed,Marketplace,181.01,Germany,Regular
ORD002328,C00519,2023-02-07,2023-02,Q1,Completed,Phone,856.12,Germany,Regular
ORD002329,C01653,2023-02-04,2023-02,Q1,Completed,Mobile App,427.56,France,New
ORD002330,C00930,2023-11-18,2023-11,Q4,Completed,Mobile App,99.79,Switzerland,VIP
ORD002331,C01076,2023-04-25,2023-04,Q2,Completed,Phone,171.54,Switzerland,VIP
ORD002332,C01755,2023-12-25,2023-12,Q4,Completed,Website,159.01,France,VIP
ORD002333,C00452,2023-11-12,2023-11,Q4,Returned,Website,202.16,Belgium,Regular
ORD002334,C00438,2023-07-01,2023-07,Q3,Completed,Phone,571.33,Germany,VIP
ORD002335,C01084,2023-12-26,2023-12,Q4,Completed,Mobile App,35.62,Germany,Regular
ORD002336,C01747,2023-12-25,2023-12,Q4,Completed,Mobile App,597.33,France,VIP
ORD002337,C01742,2023-09-15,2023-09,Q3,Cancelled,Marketplace,268.48,Germany,Regular
ORD002338,C01195,2023-06-23,2023-06,Q2,Completed,Phone,469.27,France,Regular
ORD002339,C00948,2023-12-19,2023-12,Q4,Completed,Website,1725.26,Austria,VIP
ORD002340,C01813,2023-05-02,2023-05,Q2,Completed,Phone,37.85,Austria,New
ORD002341,C00368,2023-12-13,2023-12,Q4,Completed,Phone,117.44,Netherlands,Regular
ORD002342,C00162,2023-11-28,2023-11,Q4,Cancelled,Phone,621.16,Switzerland,New
ORD002343,C00219,2023-07-15,2023-07,Q3,Completed,Phone,843.12,Germany,Regular
ORD002344,C00828,2023-09-16,2023-09,Q3,Completed,Marketplace,1474.04,Switzerland,VIP
ORD002345,C01747,2023-12-20,2023-12,Q4,Completed,Phone,701.49,France,VIP
ORD002346,C01960,2023-11-02,2023-11,Q4,Completed,Mobile App,620.95,Germany,Regular
ORD002347,C01022,2023-07-27,2023-07,Q3,Completed,Mobile App,347.64,Belgium,Regular
ORD002348,C00950,2023-05-02,2023-05,Q2,Completed,Website,488.19,Germany,Regular
ORD002349,C00829,2023-05-05,2023-05,Q2,Returned,Mobile App,360.91,Germany,VIP
ORD002350,C01956,2023-09-24,2023-09,Q3,Completed,Mobile App,547.8,Switzerland,Regular
ORD002351,C01632,2023-04-26,2023-04,Q2,Completed,Phone,169.35,Germany,New
ORD002352,C00558,2023-05-05,2023-05,Q2,Completed,Website,311.9,France,Regular
ORD002353,C00719,2023-01-01,2023-01,Q1,Completed,Mobile App,94.53,France,Regular
ORD002354,C01085,2023-12-31,2023-12,Q4,Completed,Website,1120.67,France,Churned
ORD002355,C01978,2023-01-28,2023-01,Q1,Completed,Phone,74.96,Germany,VIP
ORD002356,C00966,2023-05-01,2023-05,Q2,Completed,Phone,135.5,Germany,VIP
ORD002357,C00409,2023-09-03,2023-09,Q3,Completed,Mobile App,250.69,Netherlands,Regular
ORD002358,C00763,2023-09-27,2023-09,Q3,Completed,Phone,571.33,Netherlands,New
ORD002359,C01612,2023-03-05,2023-03,Q1,Completed,Website,61.98,Germany,Churned
ORD002360,C00845,2023-01-29,2023-01,Q1,Returned,Phone,327.34,Netherlands,VIP
ORD002361,C01039,2023-01-18,2023-01,Q1,Completed,Phone,33.25,Switzerland,Regular
ORD002362,C00984,2023-12-27,2023-12,Q4,Completed,Website,372.93,Germany,VIP
ORD002363,C00996,2023-05-05,2023-05,Q2,Cancelled,Mobile App,93.83,Germany,Regular
ORD002364,C01107,2023-10-19,2023-10,Q4,Completed,Website,1350.0,Belgium,VIP
ORD002365,C01481,2023-12-27,2023-12,Q4,Completed,Website,36.96,Germany,VIP
ORD002366,C01625,2023-06-18,2023-06,Q2,Completed,Phone,66.5,Austria,New
ORD002367,C01382,2023-06-30,2023-06,Q2,Completed,Phone,360.13,Germany,New
ORD002368,C01887,2023-11-18,2023-11,Q4,Completed,Marketplace,696.64,Germany,Regular
ORD002369,C01407,2023-03-05,2023-03,Q1,Completed,Phone,336.37,France,New
ORD002370,C00099,2023-10-19,2023-10,Q4,Completed,Phone,71.5,Germany,Regular
ORD002371,C00049,2023-07-19,2023-07,Q3,Completed,Phone,407.63,France,VIP
ORD002372,C00538,2023-04-23,2023-04,Q2,Completed,Marketplace,81.33,Switzerland,VIP
ORD002373,C00765,2023-06-29,2023-06,Q2,Cancelled,Website,204.35,Belgium,Regular
ORD002374,C01856,2023-04-20,2023-04,Q2,Completed,Website,141.26,Switzerland,Regular
ORD002375,C01797,2023-03-19,2023-03,Q1,Completed,Website,609.62,Germany,Churned
ORD002376,C00113,2023-07-26,2023-07,Q3,Completed,Phone,1071.29,France,Regular
ORD002377,C01277,2023-09-27,2023-09,Q3,Completed,Marketplace,90.2,Germany,Regular
ORD002378,C01624,2023-06-09,2023-06,Q2,Completed,Website,345.46,France,Regular
ORD002379,C00387,2023-04-30,2023-04,Q2,Completed,Marketplace,100.03,France,Regular
ORD002380,C01103,2023-10-08,2023-10,Q4,Completed,Marketplace,54.29,Germany,New
ORD002381,C00144,2023-10-10,2023-10,Q4,Completed,Website,1210.55,Switzerland,Regular
ORD002382,C01371,2023-01-18,2023-01,Q1,Completed,Phone,56.41,Germany,Regular
ORD002383,C01801,2023-10-03,2023-10,Q4,Completed,Phone,1967.72,Germany,Regular
ORD002384,C01626,2023-02-08,2023-02,Q1,Completed,Phone,361.19,Germany,Regular
ORD002385,C00925,2023-12-13,2023-12,Q4,Completed,Mobile App,100.09,Germany,VIP
ORD002386,C00025,2023-04-01,2023-04,Q2,Completed,Mobile App,828.11,Germany,Regular
ORD002387,C01739,2023-12-30,2023-12,Q4,Completed,Marketplace,109.82,Germany,Regular
ORD002388,C01714,2023-11-03,2023-11,Q4,Completed,Website,73.39,Germany,Regular
ORD002389,C00840,2023-06-22,2023-06,Q2,Returned,Phone,797.72,Netherlands,VIP
ORD002390,C00014,2023-01-07,2023-01,Q1,Completed,Marketplace,574.69,Germany,Regular
ORD002391,C01659,2023-02-24,2023-02,Q1,Completed,Website,730.9,Germany,New
ORD002392,C01316,2023-10-22,2023-10,Q4,Completed,Marketplace,218.95,Netherlands,New
ORD002393,C01091,2023-12-25,2023-12,Q4,Completed,Mobile App,1876.01,Germany,Regular
ORD002394,C01372,2023-05-08,2023-05,Q2,Completed,Mobile App,158.93,Germany,Regular
ORD002395,C00923,2023-11-02,2023-11,Q4,Completed,Mobile App,37.85,Austria,Regular
ORD002396,C00900,2023-10-01,2023-10,Q4,Completed,Website,346.34,Germany,New
ORD002397,C01541,2023-05-06,2023-05,Q2,Completed,Phone,1244.87,Germany,VIP
ORD002398,C01164,2023-05-24,2023-05,Q2,Completed,Mobile App,160.14,France,VIP
ORD002399,C01114,2023-12-06,2023-12,Q4,Completed,Phone,346.26,Germany,New
ORD002400,C00668,2023-11-13,2023-11,Q4,Completed,Phone,702.59,Germany,VIP
ORD002401,C00153,2023-03-17,2023-03,Q1,Completed,Mobile App,52.84,Germany,VIP
ORD002402,C00478,2023-12-13,2023-12,Q4,Completed,Marketplace,589.34,Germany,Regular
ORD002403,C01585,2023-12-28,2023-12,Q4,Completed,Website,1430.67,France,VIP
ORD002404,C01480,2023-09-17,2023-09,Q3,Completed,Mobile App,248.4,Switzerland,New
ORD002405,C01639,2023-11-26,2023-11,Q4,Completed,Mobile App,78.71,Germany,VIP
ORD002406,C01202,2023-05-21,2023-05,Q2,Completed,Website,55.79,Germany,VIP
ORD002407,C00793,2023-08-11,2023-08,Q3,Completed,Mobile App,28.85,Belgium,Churned
ORD002408,C00779,2023-10-09,2023-10,Q4,Completed,Website,433.6,Germany,Regular
ORD002409,C00680,2023-10-04,2023-10,Q4,Completed,Marketplace,200.27,Germany,VIP
ORD002410,C01898,2023-11-29,2023-11,Q4,Completed,Phone,892.16,Austria,New
ORD002411,C01287,2023-05-09,2023-05,Q2,Completed,Marketplace,2665.87,Austria,New
ORD002412,C01510,2023-12-06,2023-12,Q4,Completed,Marketplace,1463.71,France,VIP
ORD002413,C00661,2023-06-12,2023-06,Q2,Completed,Mobile App,143.69,France,VIP
ORD002414,C01898,2023-04-27,2023-04,Q2,Completed,Mobile App,137.85,Austria,New
ORD002415,C01716,2023-06-05,2023-06,Q2,Cancelled,Marketplace,8.78,Germany,Regular
ORD002416,C00585,2023-10-22,2023-10,Q4,Completed,Phone,83.9,Switzerland,VIP
ORD002417,C00187,2023-09-08,2023-09,Q3,Completed,Phone,426.83,Germany,Regular
ORD002418,C00099,2023-01-16,2023-01,Q1,Completed,Mobile App,48.86,Germany,Regular
ORD002419,C01525,2023-05-23,2023-05,Q2,Completed,Mobile App,94.8,Netherlands,VIP
ORD002420,C01504,2023-09-22,2023-09,Q3,Completed,Website,916.11,Germany,Regular
ORD002421,C00902,2023-08-27,2023-08,Q3,Returned,Marketplace,68.56,France,Regular
ORD002422,C01389,2023-10-05,2023-10,Q4,Completed,Marketplace,700.17,Belgium,New
ORD002423,C00233,2023-01-16,2023-01,Q1,Completed,Phone,1673.69,Belgium,VIP
ORD002424,C01639,2023-12-23,2023-12,Q4,Completed,Phone,269.76,Germany,VIP
ORD002425,C00537,2023-04-14,2023-04,Q2,Completed,Phone,1051.18,Germany,VIP
ORD002426,C01760,2023-04-28,2023-04,Q2,Completed,Website,772.75,Germany,New
ORD002427,C00677,2023-04-05,2023-04,Q2,Completed,Website,591.21,Switzerland,Regular
ORD002428,C00134,2023-07-17,2023-07,Q3,Completed,Website,190.17,Belgium,VIP
ORD002429,C01181,2023-11-10,2023-11,Q4,Completed,Marketplace,1097.88,Germany,Regular
ORD002430,C01145,2023-12-01,2023-12,Q4,Completed,Mobile App,304.41,Austria,New
ORD002431,C01821,2023-01-05,2023-01,Q1,Completed,Mobile App,71.56,Germany,Regular
ORD002432,C01507,2023-05-18,2023-05,Q2,Completed,Mobile App,61.98,Austria,VIP
ORD002433,C00791,2023-05-28,2023-05,Q2,Completed,Mobile App,498.06,Austria,VIP
ORD002434,C01259,2023-11-13,2023-11,Q4,Completed,Mobile App,46.15,Austria,Regular
ORD002435,C00629,2023-02-14,2023-02,Q1,Returned,Marketplace,138.59,Belgium,Regular
ORD002436,C00895,2023-12-31,2023-12,Q4,Completed,Phone,60.98,France,Regular
ORD002437,C00312,2023-03-29,2023-03,Q1,Completed,Marketplace,27.0,Belgium,VIP
ORD002438,C00382,2023-06-11,2023-06,Q2,Completed,Website,2047.65,Austria,VIP
ORD002439,C01907,2023-03-17,2023-03,Q1,Completed,Website,38.94,Belgium,New
ORD002440,C00219,2023-04-14,2023-04,Q2,Completed,Marketplace,588.05,Germany,Regular
ORD002441,C01977,2023-08-31,2023-08,Q3,Completed,Website,224.92,Germany,VIP
ORD002442,C01373,2023-12-20,2023-12,Q4,Completed,Phone,84.67,Germany,New
ORD002443,C00171,2023-09-29,2023-09,Q3,Completed,Phone,63.32,Netherlands,Regular
ORD002444,C00944,2023-11-15,2023-11,Q4,Cancelled,Mobile App,2614.54,Germany,VIP
ORD002445,C00715,2023-05-21,2023-05,Q2,Completed,Website,333.11,Austria,Regular
ORD002446,C01218,2023-02-05,2023-02,Q1,Completed,Mobile App,1724.39,Germany,Regular
ORD002447,C00568,2023-02-03,2023-02,Q1,Completed,Marketplace,33.25,Germany,New
ORD002448,C00888,2023-09-19,2023-09,Q3,Completed,Phone,464.38,Austria,Regular
ORD002449,C00238,2023-12-18,2023-12,Q4,Completed,Mobile App,221.91,France,Regular
ORD002450,C00603,2023-07-22,2023-07,Q3,Completed,Phone,471.63,Austria,VIP
ORD002451,C00638,2023-04-26,2023-04,Q2,Completed,Marketplace,328.78,Germany,Regular
ORD002452,C00344,2023-10-02,2023-10,Q4,Completed,Website,445.82,Switzerland,Regular
ORD002453,C01638,2023-09-22,2023-09,Q3,Completed,Website,28.85,Germany,Regular
ORD002454,C00102,2023-12-06,2023-12,Q4,Completed,Phone,586.38,Belgium,Regular
ORD002455,C00732,2023-07-10,2023-07,Q3,Completed,Mobile App,589.99,France,VIP
ORD002456,C00130,2023-11-14,2023-11,Q4,Completed,Website,282.54,Netherlands,Regular
ORD002457,C01523,2023-08-27,2023-08,Q3,Completed,Marketplace,387.21,Switzerland,Regular
ORD002458,C00676,2023-12-29,2023-12,Q4,Completed,Mobile App,626.62,Germany,Regular
ORD002459,C01662,2023-07-20,2023-07,Q3,Completed,Website,704.42,Netherlands,VIP
ORD002460,C00960,2023-12-14,2023-12,Q4,Completed,Mobile App,206.44,Belgium,Regular
ORD002461,C01133,2023-01-23,2023-01,Q1,Completed,Marketplace,540.0,Netherlands,VIP
ORD002462,C01264,2023-09-21,2023-09,Q3,Completed,Mobile App,3118.45,Belgium,Regular
ORD002463,C00130,2023-11-08,2023-11,Q4,Completed,Mobile App,92.6,Netherlands,Regular
ORD002464,C01182,2023-01-25,2023-01,Q1,Completed,Phone,166.02,Germany,Regular
ORD002465,C00963,2023-05-25,2023-05,Q2,Completed,Website,548.39,France,Regular
ORD002466,C01412,2023-02-21,2023-02,Q1,Completed,Phone,238.51,Germany,VIP
ORD002467,C00629,2023-04-22,2023-04,Q2,Completed,Marketplace,1316.25,Belgium,Regular
ORD002468,C01726,2023-09-18,2023-09,Q3,Completed,Mobile App,773.6,Germany,Regular
ORD002469,C00551,2023-05-19,2023-05,Q2,Completed,Marketplace,583.88,Belgium,Regular
ORD002470,C01202,2023-04-13,2023-04,Q2,Completed,Mobile App,310.78,Germany,VIP
ORD002471,C01076,2023-07-13,2023-07,Q3,Completed,Phone,72.38,Switzerland,VIP
ORD002472,C01831,2023-11-03,2023-11,Q4,Completed,Phone,870.93,Germany,Regular
ORD002473,C00732,2023-09-05,2023-09,Q3,Completed,Website,937.2,France,VIP
ORD002474,C00557,2023-02-12,2023-02,Q1,Completed,Mobile App,1655.52,Belgium,Regular
ORD002475,C01995,2023-10-23,2023-10,Q4,Cancelled,Website,34.55,Netherlands,New
ORD002476,C01515,2023-03-28,2023-03,Q1,Completed,Website,125.38,Austria,New
ORD002477,C01689,2023-03-10,2023-03,Q1,Completed,Phone,794.72,Germany,VIP
ORD002478,C01606,2023-08-01,2023-08,Q3,Returned,Phone,104.78,Netherlands,Regular
ORD002479,C01254,2023-09-28,2023-09,Q3,Completed,Marketplace,765.29,France,VIP
ORD002480,C01349,2023-03-18,2023-03,Q1,Completed,Phone,220.95,France,VIP
ORD002481,C00088,2023-02-08,2023-02,Q1,Completed,Mobile App,233.64,Austria,Regular
ORD002482,C00754,2023-11-17,2023-11,Q4,Completed,Phone,979.45,Germany,Regular
ORD002483,C01418,2023-10-18,2023-10,Q4,Completed,Website,229.92,Germany,Regular
ORD002484,C00522,2023-01-28,2023-01,Q1,Completed,Marketplace,219.89,Germany,VIP
ORD002485,C00915,2023-05-22,2023-05,Q2,Completed,Marketplace,1952.98,Germany,VIP
ORD002486,C01502,2023-12-27,2023-12,Q4,Completed,Mobile App,33.42,Germany,Regular
ORD002487,C01390,2023-07-11,2023-07,Q3,Completed,Mobile App,223.43,Germany,Regular
ORD002488,C00705,2023-10-28,2023-10,Q4,Completed,Marketplace,29.92,Germany,Regular
ORD002489,C00752,2023-02-24,2023-02,Q1,Completed,Website,675.0,Switzerland,New
ORD002490,C00054,2023-08-24,2023-08,Q3,Completed,Marketplace,386.53,Switzerland,VIP
ORD002491,C00500,2023-11-25,2023-11,Q4,Returned,Marketplace,775.65,France,VIP
ORD002492,C00957,2023-05-18,2023-05,Q2,Completed,Website,58.37,Belgium,Regular
ORD002493,C01541,2023-09-07,2023-09,Q3,Completed,Phone,220.02,Germany,VIP
ORD002494,C01113,2023-08-27,2023-08,Q3,Completed,Website,95.55,Austria,Regular
ORD002495,C00885,2023-02-13,2023-02,Q1,Completed,Mobile App,1205.99,Germany,VIP
ORD002496,C01669,2023-05-18,2023-05,Q2,Completed,Phone,288.65,Germany,New
ORD002497,C01666,2023-07-05,2023-07,Q3,Completed,Marketplace,12.17,Germany,New
ORD002498,C01090,2023-10-20,2023-10,Q4,Completed,Marketplace,217.25,Germany,Regular
ORD002499,C01190,2023-11-03,2023-11,Q4,Completed,Phone,363.42,France,New
ORD002500,C01345,2023-11-18,2023-11,Q4,Completed,Phone,536.65,Netherlands,VIP
ORD002501,C01353,2023-12-22,2023-12,Q4,Completed,Mobile App,1528.9,Austria,Churned
ORD002502,C01935,2023-09-16,2023-09,Q3,Completed,Website,120.07,Germany,Regular
ORD002503,C01118,2023-12-13,2023-12,Q4,Completed,Website,242.56,Germany,VIP
ORD002504,C01356,2023-03-09,2023-03,Q1,Completed,Phone,20.66,Austria,Regular
ORD002505,C01111,2023-11-04,2023-11,Q4,Completed,Website,53.76,Germany,VIP
ORD002506,C01372,2023-02-19,2023-02,Q1,Completed,Phone,817.84,Germany,Regular
ORD002507,C00350,2023-12-14,2023-12,Q4,Completed,Website,85.44,Germany,New
ORD002508,C01359,2023-01-25,2023-01,Q1,Completed,Mobile App,25.19,Belgium,Regular
ORD002509,C01385,2023-02-10,2023-02,Q1,Completed,Mobile App,234.88,Germany,Regular
ORD002510,C00572,2023-08-27,2023-08,Q3,Returned,Website,47.56,France,Regular
ORD002511,C00483,2023-06-14,2023-06,Q2,Completed,Phone,827.94,Germany,New
ORD002512,C00443,2023-10-25,2023-10,Q4,Completed,Marketplace,170.63,Belgium,VIP
ORD002513,C00749,2023-11-07,2023-11,Q4,Completed,Mobile App,705.65,Germany,Regular
ORD002514,C01856,2023-09-27,2023-09,Q3,Completed,Website,732.86,Switzerland,Regular
ORD002515,C01187,2023-10-27,2023-10,Q4,Completed,Marketplace,53.76,Germany,VIP
ORD002516,C01720,2023-04-01,2023-04,Q2,Completed,Marketplace,2691.41,Germany,Regular
ORD002517,C00589,2023-06-28,2023-06,Q2,Completed,Marketplace,16.05,Germany,VIP
ORD002518,C00066,2023-12-17,2023-12,Q4,Completed,Marketplace,287.48,Belgium,Regular
ORD002519,C01771,2023-10-09,2023-10,Q4,Completed,Phone,122.52,Germany,VIP
ORD002520,C01372,2023-09-04,2023-09,Q3,Completed,Phone,456.26,Germany,Regular
ORD002521,C01960,2023-09-03,2023-09,Q3,Completed,Marketplace,1568.54,Germany,Regular
ORD002522,C00065,2023-12-09,2023-12,Q4,Completed,Marketplace,1328.46,Austria,VIP
ORD002523,C00537,2023-11-27,2023-11,Q4,Completed,Marketplace,886.6,Germany,VIP
ORD002524,C01507,2023-03-15,2023-03,Q1,Completed,Mobile App,128.54,Austria,VIP
ORD002525,C00582,2023-11-23,2023-11,Q4,Completed,Phone,264.7,Austria,Regular
ORD002526,C00899,2023-04-12,2023-04,Q2,Completed,Mobile App,422.43,Belgium,Regular
ORD002527,C01336,2023-12-21,2023-12,Q4,Completed,Phone,1053.1,Germany,VIP
ORD002528,C01111,2023-08-20,2023-08,Q3,Completed,Marketplace,537.26,Germany,VIP
ORD002529,C01717,2023-05-04,2023-05,Q2,Completed,Website,202.4,Belgium,VIP
ORD002530,C00691,2023-06-27,2023-06,Q2,Completed,Marketplace,93.79,Germany,VIP
ORD002531,C00803,2023-08-20,2023-08,Q3,Completed,Marketplace,47.49,Austria,VIP
ORD002532,C01573,2023-09-08,2023-09,Q3,Completed,Phone,228.74,Switzerland,VIP
ORD002533,C01139,2023-10-29,2023-10,Q4,Completed,Marketplace,74.96,Germany,VIP
ORD002534,C01297,2023-08-11,2023-08,Q3,Completed,Marketplace,135.96,Austria,New
ORD002535,C01458,2023-06-19,2023-06,Q2,Completed,Website,247.54,Belgium,New
ORD002536,C01906,2023-08-12,2023-08,Q3,Completed,Mobile App,512.61,Germany,Regular
ORD002537,C00897,2023-05-16,2023-05,Q2,Completed,Marketplace,38.91,France,Regular
ORD002538,C00894,2023-12-04,2023-12,Q4,Completed,Phone,131.5,Belgium,Regular
ORD002539,C00243,2023-11-20,2023-11,Q4,Returned,Phone,112.45,Germany,Regular
ORD002540,C01846,2023-05-11,2023-05,Q2,Completed,Marketplace,179.96,Belgium,Regular
ORD002541,C01133,2023-08-25,2023-08,Q3,Completed,Mobile App,518.6,Netherlands,VIP
ORD002542,C00796,2023-11-28,2023-11,Q4,Completed,Website,352.21,Netherlands,Regular
ORD002543,C00186,2023-03-30,2023-03,Q1,Completed,Mobile App,177.14,Germany,VIP
ORD002544,C01879,2023-04-10,2023-04,Q2,Completed,Mobile App,338.06,Germany,Regular
ORD002545,C01536,2023-08-11,2023-08,Q3,Completed,Marketplace,1301.68,Germany,VIP
ORD002546,C01729,2023-01-30,2023-01,Q1,Completed,Phone,372.05,Austria,New
ORD002547,C01666,2023-11-28,2023-11,Q4,Completed,Phone,2573.09,Germany,New
ORD002548,C00586,2023-12-29,2023-12,Q4,Completed,Marketplace,637.78,Austria,Regular
ORD002549,C00637,2023-01-29,2023-01,Q1,Completed,Marketplace,317.85,Germany,Regular
ORD002550,C01786,2023-01-31,2023-01,Q1,Cancelled,Mobile App,61.99,Netherlands,VIP
ORD002551,C00394,2023-07-30,2023-07,Q3,Completed,Phone,1349.29,Austria,Regular
ORD002552,C01806,2023-10-21,2023-10,Q4,Completed,Mobile App,61.11,Netherlands,VIP
ORD002553,C00895,2023-03-15,2023-03,Q1,Completed,Phone,898.82,France,Regular
ORD002554,C00743,2023-01-20,2023-01,Q1,Completed,Marketplace,115.05,Germany,VIP
ORD002555,C00399,2023-04-04,2023-04,Q2,Completed,Marketplace,472.74,Germany,New
ORD002556,C01833,2023-11-16,2023-11,Q4,Completed,Mobile App,112.17,Switzerland,VIP
ORD002557,C01320,2023-03-06,2023-03,Q1,Completed,Mobile App,863.92,Belgium,VIP
ORD002558,C00620,2023-02-27,2023-02,Q1,Completed,Mobile App,981.1,Belgium,VIP
ORD002559,C01331,2023-11-15,2023-11,Q4,Completed,Website,295.05,France,Churned
ORD002560,C00572,2023-11-03,2023-11,Q4,Completed,Phone,220.95,France,Regular
ORD002561,C01999,2023-10-12,2023-10,Q4,Completed,Website,337.42,Switzerland,VIP
ORD002562,C01886,2023-12-08,2023-12,Q4,Completed,Phone,269.76,France,Regular
ORD002563,C00669,2023-11-03,2023-11,Q4,Completed,Marketplace,264.73,Germany,VIP
ORD002564,C01316,2023-06-19,2023-06,Q2,Completed,Website,116.16,Netherlands,New
ORD002565,C01041,2023-08-16,2023-08,Q3,Completed,Website,222.07,Germany,VIP
ORD002566,C00459,2023-11-09,2023-11,Q4,Completed,Mobile App,537.87,Austria,VIP
ORD002567,C01128,2023-11-24,2023-11,Q4,Completed,Phone,414.91,Germany,Regular
ORD002568,C01937,2023-12-25,2023-12,Q4,Completed,Website,2559.57,Switzerland,New
ORD002569,C01746,2023-06-26,2023-06,Q2,Completed,Marketplace,660.56,Germany,New
ORD002570,C01356,2023-12-31,2023-12,Q4,Completed,Website,106.27,Austria,Regular
ORD002571,C01062,2023-02-04,2023-02,Q1,Completed,Mobile App,263.8,Germany,Regular
ORD002572,C00317,2023-05-06,2023-05,Q2,Completed,Mobile App,150.13,Austria,Regular
ORD002573,C00311,2023-10-06,2023-10,Q4,Completed,Marketplace,766.98,Belgium,VIP
ORD002574,C01814,2023-10-06,2023-10,Q4,Completed,Website,203.95,Netherlands,New
ORD002575,C01486,2023-05-11,2023-05,Q2,Cancelled,Phone,68.83,Belgium,New
ORD002576,C01988,2023-06-11,2023-06,Q2,Completed,Mobile App,846.64,Austria,Regular
ORD002577,C01957,2023-07-06,2023-07,Q3,Completed,Marketplace,1073.06,Belgium,Regular
ORD002578,C00403,2023-08-03,2023-08,Q3,Completed,Website,272.98,Germany,Regular
ORD002579,C01037,2023-05-27,2023-05,Q2,Returned,Website,569.42,Switzerland,Regular
ORD002580,C01202,2023-06-24,2023-06,Q2,Completed,Marketplace,21.84,Germany,VIP
ORD002581,C00977,2023-04-26,2023-04,Q2,Completed,Website,166.7,Switzerland,Regular
ORD002582,C01478,2023-03-23,2023-03,Q1,Completed,Marketplace,1019.55,Germany,Regular
ORD002583,C00600,2023-09-24,2023-09,Q3,Completed,Marketplace,124.94,Germany,New
ORD002584,C01174,2023-07-08,2023-07,Q3,Completed,Website,621.62,France,Regular
ORD002585,C01671,2023-04-14,2023-04,Q2,Completed,Website,152.63,France,Regular
ORD002586,C00651,2023-11-01,2023-11,Q4,Completed,Marketplace,773.9,Switzerland,Regular
ORD002587,C00970,2023-12-20,2023-12,Q4,Completed,Marketplace,107.26,Germany,Regular
ORD002588,C01513,2023-06-30,2023-06,Q2,Returned,Website,55.22,Germany,VIP
ORD002589,C00403,2023-01-21,2023-01,Q1,Returned,Phone,434.22,Germany,Regular
ORD002590,C00265,2023-01-26,2023-01,Q1,Completed,Mobile App,219.64,Germany,Regular
ORD002591,C01955,2023-05-17,2023-05,Q2,Completed,Marketplace,40.46,Belgium,Regular
ORD002592,C01927,2023-09-04,2023-09,Q3,Completed,Marketplace,65.13,Austria,VIP
ORD002593,C00534,2023-12-10,2023-12,Q4,Completed,Marketplace,36.19,France,VIP
ORD002594,C01194,2023-05-26,2023-05,Q2,Completed,Mobile App,207.05,Germany,Regular
ORD002595,C00301,2023-03-25,2023-03,Q1,Completed,Phone,222.66,Austria,New
ORD002596,C00691,2023-02-18,2023-02,Q1,Completed,Mobile App,263.8,Germany,VIP
ORD002597,C00448,2023-10-13,2023-10,Q4,Completed,Phone,99.95,Germany,New
ORD002598,C01757,2023-02-07,2023-02,Q1,Completed,Phone,68.54,Switzerland,Regular
ORD002599,C01844,2023-04-06,2023-04,Q2,Completed,Phone,1018.54,Belgium,Regular
ORD002600,C01041,2023-10-04,2023-10,Q4,Cancelled,Phone,313.92,Germany,VIP
ORD002601,C00381,2023-02-28,2023-02,Q1,Completed,Marketplace,523.72,France,VIP
ORD002602,C01425,2023-07-17,2023-07,Q3,Completed,Marketplace,58.05,Switzerland,VIP
ORD002603,C01960,2023-10-16,2023-10,Q4,Completed,Mobile App,20.23,Germany,Regular
ORD002604,C00606,2023-01-21,2023-01,Q1,Completed,Phone,547.8,France,New
ORD002605,C00776,2023-01-11,2023-01,Q1,Cancelled,Marketplace,296.45,Germany,Regular
ORD002606,C00683,2023-01-23,2023-01,Q1,Completed,Phone,236.37,Netherlands,Regular
ORD002607,C00515,2023-09-03,2023-09,Q3,Completed,Marketplace,198.86,Germany,Regular
ORD002608,C00013,2023-01-22,2023-01,Q1,Completed,Phone,106.8,Germany,Regular
ORD002609,C01696,2023-03-05,2023-03,Q1,Completed,Website,768.55,Germany,Regular
ORD002610,C01556,2023-03-15,2023-03,Q1,Completed,Phone,30.16,France,Regular
ORD002611,C00727,2023-03-08,2023-03,Q1,Completed,Mobile App,203.98,Germany,Regular
ORD002612,C01254,2023-03-13,2023-03,Q1,Completed,Phone,851.04,France,VIP
ORD002613,C00396,2023-05-17,2023-05,Q2,Completed,Phone,350.74,France,Regular
ORD002614,C01734,2023-01-21,2023-01,Q1,Completed,Phone,1928.98,France,VIP
ORD002615,C00556,2023-09-04,2023-09,Q3,Completed,Website,334.77,France,Regular
ORD002616,C01468,2023-02-11,2023-02,Q1,Completed,Website,1639.2,Germany,Regular
ORD002617,C01396,2023-10-17,2023-10,Q4,Completed,Mobile App,578.4,France,New
ORD002618,C00985,2023-11-27,2023-11,Q4,Completed,Website,227.28,Austria,Regular
ORD002619,C01226,2023-05-12,2023-05,Q2,Completed,Marketplace,27.71,Switzerland,Regular
ORD002620,C00388,2023-04-09,2023-04,Q2,Completed,Phone,30.16,Netherlands,New
ORD002621,C01296,2023-04-21,2023-04,Q2,Completed,Phone,621.28,France,VIP
ORD002622,C01784,2023-11-03,2023-11,Q4,Cancelled,Marketplace,25.19,Netherlands,Regular
ORD002623,C01223,2023-04-28,2023-04,Q2,Completed,Marketplace,342.92,Netherlands,Regular
ORD002624,C00898,2023-05-02,2023-05,Q2,Completed,Website,409.01,Netherlands,Regular
ORD002625,C00063,2023-05-25,2023-05,Q2,Returned,Phone,179.47,Switzerland,VIP
ORD002626,C01560,2023-10-29,2023-10,Q4,Completed,Marketplace,560.12,Belgium,VIP
ORD002627,C00448,2023-11-20,2023-11,Q4,Completed,Marketplace,101.72,Germany,New
ORD002628,C00776,2023-03-10,2023-03,Q1,Completed,Mobile App,62.66,Germany,Regular
ORD002629,C00675,2023-08-18,2023-08,Q3,Completed,Mobile App,78.76,Netherlands,Regular
ORD002630,C00075,2023-08-22,2023-08,Q3,Completed,Phone,458.24,Netherlands,Regular
ORD002631,C00691,2023-12-01,2023-12,Q4,Completed,Website,686.25,Germany,VIP
ORD002632,C01000,2023-10-29,2023-10,Q4,Completed,Phone,443.14,Netherlands,New
ORD002633,C01038,2023-03-11,2023-03,Q1,Completed,Mobile App,504.79,Germany,VIP
ORD002634,C00198,2023-11-13,2023-11,Q4,Completed,Phone,53.73,Switzerland,Regular
ORD002635,C01457,2023-05-12,2023-05,Q2,Completed,Mobile App,740.46,Germany,VIP
ORD002636,C01530,2023-02-08,2023-02,Q1,Completed,Mobile App,495.08,Netherlands,VIP
ORD002637,C00936,2023-08-13,2023-08,Q3,Completed,Website,262.11,Switzerland,VIP
ORD002638,C01118,2023-01-19,2023-01,Q1,Completed,Mobile App,212.86,Germany,VIP
ORD002639,C01273,2023-01-04,2023-01,Q1,Completed,Mobile App,378.75,Belgium,New
ORD002640,C00373,2023-10-28,2023-10,Q4,Completed,Website,277.88,Germany,New
ORD002641,C01046,2023-11-15,2023-11,Q4,Completed,Marketplace,481.84,Austria,New
ORD002642,C01080,2023-08-23,2023-08,Q3,Completed,Mobile App,565.55,Belgium,VIP
ORD002643,C01954,2023-06-18,2023-06,Q2,Completed,Marketplace,47.82,Netherlands,Regular
ORD002644,C00466,2023-10-08,2023-10,Q4,Completed,Website,934.58,Germany,Regular
ORD002645,C01304,2023-04-02,2023-04,Q2,Completed,Website,163.49,Austria,Churned
ORD002646,C01139,2023-08-31,2023-08,Q3,Completed,Mobile App,754.57,Germany,VIP
ORD002647,C01712,2023-12-31,2023-12,Q4,Completed,Marketplace,38.52,Germany,New
ORD002648,C01943,2023-01-01,2023-01,Q1,Completed,Mobile App,236.37,Austria,Regular
ORD002649,C00065,2023-06-20,2023-06,Q2,Completed,Website,245.79,Austria,VIP
ORD002650,C01662,2023-08-28,2023-08,Q3,Completed,Phone,941.14,Netherlands,VIP
ORD002651,C00757,2023-03-14,2023-03,Q1,Completed,Website,352.23,Germany,Regular
ORD002652,C01406,2023-07-21,2023-07,Q3,Completed,Marketplace,1533.96,Belgium,VIP
ORD002653,C01486,2023-04-04,2023-04,Q2,Completed,Phone,1406.61,Belgium,New
ORD002654,C00233,2023-12-05,2023-12,Q4,Completed,Marketplace,160.58,Belgium,VIP
ORD002655,C00427,2023-09-08,2023-09,Q3,Completed,Mobile App,667.35,Belgium,Regular
ORD002656,C00929,2023-01-13,2023-01,Q1,Completed,Phone,169.03,Austria,Regular
ORD002657,C01446,2023-10-31,2023-10,Q4,Completed,Mobile App,1362.6,Netherlands,Regular
ORD002658,C00147,2023-02-01,2023-02,Q1,Completed,Mobile App,1046.84,Netherlands,VIP
ORD002659,C01531,2023-01-31,2023-01,Q1,Cancelled,Mobile App,58.39,France,New
ORD002660,C01690,2023-08-14,2023-08,Q3,Completed,Website,757.7,France,Regular
ORD002661,C01297,2023-01-10,2023-01,Q1,Completed,Phone,359.9,Austria,New
ORD002662,C00820,2023-04-01,2023-04,Q2,Completed,Mobile App,1425.16,Germany,New
ORD002663,C00882,2023-11-17,2023-11,Q4,Completed,Website,1552.04,Switzerland,New
ORD002664,C01406,2023-04-26,2023-04,Q2,Completed,Marketplace,20.23,Belgium,VIP
ORD002665,C01367,2023-10-11,2023-10,Q4,Completed,Website,60.83,Austria,Regular
ORD002666,C01523,2023-12-20,2023-12,Q4,Completed,Mobile App,236.52,Switzerland,Regular
ORD002667,C00298,2023-11-19,2023-11,Q4,Completed,Marketplace,132.06,Germany,Regular
ORD002668,C01230,2023-06-29,2023-06,Q2,Completed,Phone,480.3,Switzerland,New
ORD002669,C00999,2023-05-19,2023-05,Q2,Completed,Mobile App,90.37,Germany,VIP
ORD002670,C00832,2023-04-02,2023-04,Q2,Completed,Phone,313.58,Switzerland,Regular
ORD002671,C01398,2023-12-18,2023-12,Q4,Completed,Website,76.67,Netherlands,VIP
ORD002672,C01176,2023-08-28,2023-08,Q3,Completed,Marketplace,127.83,Belgium,Regular
ORD002673,C00983,2023-10-02,2023-10,Q4,Completed,Phone,114.83,Belgium,New
ORD002674,C00120,2023-05-22,2023-05,Q2,Completed,Mobile App,89.13,Germany,Regular
ORD002675,C01996,2023-08-08,2023-08,Q3,Completed,Mobile App,32.06,Switzerland,VIP
ORD002676,C00120,2023-11-23,2023-11,Q4,Completed,Phone,113.53,Germany,Regular
ORD002677,C00566,2023-10-01,2023-10,Q4,Completed,Phone,430.48,Austria,Regular
ORD002678,C01333,2023-10-29,2023-10,Q4,Completed,Phone,2091.56,Germany,Regular
ORD002679,C00839,2023-03-18,2023-03,Q1,Completed,Phone,781.45,Germany,Regular
ORD002680,C01474,2023-01-31,2023-01,Q1,Completed,Marketplace,75.08,Germany,VIP
ORD002681,C01211,2023-12-21,2023-12,Q4,Completed,Marketplace,675.0,Germany,Regular
ORD002682,C01182,2023-12-20,2023-12,Q4,Completed,Mobile App,358.94,Germany,Regular
ORD002683,C01872,2023-08-22,2023-08,Q3,Returned,Phone,601.4,Belgium,Regular
ORD002684,C01339,2023-10-12,2023-10,Q4,Completed,Marketplace,67.75,Germany,Regular
ORD002685,C00598,2023-11-09,2023-11,Q4,Completed,Website,499.24,Germany,Regular
ORD002686,C00350,2023-06-22,2023-06,Q2,Completed,Marketplace,282.73,Germany,New
ORD002687,C00755,2023-07-20,2023-07,Q3,Completed,Phone,69.1,Austria,Regular
ORD002688,C00450,2023-02-24,2023-02,Q1,Completed,Mobile App,3427.49,Belgium,Regular
ORD002689,C00138,2023-01-28,2023-01,Q1,Completed,Marketplace,1564.57,Netherlands,Regular
ORD002690,C00844,2023-02-14,2023-02,Q1,Completed,Phone,370.75,Switzerland,VIP
ORD002691,C01866,2023-06-12,2023-06,Q2,Completed,Phone,74.96,Germany,New
ORD002692,C01186,2023-12-12,2023-12,Q4,Completed,Mobile App,749.7,France,Regular
ORD002693,C01986,2023-04-08,2023-04,Q2,Completed,Phone,444.45,Germany,Regular
ORD002694,C00326,2023-03-05,2023-03,Q1,Completed,Mobile App,781.45,Belgium,Regular
ORD002695,C00636,2023-06-22,2023-06,Q2,Completed,Mobile App,882.52,Netherlands,Regular
ORD002696,C01239,2023-08-31,2023-08,Q3,Returned,Website,272.82,Belgium,VIP
ORD002697,C00957,2023-12-09,2023-12,Q4,Completed,Website,56.59,Belgium,Regular
ORD002698,C01835,2023-03-21,2023-03,Q1,Completed,Mobile App,684.71,Switzerland,New
ORD002699,C00391,2023-06-10,2023-06,Q2,Completed,Marketplace,203.24,Netherlands,Regular
ORD002700,C00130,2023-04-24,2023-04,Q2,Completed,Marketplace,174.45,Netherlands,Regular
ORD002701,C01806,2023-03-22,2023-03,Q1,Completed,Mobile App,129.16,Netherlands,VIP
ORD002702,C00598,2023-04-08,2023-04,Q2,Completed,Mobile App,208.76,Germany,Regular
ORD002703,C01386,2023-02-15,2023-02,Q1,Completed,Phone,518.36,Germany,Regular
ORD002704,C00454,2023-06-29,2023-06,Q2,Cancelled,Website,1562.9,Germany,New
ORD002705,C01473,2023-03-26,2023-03,Q1,Completed,Mobile App,1043.13,Germany,Regular
ORD002706,C00185,2023-01-26,2023-01,Q1,Completed,Marketplace,64.88,France,Regular
ORD002707,C00234,2023-11-06,2023-11,Q4,Completed,Marketplace,22.67,Germany,New
ORD002708,C01943,2023-11-25,2023-11,Q4,Completed,Mobile App,123.95,Austria,Regular
ORD002709,C00522,2023-07-20,2023-07,Q3,Completed,Mobile App,304.96,Germany,VIP
ORD002710,C01276,2023-02-01,2023-02,Q1,Completed,Mobile App,16.19,Belgium,Regular
ORD002711,C01296,2023-12-04,2023-12,Q4,Completed,Mobile App,1138.37,France,VIP
ORD002712,C01246,2023-05-02,2023-05,Q2,Completed,Phone,117.44,Germany,Regular
ORD002713,C00054,2023-05-10,2023-05,Q2,Returned,Phone,810.74,Switzerland,VIP
ORD002714,C01425,2023-04-20,2023-04,Q2,Completed,Marketplace,782.36,Switzerland,VIP
ORD002715,C01399,2023-04-20,2023-04,Q2,Completed,Website,107.74,Netherlands,VIP
ORD002716,C00452,2023-04-05,2023-04,Q2,Completed,Website,211.17,Belgium,Regular
ORD002717,C01405,2023-06-02,2023-06,Q2,Completed,Phone,1376.87,France,Regular
ORD002718,C01386,2023-11-11,2023-11,Q4,Returned,Website,209.9,Germany,Regular
ORD002719,C01903,2023-05-20,2023-05,Q2,Completed,Marketplace,1088.2,Germany,New
ORD002720,C00718,2023-12-14,2023-12,Q4,Returned,Mobile App,154.39,Germany,Regular
ORD002721,C01107,2023-12-10,2023-12,Q4,Completed,Marketplace,111.99,Belgium,VIP
ORD002722,C00599,2023-02-20,2023-02,Q1,Completed,Mobile App,468.75,France,Regular
ORD002723,C01181,2023-10-08,2023-10,Q4,Cancelled,Marketplace,167.29,Germany,Regular
ORD002724,C01338,2023-12-15,2023-12,Q4,Completed,Marketplace,739.67,Germany,Regular
ORD002725,C01215,2023-02-21,2023-02,Q1,Completed,Website,169.87,Germany,VIP
ORD002726,C01979,2023-11-28,2023-11,Q4,Completed,Phone,886.15,Germany,Regular
ORD002727,C00039,2023-04-25,2023-04,Q2,Completed,Phone,227.51,Switzerland,Regular
ORD002728,C01233,2023-03-26,2023-03,Q1,Completed,Mobile App,716.62,Switzerland,Regular
ORD002729,C01736,2023-11-28,2023-11,Q4,Completed,Phone,766.98,Germany,Churned
ORD002730,C01653,2023-05-19,2023-05,Q2,Completed,Website,47.56,France,New
ORD002731,C00255,2023-10-21,2023-10,Q4,Completed,Marketplace,97.29,Switzerland,New
ORD002732,C00294,2023-11-20,2023-11,Q4,Completed,Marketplace,1127.02,Belgium,Regular
ORD002733,C01853,2023-09-25,2023-09,Q3,Completed,Phone,259.18,Germany,Regular
ORD002734,C00567,2023-02-12,2023-02,Q1,Completed,Mobile App,101.99,Belgium,VIP
ORD002735,C00086,2023-02-11,2023-02,Q1,Completed,Phone,984.29,Netherlands,New
ORD002736,C00560,2023-03-10,2023-03,Q1,Completed,Phone,430.59,France,Regular
ORD002737,C01554,2023-08-10,2023-08,Q3,Completed,Phone,670.25,Belgium,New
ORD002738,C00240,2023-09-25,2023-09,Q3,Completed,Mobile App,31.66,Austria,New
ORD002739,C01698,2023-02-14,2023-02,Q1,Completed,Mobile App,237.85,Germany,Regular
ORD002740,C00547,2023-12-28,2023-12,Q4,Completed,Marketplace,697.25,Belgium,Regular
ORD002741,C01585,2023-05-02,2023-05,Q2,Completed,Phone,77.48,France,VIP
ORD002742,C01425,2023-07-01,2023-07,Q3,Completed,Mobile App,601.4,Switzerland,VIP
ORD002743,C00785,2023-06-25,2023-06,Q2,Completed,Marketplace,58.74,Switzerland,VIP
ORD002744,C01779,2023-10-30,2023-10,Q4,Completed,Phone,109.82,Belgium,VIP
ORD002745,C00886,2023-12-03,2023-12,Q4,Completed,Mobile App,183.58,Switzerland,Regular
ORD002746,C01639,2023-12-01,2023-12,Q4,Completed,Mobile App,604.26,Germany,VIP
ORD002747,C01336,2023-10-30,2023-10,Q4,Returned,Website,1036.18,Germany,VIP
ORD002748,C00416,2023-12-10,2023-12,Q4,Completed,Phone,77.25,Germany,New
ORD002749,C00083,2023-10-20,2023-10,Q4,Completed,Phone,64.58,Germany,Regular
ORD002750,C00109,2023-09-01,2023-09,Q3,Completed,Mobile App,828.32,Austria,VIP
ORD002751,C00061,2023-07-17,2023-07,Q3,Returned,Marketplace,504.79,Switzerland,Regular
ORD002752,C01688,2023-11-12,2023-11,Q4,Completed,Website,1412.5,Germany,VIP
ORD002753,C00612,2023-03-31,2023-03,Q1,Completed,Marketplace,783.44,France,Regular
ORD002754,C00384,2023-01-29,2023-01,Q1,Completed,Mobile App,965.93,Switzerland,New
ORD002755,C00336,2023-06-18,2023-06,Q2,Completed,Mobile App,111.14,Netherlands,VIP
ORD002756,C00286,2023-04-21,2023-04,Q2,Completed,Marketplace,114.16,Belgium,Regular
ORD002757,C01782,2023-12-10,2023-12,Q4,Completed,Website,36.9,France,Regular
ORD002758,C00320,2023-01-13,2023-01,Q1,Completed,Mobile App,1119.07,Germany,Regular
ORD002759,C01160,2023-08-12,2023-08,Q3,Completed,Mobile App,506.9,Austria,VIP
ORD002760,C01740,2023-09-16,2023-09,Q3,Completed,Website,288.15,France,New
ORD002761,C00472,2023-06-28,2023-06,Q2,Completed,Phone,855.68,Switzerland,VIP
ORD002762,C01570,2023-04-18,2023-04,Q2,Completed,Phone,263.73,Switzerland,Regular
ORD002763,C01012,2023-12-07,2023-12,Q4,Completed,Mobile App,236.41,Germany,Regular
ORD002764,C01283,2023-03-20,2023-03,Q1,Completed,Website,162.72,France,VIP
ORD002765,C01717,2023-08-14,2023-08,Q3,Completed,Marketplace,692.43,Belgium,VIP
ORD002766,C01909,2023-12-19,2023-12,Q4,Returned,Mobile App,914.22,France,Regular
ORD002767,C01999,2023-11-16,2023-11,Q4,Completed,Phone,435.11,Switzerland,VIP
ORD002768,C00304,2023-07-08,2023-07,Q3,Completed,Phone,66.5,Germany,Churned
ORD002769,C01731,2023-05-22,2023-05,Q2,Completed,Phone,996.87,Netherlands,VIP
ORD002770,C00704,2023-01-31,2023-01,Q1,Completed,Mobile App,239.32,Germany,Regular
ORD002771,C01766,2023-09-19,2023-09,Q3,Completed,Mobile App,901.75,Belgium,Regular
ORD002772,C01377,2023-06-29,2023-06,Q2,Completed,Marketplace,214.53,Germany,VIP
ORD002773,C01101,2023-06-11,2023-06,Q2,Completed,Mobile App,524.91,Switzerland,New
ORD002774,C01344,2023-10-31,2023-10,Q4,Completed,Mobile App,193.62,France,New
ORD002775,C01279,2023-07-21,2023-07,Q3,Completed,Phone,58.37,Switzerland,Regular
ORD002776,C00976,2023-03-14,2023-03,Q1,Completed,Phone,363.63,Austria,Regular
ORD002777,C01247,2023-08-28,2023-08,Q3,Cancelled,Marketplace,2518.61,Germany,VIP
ORD002778,C01139,2023-10-01,2023-10,Q4,Completed,Website,971.15,Germany,VIP
ORD002779,C01942,2023-08-10,2023-08,Q3,Completed,Phone,124.94,Switzerland,VIP
ORD002780,C01415,2023-05-28,2023-05,Q2,Completed,Mobile App,83.9,Germany,Churned
ORD002781,C00930,2023-09-02,2023-09,Q3,Completed,Website,100.09,Switzerland,VIP
ORD002782,C00681,2023-03-23,2023-03,Q1,Completed,Mobile App,1119.78,Germany,VIP
ORD002783,C00021,2023-11-30,2023-11,Q4,Completed,Phone,621.16,Austria,Regular
ORD002784,C00371,2023-10-09,2023-10,Q4,Completed,Marketplace,797.08,Germany,Regular
ORD002785,C00708,2023-03-31,2023-03,Q1,Completed,Marketplace,154.5,Germany,VIP
ORD002786,C01693,2023-08-08,2023-08,Q3,Completed,Phone,120.53,Austria,Regular
ORD002787,C01813,2023-05-06,2023-05,Q2,Returned,Website,338.21,Austria,New
ORD002788,C00488,2023-12-27,2023-12,Q4,Completed,Phone,334.48,Belgium,VIP
ORD002789,C00485,2023-10-03,2023-10,Q4,Completed,Website,58.37,Netherlands,New
ORD002790,C00101,2023-01-03,2023-01,Q1,Completed,Website,736.73,France,Regular
ORD002791,C01377,2023-03-27,2023-03,Q1,Completed,Marketplace,726.62,Germany,VIP
ORD002792,C00597,2023-08-26,2023-08,Q3,Completed,Website,113.53,Germany,New
ORD002793,C01329,2023-10-02,2023-10,Q4,Completed,Website,332.04,France,VIP
ORD002794,C01296,2023-11-12,2023-11,Q4,Completed,Website,396.51,France,VIP
ORD002795,C01244,2023-07-22,2023-07,Q3,Completed,Phone,446.59,Switzerland,VIP
ORD002796,C00171,2023-01-30,2023-01,Q1,Completed,Website,939.39,Netherlands,Regular
ORD002797,C00620,2023-07-21,2023-07,Q3,Completed,Website,113.56,Belgium,VIP
ORD002798,C01877,2023-05-16,2023-05,Q2,Completed,Mobile App,749.29,Germany,Regular
ORD002799,C01219,2023-12-31,2023-12,Q4,Completed,Website,30.75,France,Regular
ORD002800,C00493,2023-11-04,2023-11,Q4,Completed,Marketplace,33.75,Germany,VIP
ORD002801,C01584,2023-11-18,2023-11,Q4,Completed,Website,324.34,Austria,Churned
ORD002802,C00767,2023-12-23,2023-12,Q4,Cancelled,Marketplace,1239.6,Germany,VIP
ORD002803,C01252,2023-03-04,2023-03,Q1,Completed,Phone,857.75,Germany,VIP
ORD002804,C00548,2023-03-10,2023-03,Q1,Completed,Website,105.68,Austria,New
ORD002805,C01842,2023-06-30,2023-06,Q2,Completed,Website,2476.35,Switzerland,Regular
ORD002806,C01755,2023-07-24,2023-07,Q3,Completed,Marketplace,123.98,France,VIP
ORD002807,C00420,2023-11-10,2023-11,Q4,Completed,Phone,60.06,Germany,Regular
ORD002808,C01666,2023-12-12,2023-12,Q4,Completed,Marketplace,365.66,Germany,New
ORD002809,C01573,2023-11-11,2023-11,Q4,Completed,Website,1055.47,Switzerland,VIP
ORD002810,C00426,2023-02-14,2023-02,Q1,Completed,Phone,614.45,Netherlands,Regular
ORD002811,C01398,2023-11-09,2023-11,Q4,Completed,Website,1044.35,Netherlands,VIP
ORD002812,C01082,2023-04-04,2023-04,Q2,Completed,Website,772.7,Belgium,Regular
ORD002813,C00567,2023-03-21,2023-03,Q1,Completed,Phone,1085.2,Belgium,VIP
ORD002814,C00326,2023-12-02,2023-12,Q4,Completed,Marketplace,1807.86,Belgium,Regular
ORD002815,C01116,2023-08-13,2023-08,Q3,Completed,Marketplace,132.06,Germany,Regular
ORD002816,C01200,2023-01-23,2023-01,Q1,Completed,Marketplace,77.74,France,Regular
ORD002817,C00452,2023-12-21,2023-12,Q4,Completed,Website,159.41,Belgium,Regular
ORD002818,C00714,2023-09-29,2023-09,Q3,Cancelled,Marketplace,562.88,Germany,Regular
ORD002819,C00119,2023-05-15,2023-05,Q2,Completed,Marketplace,766.98,Germany,Regular
ORD002820,C00790,2023-12-30,2023-12,Q4,Completed,Mobile App,78.17,Germany,Regular
ORD002821,C01143,2023-07-03,2023-07,Q3,Completed,Phone,202.42,France,New
ORD002822,C00092,2023-05-02,2023-05,Q2,Completed,Marketplace,27.83,Austria,Regular
ORD002823,C01658,2023-05-27,2023-05,Q2,Completed,Mobile App,739.31,France,New
ORD002824,C01923,2023-07-16,2023-07,Q3,Completed,Marketplace,469.12,Germany,Regular
ORD002825,C00097,2023-05-27,2023-05,Q2,Completed,Website,173.9,Germany,Regular
ORD002826,C01443,2023-06-28,2023-06,Q2,Completed,Phone,274.31,France,Regular
ORD002827,C01195,2023-04-14,2023-04,Q2,Cancelled,Phone,1286.2,France,Regular
ORD002828,C00450,2023-11-14,2023-11,Q4,Completed,Phone,386.86,Belgium,Regular
ORD002829,C01944,2023-03-05,2023-03,Q1,Completed,Marketplace,84.82,Netherlands,New
ORD002830,C01454,2023-02-05,2023-02,Q1,Completed,Marketplace,51.46,Switzerland,New
ORD002831,C01385,2023-06-11,2023-06,Q2,Completed,Mobile App,90.08,Germany,Regular
ORD002832,C00316,2023-12-12,2023-12,Q4,Completed,Mobile App,64.4,Belgium,Regular
ORD002833,C00725,2023-06-01,2023-06,Q2,Completed,Marketplace,677.76,Germany,VIP
ORD002834,C01264,2023-10-04,2023-10,Q4,Completed,Marketplace,1827.65,Belgium,Regular
ORD002835,C00502,2023-04-03,2023-04,Q2,Completed,Mobile App,1757.63,Germany,Regular
ORD002836,C01949,2023-05-12,2023-05,Q2,Completed,Mobile App,844.26,Germany,New
ORD002837,C00637,2023-12-04,2023-12,Q4,Completed,Website,862.63,Germany,Regular
ORD002838,C00123,2023-02-11,2023-02,Q1,Completed,Marketplace,1400.34,Germany,Regular
ORD002839,C01821,2023-03-31,2023-03,Q1,Completed,Marketplace,116.73,Germany,Regular
ORD002840,C00278,2023-04-02,2023-04,Q2,Completed,Mobile App,220.95,France,VIP
ORD002841,C01351,2023-05-10,2023-05,Q2,Completed,Phone,131.67,France,New
ORD002842,C00560,2023-08-29,2023-08,Q3,Completed,Marketplace,40.46,France,Regular
ORD002843,C00388,2023-03-17,2023-03,Q1,Completed,Marketplace,37.54,Netherlands,New
ORD002844,C00434,2023-07-31,2023-07,Q3,Completed,Mobile App,147.52,France,VIP
ORD002845,C01900,2023-09-03,2023-09,Q3,Completed,Website,248.29,Austria,Regular
ORD002846,C01139,2023-09-29,2023-09,Q3,Returned,Website,570.85,Germany,VIP
ORD002847,C00701,2023-02-06,2023-02,Q1,Completed,Marketplace,469.59,Belgium,VIP
ORD002848,C00342,2023-12-01,2023-12,Q4,Completed,Phone,149.06,France,New
ORD002849,C01406,2023-07-23,2023-07,Q3,Completed,Marketplace,601.4,Belgium,VIP
ORD002850,C00966,2023-02-03,2023-02,Q1,Completed,Phone,25.19,Germany,VIP
ORD002851,C01599,2023-02-01,2023-02,Q1,Completed,Website,149.83,Germany,Regular
ORD002852,C00098,2023-05-09,2023-05,Q2,Completed,Mobile App,1228.08,Germany,Regular
ORD002853,C01248,2023-12-05,2023-12,Q4,Completed,Marketplace,71.33,Germany,Regular
ORD002854,C01406,2023-11-17,2023-11,Q4,Completed,Marketplace,883.87,Belgium,VIP
ORD002855,C00249,2023-06-02,2023-06,Q2,Completed,Website,937.58,France,Regular
ORD002856,C01779,2023-11-23,2023-11,Q4,Completed,Website,99.04,Belgium,VIP
ORD002857,C00451,2023-10-20,2023-10,Q4,Completed,Marketplace,820.03,Germany,VIP
ORD002858,C00329,2023-11-01,2023-11,Q4,Cancelled,Mobile App,507.63,Switzerland,Regular
ORD002859,C01618,2023-04-04,2023-04,Q2,Completed,Marketplace,1297.57,Germany,VIP
ORD002860,C00129,2023-02-04,2023-02,Q1,Completed,Marketplace,54.89,Belgium,Regular
ORD002861,C01454,2023-12-11,2023-12,Q4,Cancelled,Mobile App,737.02,Switzerland,New
ORD002862,C01398,2023-07-26,2023-07,Q3,Completed,Mobile App,83.9,Netherlands,VIP
ORD002863,C01813,2023-11-19,2023-11,Q4,Completed,Marketplace,1941.6,Austria,New
ORD002864,C01731,2023-05-25,2023-05,Q2,Completed,Marketplace,54.29,Netherlands,VIP
ORD002865,C01064,2023-02-25,2023-02,Q1,Completed,Mobile App,982.53,Netherlands,Regular
ORD002866,C00469,2023-05-03,2023-05,Q2,Completed,Marketplace,42.27,France,New
ORD002867,C00949,2023-05-28,2023-05,Q2,Completed,Website,99.63,Germany,New
ORD002868,C00927,2023-01-31,2023-01,Q1,Completed,Marketplace,765.82,France,Regular
ORD002869,C01512,2023-12-15,2023-12,Q4,Cancelled,Website,32.91,Germany,VIP
ORD002870,C00999,2023-05-02,2023-05,Q2,Completed,Phone,354.49,Germany,VIP
ORD002871,C00833,2023-11-25,2023-11,Q4,Completed,Phone,162.2,Germany,New
ORD002872,C01031,2023-08-06,2023-08,Q3,Completed,Mobile App,1040.63,France,VIP
ORD002873,C00112,2023-04-22,2023-04,Q2,Completed,Website,100.09,France,New
ORD002874,C01163,2023-06-07,2023-06,Q2,Completed,Marketplace,462.71,Germany,Churned
ORD002875,C01670,2023-05-26,2023-05,Q2,Cancelled,Mobile App,2560.19,Germany,Regular
ORD002876,C00431,2023-12-01,2023-12,Q4,Completed,Phone,845.41,Germany,Regular
ORD002877,C00265,2023-11-14,2023-11,Q4,Completed,Marketplace,366.84,Germany,Regular
ORD002878,C00780,2023-11-07,2023-11,Q4,Completed,Mobile App,179.61,Austria,Regular
ORD002879,C00457,2023-02-12,2023-02,Q1,Completed,Phone,232.56,France,Regular
ORD002880,C01647,2023-07-23,2023-07,Q3,Completed,Marketplace,149.06,Netherlands,Regular
ORD002881,C00919,2023-11-23,2023-11,Q4,Completed,Marketplace,232.55,France,VIP
ORD002882,C00678,2023-06-15,2023-06,Q2,Completed,Website,282.77,Netherlands,New
ORD002883,C01014,2023-12-12,2023-12,Q4,Completed,Marketplace,228.24,Germany,Regular
ORD002884,C01318,2023-03-11,2023-03,Q1,Completed,Mobile App,123.48,Netherlands,Regular
ORD002885,C01562,2023-10-30,2023-10,Q4,Completed,Website,135.51,Switzerland,New
ORD002886,C00619,2023-12-27,2023-12,Q4,Completed,Phone,169.03,Austria,Regular
ORD002887,C00364,2023-01-31,2023-01,Q1,Completed,Mobile App,98.82,Netherlands,New
ORD002888,C00828,2023-10-16,2023-10,Q4,Cancelled,Mobile App,1307.51,Switzerland,VIP
ORD002889,C00025,2023-10-15,2023-10,Q4,Completed,Phone,121.44,Germany,Regular
ORD002890,C01972,2023-01-24,2023-01,Q1,Completed,Website,435.07,France,Regular
ORD002891,C00095,2023-10-25,2023-10,Q4,Completed,Phone,760.86,Netherlands,Regular
ORD002892,C00471,2023-10-08,2023-10,Q4,Completed,Website,54.29,Germany,VIP
ORD002893,C01245,2023-02-06,2023-02,Q1,Completed,Mobile App,47.49,Germany,Regular
ORD002894,C01559,2023-12-25,2023-12,Q4,Completed,Marketplace,41.2,Belgium,New
ORD002895,C01600,2023-03-11,2023-03,Q1,Completed,Marketplace,592.73,Switzerland,VIP
ORD002896,C00913,2023-06-08,2023-06,Q2,Completed,Mobile App,387.25,Austria,VIP
ORD002897,C00902,2023-02-05,2023-02,Q1,Completed,Mobile App,72.36,France,Regular
ORD002898,C00639,2023-01-13,2023-01,Q1,Completed,Marketplace,184.02,Germany,VIP
ORD002899,C01958,2023-01-23,2023-01,Q1,Completed,Marketplace,740.38,Germany,VIP
ORD002900,C01314,2023-06-03,2023-06,Q2,Returned,Website,34.68,Netherlands,Regular
ORD002901,C00273,2023-11-27,2023-11,Q4,Completed,Website,219.12,France,VIP
ORD002902,C00818,2023-07-20,2023-07,Q3,Completed,Mobile App,32.82,Switzerland,VIP
ORD002903,C00625,2023-03-28,2023-03,Q1,Cancelled,Website,686.75,France,VIP
ORD002904,C01256,2023-12-22,2023-12,Q4,Cancelled,Marketplace,146.73,Belgium,Regular
ORD002905,C01363,2023-11-07,2023-11,Q4,Completed,Website,57.78,Belgium,Regular
ORD002906,C01424,2023-03-19,2023-03,Q1,Completed,Mobile App,472.24,Germany,Regular
ORD002907,C01455,2023-12-28,2023-12,Q4,Completed,Marketplace,89.25,Germany,New
ORD002908,C01559,2023-10-23,2023-10,Q4,Completed,Marketplace,36.96,Belgium,New
ORD002909,C00505,2023-09-28,2023-09,Q3,Completed,Mobile App,1296.54,Germany,VIP
ORD002910,C01374,2023-01-03,2023-01,Q1,Cancelled,Phone,65.86,Belgium,Regular
ORD002911,C01673,2023-08-09,2023-08,Q3,Completed,Marketplace,68.83,Germany,VIP
ORD002912,C00493,2023-11-19,2023-11,Q4,Completed,Website,1234.04,Germany,VIP
ORD002913,C01437,2023-08-13,2023-08,Q3,Completed,Phone,1116.53,France,New
ORD002914,C01563,2023-04-27,2023-04,Q2,Completed,Phone,225.59,Belgium,VIP
ORD002915,C01685,2023-02-08,2023-02,Q1,Completed,Mobile App,368.55,Germany,Regular
ORD002916,C00682,2023-07-23,2023-07,Q3,Completed,Marketplace,2520.35,Germany,VIP
ORD002917,C00529,2023-11-30,2023-11,Q4,Completed,Marketplace,104.26,Germany,Regular
ORD002918,C01439,2023-10-30,2023-10,Q4,Completed,Website,781.45,Germany,New
ORD002919,C00184,2023-03-16,2023-03,Q1,Completed,Mobile App,92.6,Switzerland,VIP
ORD002920,C01422,2023-05-04,2023-05,Q2,Completed,Marketplace,315.78,Germany,Regular
ORD002921,C00903,2023-05-28,2023-05,Q2,Completed,Mobile App,33.25,Netherlands,Regular
ORD002922,C01412,2023-06-08,2023-06,Q2,Completed,Marketplace,50.93,Germany,VIP
ORD002923,C01025,2023-02-24,2023-02,Q1,Returned,Website,624.8,Switzerland,VIP
ORD002924,C01795,2023-05-23,2023-05,Q2,Completed,Marketplace,212.73,Austria,VIP
ORD002925,C00102,2023-03-17,2023-03,Q1,Completed,Mobile App,941.77,Belgium,Regular
ORD002926,C00247,2023-06-20,2023-06,Q2,Completed,Mobile App,251.49,Germany,Regular
ORD002927,C00465,2023-05-28,2023-05,Q2,Completed,Mobile App,38.94,Austria,VIP
ORD002928,C00630,2023-09-12,2023-09,Q3,Completed,Marketplace,465.15,Switzerland,VIP
ORD002929,C01954,2023-04-19,2023-04,Q2,Completed,Phone,390.43,Netherlands,Regular
ORD002930,C00866,2023-12-25,2023-12,Q4,Completed,Phone,224.25,Switzerland,New
ORD002931,C00641,2023-06-30,2023-06,Q2,Cancelled,Mobile App,1550.05,Belgium,VIP
ORD002932,C01222,2023-12-20,2023-12,Q4,Completed,Phone,731.93,Austria,Regular
ORD002933,C00606,2023-04-26,2023-04,Q2,Completed,Phone,98.82,France,New
ORD002934,C01013,2023-06-03,2023-06,Q2,Completed,Mobile App,1394.5,Belgium,Regular
ORD002935,C00754,2023-09-15,2023-09,Q3,Completed,Website,1435.0,Germany,Regular
ORD002936,C00491,2023-05-24,2023-05,Q2,Completed,Marketplace,365.65,Germany,New
ORD002937,C00585,2023-04-05,2023-04,Q2,Completed,Mobile App,1387.91,Switzerland,VIP
ORD002938,C00311,2023-05-19,2023-05,Q2,Completed,Mobile App,1725.26,Belgium,VIP
ORD002939,C00134,2023-02-22,2023-02,Q1,Returned,Mobile App,125.38,Belgium,VIP
ORD002940,C01601,2023-07-16,2023-07,Q3,Completed,Website,231.12,Austria,Regular
ORD002941,C00538,2023-03-18,2023-03,Q1,Completed,Marketplace,260.2,Switzerland,VIP
ORD002942,C00044,2023-08-27,2023-08,Q3,Cancelled,Website,2671.79,Germany,Regular
ORD002943,C00142,2023-03-13,2023-03,Q1,Completed,Phone,1002.19,Belgium,Regular
ORD002944,C01660,2023-08-20,2023-08,Q3,Completed,Mobile App,19.22,Germany,Regular
ORD002945,C01001,2023-07-11,2023-07,Q3,Completed,Marketplace,55.22,Austria,New
ORD002946,C00121,2023-07-01,2023-07,Q3,Completed,Phone,790.13,Germany,Regular
ORD002947,C01959,2023-10-29,2023-10,Q4,Completed,Mobile App,146.73,Germany,VIP
ORD002948,C00688,2023-02-27,2023-02,Q1,Completed,Marketplace,357.45,Germany,VIP
ORD002949,C00512,2023-12-03,2023-12,Q4,Completed,Phone,1677.08,Germany,Regular
ORD002950,C00012,2023-10-07,2023-10,Q4,Completed,Marketplace,43.58,Germany,Churned
ORD002951,C01978,2023-09-27,2023-09,Q3,Completed,Phone,1350.32,Germany,VIP
ORD002952,C00381,2023-05-07,2023-05,Q2,Completed,Website,1282.5,France,VIP
ORD002953,C00642,2023-06-30,2023-06,Q2,Completed,Marketplace,58.89,Switzerland,New
ORD002954,C01143,2023-06-11,2023-06,Q2,Returned,Phone,573.62,France,New
ORD002955,C00537,2023-10-08,2023-10,Q4,Completed,Mobile App,1632.0,Germany,VIP
ORD002956,C00635,2023-11-21,2023-11,Q4,Completed,Phone,262.67,Germany,Regular
ORD002957,C01332,2023-01-17,2023-01,Q1,Completed,Website,862.63,Germany,VIP
ORD002958,C01694,2023-04-25,2023-04,Q2,Completed,Website,1120.62,Germany,Regular
ORD002959,C00829,2023-11-01,2023-11,Q4,Completed,Website,826.93,Germany,VIP
ORD002960,C00179,2023-12-19,2023-12,Q4,Completed,Mobile App,788.27,Austria,New
ORD002961,C01485,2023-11-19,2023-11,Q4,Completed,Marketplace,103.15,France,New
ORD002962,C00608,2023-04-28,2023-04,Q2,Completed,Phone,326.19,France,VIP
ORD002963,C00683,2023-11-20,2023-11,Q4,Completed,Phone,75.51,Netherlands,Regular
ORD002964,C00929,2023-07-11,2023-07,Q3,Returned,Mobile App,273.9,Austria,Regular
ORD002965,C00104,2023-09-16,2023-09,Q3,Returned,Mobile App,769.37,Germany,New
ORD002966,C00095,2023-07-04,2023-07,Q3,Completed,Phone,1157.21,Netherlands,Regular
ORD002967,C00886,2023-03-24,2023-03,Q1,Completed,Website,1688.65,Switzerland,Regular
ORD002968,C00860,2023-12-24,2023-12,Q4,Completed,Website,141.09,France,Regular
ORD002969,C01928,2023-01-22,2023-01,Q1,Completed,Marketplace,57.78,Switzerland,VIP
ORD002970,C00153,2023-11-24,2023-11,Q4,Completed,Mobile App,62.69,Germany,VIP
ORD002971,C01387,2023-06-18,2023-06,Q2,Completed,Website,166.02,Netherlands,New
ORD002972,C01595,2023-08-08,2023-08,Q3,Completed,Mobile App,862.63,Belgium,Regular
ORD002973,C00327,2023-05-03,2023-05,Q2,Cancelled,Website,504.79,Belgium,VIP
ORD002974,C00708,2023-11-15,2023-11,Q4,Returned,Phone,81.18,Germany,VIP
ORD002975,C00668,2023-08-04,2023-08,Q3,Completed,Website,67.59,Germany,VIP
ORD002976,C00052,2023-08-18,2023-08,Q3,Returned,Phone,31.15,Switzerland,Regular
ORD002977,C00510,2023-06-04,2023-06,Q2,Completed,Phone,34.55,Netherlands,VIP
ORD002978,C00885,2023-09-25,2023-09,Q3,Returned,Marketplace,2947.23,Germany,VIP
ORD002979,C00944,2023-07-21,2023-07,Q3,Completed,Marketplace,649.0,Germany,VIP
ORD002980,C00661,2023-04-11,2023-04,Q2,Completed,Website,200.78,France,VIP
ORD002981,C01800,2023-03-08,2023-03,Q1,Cancelled,Phone,642.91,Germany,Regular
ORD002982,C01256,2023-12-21,2023-12,Q4,Completed,Phone,258.16,Belgium,Regular
ORD002983,C01146,2023-07-03,2023-07,Q3,Completed,Marketplace,20.66,France,Regular
ORD002984,C01329,2023-09-02,2023-09,Q3,Completed,Website,1328.46,France,VIP
ORD002985,C00095,2023-02-06,2023-02,Q1,Completed,Mobile App,366.06,Netherlands,Regular
ORD002986,C01481,2023-12-06,2023-12,Q4,Completed,Mobile App,295.05,Germany,VIP
ORD002987,C01051,2023-02-01,2023-02,Q1,Completed,Mobile App,101.99,Switzerland,New
ORD002988,C01833,2023-07-29,2023-07,Q3,Completed,Phone,1292.56,Switzerland,VIP
ORD002989,C01329,2023-08-31,2023-08,Q3,Completed,Mobile App,98.84,France,VIP
ORD002990,C01516,2023-05-14,2023-05,Q2,Completed,Phone,887.83,Germany,Regular
ORD002991,C00062,2023-03-06,2023-03,Q1,Completed,Phone,301.69,Switzerland,VIP
ORD002992,C00320,2023-12-08,2023-12,Q4,Completed,Phone,50.15,Germany,Regular
ORD002993,C00691,2023-08-26,2023-08,Q3,Completed,Phone,249.88,Germany,VIP
ORD002994,C00574,2023-07-19,2023-07,Q3,Completed,Phone,12.17,Switzerland,VIP
ORD002995,C01361,2023-06-03,2023-06,Q2,Completed,Mobile App,246.03,Germany,Regular
ORD002996,C00603,2023-11-09,2023-11,Q4,Completed,Website,523.88,Austria,VIP
ORD002997,C00691,2023-06-07,2023-06,Q2,Completed,Website,129.16,Germany,VIP
ORD002998,C00944,2023-05-01,2023-05,Q2,Completed,Marketplace,797.78,Germany,VIP
ORD002999,C00463,2023-05-25,2023-05,Q2,Completed,Website,1136.44,Switzerland,VIP
ORD003000,C00427,2023-06-01,2023-06,Q2,Completed,Website,1426.38,Belgium,Regular
ORD003001,C01657,2023-06-27,2023-06,Q2,Completed,Website,730.9,Netherlands,New
ORD003002,C00024,2023-09-19,2023-09,Q3,Completed,Marketplace,37.48,Germany,New
ORD003003,C00468,2023-12-09,2023-12,Q4,Completed,Marketplace,328.78,Switzerland,Regular
ORD003004,C01072,2023-04-09,2023-04,Q2,Returned,Marketplace,39.62,France,Regular
ORD003005,C00316,2023-05-26,2023-05,Q2,Completed,Marketplace,446.03,Belgium,Regular
ORD003006,C00970,2023-06-06,2023-06,Q2,Completed,Website,177.37,Germany,Regular
ORD003007,C00905,2023-05-14,2023-05,Q2,Completed,Marketplace,139.05,France,Regular
ORD003008,C01825,2023-05-25,2023-05,Q2,Completed,Marketplace,486.59,Austria,New
ORD003009,C00888,2023-02-12,2023-02,Q1,Completed,Marketplace,1351.16,Austria,Regular
ORD003010,C01596,2023-03-30,2023-03,Q1,Completed,Phone,716.01,Netherlands,VIP
ORD003011,C01801,2023-12-09,2023-12,Q4,Completed,Phone,68.83,Germany,Regular
ORD003012,C00477,2023-09-06,2023-09,Q3,Completed,Phone,329.56,Germany,New
ORD003013,C00575,2023-03-03,2023-03,Q1,Returned,Marketplace,129.84,Austria,New
ORD003014,C00859,2023-06-22,2023-06,Q2,Completed,Marketplace,401.07,Germany,Regular
ORD003015,C01155,2023-09-28,2023-09,Q3,Completed,Mobile App,836.81,Germany,Regular
ORD003016,C00557,2023-11-13,2023-11,Q4,Completed,Mobile App,800.31,Belgium,Regular
ORD003017,C01618,2023-06-15,2023-06,Q2,Returned,Mobile App,236.37,Germany,VIP
ORD003018,C01083,2023-06-13,2023-06,Q2,Completed,Mobile App,112.91,Germany,Regular
ORD003019,C01598,2023-12-15,2023-12,Q4,Cancelled,Marketplace,107.01,Germany,VIP
ORD003020,C00020,2023-04-18,2023-04,Q2,Completed,Marketplace,1026.81,Germany,Regular
ORD003021,C00374,2023-02-22,2023-02,Q1,Completed,Mobile App,156.17,Austria,Regular
ORD003022,C01180,2023-05-05,2023-05,Q2,Completed,Phone,225.66,Netherlands,New
ORD003023,C01334,2023-06-09,2023-06,Q2,Completed,Website,645.07,Germany,Regular
ORD003024,C00744,2023-04-21,2023-04,Q2,Returned,Phone,541.26,France,Regular
ORD003025,C01489,2023-12-26,2023-12,Q4,Completed,Phone,155.59,France,Regular
ORD003026,C00343,2023-08-16,2023-08,Q3,Completed,Website,245.54,France,New
ORD003027,C00260,2023-03-20,2023-03,Q1,Completed,Website,150.64,Austria,Regular
ORD003028,C01080,2023-08-16,2023-08,Q3,Completed,Website,537.63,Belgium,VIP
ORD003029,C00561,2023-12-14,2023-12,Q4,Completed,Mobile App,769.37,Belgium,Regular
ORD003030,C00691,2023-09-20,2023-09,Q3,Completed,Mobile App,460.56,Germany,VIP
ORD003031,C00856,2023-04-25,2023-04,Q2,Completed,Marketplace,1163.83,Switzerland,New
ORD003032,C00617,2023-05-27,2023-05,Q2,Returned,Phone,1861.48,Switzerland,New
ORD003033,C01166,2023-09-27,2023-09,Q3,Completed,Marketplace,346.9,Belgium,Regular
ORD003034,C00999,2023-12-30,2023-12,Q4,Completed,Marketplace,140.71,Germany,VIP
ORD003035,C00823,2023-07-05,2023-07,Q3,Returned,Website,425.82,Belgium,New
ORD003036,C01787,2023-06-25,2023-06,Q2,Completed,Marketplace,787.2,Germany,Regular
ORD003037,C01892,2023-07-27,2023-07,Q3,Completed,Marketplace,53.43,Switzerland,Regular
ORD003038,C00589,2023-09-01,2023-09,Q3,Completed,Mobile App,237.0,Germany,VIP
ORD003039,C00881,2023-01-01,2023-01,Q1,Completed,Website,1136.28,France,New
ORD003040,C00327,2023-09-22,2023-09,Q3,Completed,Phone,85.84,Belgium,VIP
ORD003041,C01186,2023-12-06,2023-12,Q4,Completed,Marketplace,473.96,France,Regular
ORD003042,C01781,2023-12-01,2023-12,Q4,Completed,Marketplace,79.7,Belgium,Churned
ORD003043,C01376,2023-12-05,2023-12,Q4,Completed,Mobile App,58.28,Netherlands,Regular
ORD003044,C00919,2023-06-17,2023-06,Q2,Completed,Website,662.97,France,VIP
ORD003045,C00863,2023-06-15,2023-06,Q2,Completed,Marketplace,465.12,Germany,Regular
ORD003046,C00431,2023-02-04,2023-02,Q1,Completed,Phone,154.39,Germany,Regular
ORD003047,C01832,2023-04-08,2023-04,Q2,Returned,Website,388.32,Germany,VIP
ORD003048,C01703,2023-10-01,2023-10,Q4,Completed,Phone,51.58,Switzerland,Regular
ORD003049,C01328,2023-06-10,2023-06,Q2,Completed,Marketplace,170.63,France,Regular
ORD003050,C01405,2023-06-23,2023-06,Q2,Completed,Website,206.13,France,Regular
ORD003051,C00807,2023-05-14,2023-05,Q2,Completed,Phone,167.29,Austria,VIP
ORD003052,C00634,2023-12-07,2023-12,Q4,Completed,Marketplace,175.11,Germany,Regular
ORD003053,C00842,2023-11-25,2023-11,Q4,Completed,Marketplace,562.88,Germany,Regular
ORD003054,C00481,2023-11-03,2023-11,Q4,Completed,Website,300.63,Germany,VIP
ORD003055,C01187,2023-08-23,2023-08,Q3,Cancelled,Marketplace,1410.48,Germany,VIP
ORD003056,C01899,2023-04-02,2023-04,Q2,Completed,Website,330.74,Germany,New
ORD003057,C01323,2023-06-13,2023-06,Q2,Completed,Marketplace,485.23,Switzerland,New
ORD003058,C00444,2023-01-21,2023-01,Q1,Cancelled,Mobile App,74.96,Germany,VIP
ORD003059,C00503,2023-10-21,2023-10,Q4,Completed,Marketplace,753.99,Austria,Churned
ORD003060,C01460,2023-10-09,2023-10,Q4,Completed,Mobile App,816.98,Germany,New
ORD003061,C01086,2023-12-15,2023-12,Q4,Completed,Phone,653.85,France,Regular
ORD003062,C01694,2023-11-04,2023-11,Q4,Completed,Mobile App,1104.1,Germany,Regular
ORD003063,C00782,2023-02-10,2023-02,Q1,Completed,Mobile App,85.69,Belgium,Regular
ORD003064,C00538,2023-01-29,2023-01,Q1,Completed,Marketplace,126.2,Switzerland,VIP
ORD003065,C01312,2023-11-19,2023-11,Q4,Completed,Mobile App,116.7,Germany,Regular
ORD003066,C01587,2023-12-26,2023-12,Q4,Completed,Mobile App,2211.06,Germany,Regular
ORD003067,C01356,2023-04-02,2023-04,Q2,Completed,Marketplace,290.02,Austria,Regular
ORD003068,C01734,2023-08-15,2023-08,Q3,Completed,Phone,27.0,France,VIP
ORD003069,C00511,2023-10-09,2023-10,Q4,Completed,Phone,909.79,Belgium,Regular
ORD003070,C01742,2023-12-12,2023-12,Q4,Completed,Phone,1845.32,Germany,Regular
ORD003071,C00219,2023-10-22,2023-10,Q4,Completed,Mobile App,198.86,Germany,Regular
ORD003072,C00390,2023-06-05,2023-06,Q2,Completed,Marketplace,148.28,France,VIP
ORD003073,C01102,2023-08-09,2023-08,Q3,Completed,Website,260.2,Netherlands,New
ORD003074,C00916,2023-08-05,2023-08,Q3,Completed,Marketplace,104.73,Germany,Regular
ORD003075,C00669,2023-10-10,2023-10,Q4,Completed,Phone,112.91,Germany,VIP
ORD003076,C01050,2023-02-04,2023-02,Q1,Completed,Phone,66.08,Germany,Regular
ORD003077,C01187,2023-02-24,2023-02,Q1,Completed,Marketplace,58.39,Germany,VIP
ORD003078,C01546,2023-03-12,2023-03,Q1,Completed,Phone,100.52,Germany,VIP
ORD003079,C01545,2023-09-01,2023-09,Q3,Completed,Phone,231.9,Switzerland,VIP
ORD003080,C00830,2023-03-18,2023-03,Q1,Completed,Website,236.48,Germany,VIP
ORD003081,C00774,2023-07-23,2023-07,Q3,Completed,Marketplace,170.41,Germany,VIP
ORD003082,C00114,2023-04-15,2023-04,Q2,Returned,Marketplace,38.91,Switzerland,New
ORD003083,C00203,2023-05-30,2023-05,Q2,Completed,Mobile App,112.86,Switzerland,Regular
ORD003084,C01963,2023-04-30,2023-04,Q2,Completed,Marketplace,51.58,Germany,VIP
ORD003085,C00911,2023-01-28,2023-01,Q1,Completed,Mobile App,165.66,Belgium,Regular
ORD003086,C00249,2023-03-24,2023-03,Q1,Completed,Marketplace,314.69,France,Regular
ORD003087,C01135,2023-12-12,2023-12,Q4,Completed,Phone,27.83,Austria,VIP
ORD003088,C01753,2023-11-29,2023-11,Q4,Completed,Mobile App,170.41,Germany,New
ORD003089,C00553,2023-01-08,2023-01,Q1,Returned,Phone,269.81,Germany,New
ORD003090,C01241,2023-05-15,2023-05,Q2,Completed,Website,169.03,Austria,New
ORD003091,C00055,2023-05-11,2023-05,Q2,Returned,Phone,96.33,Netherlands,Regular
ORD003092,C00447,2023-04-27,2023-04,Q2,Completed,Marketplace,1781.94,Germany,New
ORD003093,C00968,2023-10-09,2023-10,Q4,Completed,Marketplace,27.71,Austria,Regular
ORD003094,C00828,2023-12-24,2023-12,Q4,Completed,Marketplace,1146.86,Switzerland,VIP
ORD003095,C00047,2023-07-23,2023-07,Q3,Completed,Phone,1877.68,France,VIP
ORD003096,C01593,2023-03-20,2023-03,Q1,Completed,Phone,493.17,Germany,Regular
ORD003097,C01513,2023-04-04,2023-04,Q2,Completed,Mobile App,354.93,Germany,VIP
ORD003098,C01471,2023-11-25,2023-11,Q4,Completed,Marketplace,1878.35,France,New
ORD003099,C00434,2023-11-02,2023-11,Q4,Completed,Marketplace,112.91,France,VIP
ORD003100,C00281,2023-04-21,2023-04,Q2,Completed,Marketplace,2135.59,Germany,Regular
ORD003101,C00931,2023-11-23,2023-11,Q4,Completed,Phone,589.06,Germany,VIP
ORD003102,C00687,2023-01-14,2023-01,Q1,Completed,Marketplace,248.37,France,Regular
ORD003103,C01035,2023-02-10,2023-02,Q1,Completed,Mobile App,710.7,Germany,VIP
ORD003104,C00349,2023-11-04,2023-11,Q4,Completed,Phone,391.66,Netherlands,Regular
ORD003105,C00270,2023-02-08,2023-02,Q1,Completed,Marketplace,2014.1,Switzerland,VIP
ORD003106,C01388,2023-08-04,2023-08,Q3,Completed,Marketplace,208.72,Netherlands,Regular
ORD003107,C00231,2023-09-19,2023-09,Q3,Completed,Website,1342.38,Netherlands,VIP
ORD003108,C00381,2023-09-17,2023-09,Q3,Completed,Mobile App,169.03,France,VIP
ORD003109,C00923,2023-12-18,2023-12,Q4,Completed,Marketplace,556.54,Austria,Regular
ORD003110,C01903,2023-04-04,2023-04,Q2,Cancelled,Phone,433.61,Germany,New
ORD003111,C00537,2023-05-06,2023-05,Q2,Completed,Website,794.67,Germany,VIP
ORD003112,C01596,2023-02-14,2023-02,Q1,Completed,Phone,191.18,Netherlands,VIP
ORD003113,C00258,2023-11-20,2023-11,Q4,Completed,Mobile App,111.57,Switzerland,Regular
ORD003114,C01025,2023-01-06,2023-01,Q1,Completed,Website,125.38,Switzerland,VIP
ORD003115,C00869,2023-05-03,2023-05,Q2,Completed,Mobile App,1594.43,Netherlands,Regular
ORD003116,C01801,2023-03-09,2023-03,Q1,Completed,Mobile App,56.99,Germany,Regular
ORD003117,C00791,2023-07-15,2023-07,Q3,Cancelled,Website,37.85,Austria,VIP
ORD003118,C01405,2023-12-16,2023-12,Q4,Completed,Mobile App,3452.17,France,Regular
ORD003119,C00784,2023-06-16,2023-06,Q2,Completed,Phone,104.26,France,New
ORD003120,C01999,2023-10-04,2023-10,Q4,Completed,Marketplace,170.84,Switzerland,VIP
ORD003121,C00108,2023-11-02,2023-11,Q4,Completed,Marketplace,840.32,Germany,Regular
ORD003122,C00682,2023-01-21,2023-01,Q1,Returned,Marketplace,1956.63,Germany,VIP
ORD003123,C00523,2023-04-07,2023-04,Q2,Completed,Phone,403.01,Switzerland,VIP
ORD003124,C00670,2023-04-01,2023-04,Q2,Completed,Mobile App,86.28,Belgium,Regular
ORD003125,C00329,2023-12-10,2023-12,Q4,Completed,Marketplace,52.84,Switzerland,Regular
ORD003126,C01536,2023-10-30,2023-10,Q4,Completed,Website,85.85,Germany,VIP
ORD003127,C01713,2023-06-02,2023-06,Q2,Completed,Marketplace,38.74,Germany,Regular
ORD003128,C01771,2023-06-10,2023-06,Q2,Completed,Phone,959.1,Germany,VIP
ORD003129,C00928,2023-12-17,2023-12,Q4,Completed,Marketplace,33.75,Germany,Regular
ORD003130,C01647,2023-12-04,2023-12,Q4,Completed,Marketplace,278.05,Netherlands,Regular
ORD003131,C00789,2023-07-03,2023-07,Q3,Completed,Phone,84.99,Germany,Regular
ORD003132,C01210,2023-03-29,2023-03,Q1,Completed,Website,440.72,Switzerland,VIP
ORD003133,C00504,2023-12-30,2023-12,Q4,Completed,Website,238.08,Germany,New
ORD003134,C01041,2023-11-26,2023-11,Q4,Completed,Phone,149.03,Germany,VIP
ORD003135,C00596,2023-12-08,2023-12,Q4,Completed,Phone,30.16,Switzerland,VIP
ORD003136,C00074,2023-08-19,2023-08,Q3,Completed,Website,58.12,Germany,Regular
ORD003137,C01464,2023-06-21,2023-06,Q2,Completed,Website,257.12,France,Regular
ORD003138,C01779,2023-11-10,2023-11,Q4,Cancelled,Marketplace,696.84,Belgium,VIP
ORD003139,C01281,2023-10-10,2023-10,Q4,Completed,Phone,90.2,Germany,Regular
ORD003140,C00163,2023-08-17,2023-08,Q3,Completed,Website,202.08,France,VIP
ORD003141,C00968,2023-12-08,2023-12,Q4,Completed,Website,226.71,Austria,Regular
ORD003142,C01313,2023-07-09,2023-07,Q3,Completed,Phone,781.47,Belgium,VIP
ORD003143,C00462,2023-12-09,2023-12,Q4,Completed,Website,663.07,Germany,New
ORD003144,C01247,2023-06-27,2023-06,Q2,Completed,Phone,524.01,Germany,VIP
ORD003145,C00961,2023-04-12,2023-04,Q2,Completed,Marketplace,256.42,Germany,Regular
ORD003146,C01040,2023-08-26,2023-08,Q3,Completed,Phone,397.77,Switzerland,Regular
ORD003147,C01493,2023-10-25,2023-10,Q4,Completed,Phone,179.61,Germany,Regular
ORD003148,C00567,2023-03-09,2023-03,Q1,Completed,Mobile App,45.34,Belgium,VIP
ORD003149,C00341,2023-03-24,2023-03,Q1,Completed,Phone,1070.44,Netherlands,Churned
ORD003150,C01654,2023-06-04,2023-06,Q2,Cancelled,Website,103.26,Germany,Regular
ORD003151,C00631,2023-05-29,2023-05,Q2,Completed,Website,1581.25,Netherlands,Regular
ORD003152,C01997,2023-07-01,2023-07,Q3,Completed,Marketplace,57.7,France,New
ORD003153,C00364,2023-10-09,2023-10,Q4,Completed,Mobile App,10.97,Netherlands,New
ORD003154,C00390,2023-09-24,2023-09,Q3,Completed,Phone,422.31,France,VIP
ORD003155,C00667,2023-05-15,2023-05,Q2,Completed,Marketplace,474.97,Austria,New
ORD003156,C00837,2023-12-31,2023-12,Q4,Completed,Marketplace,189.1,France,VIP
ORD003157,C00703,2023-05-10,2023-05,Q2,Completed,Marketplace,339.75,Netherlands,VIP
ORD003158,C01927,2023-08-30,2023-08,Q3,Completed,Marketplace,295.31,Austria,VIP
ORD003159,C00060,2023-10-16,2023-10,Q4,Completed,Mobile App,1873.77,Austria,VIP
ORD003160,C01511,2023-06-15,2023-06,Q2,Completed,Phone,229.66,Switzerland,New
ORD003161,C00256,2023-06-10,2023-06,Q2,Completed,Marketplace,84.54,Austria,Regular
ORD003162,C01369,2023-06-21,2023-06,Q2,Completed,Website,933.76,Netherlands,VIP
ORD003163,C00585,2023-03-15,2023-03,Q1,Cancelled,Marketplace,230.09,Switzerland,VIP
ORD003164,C01641,2023-04-21,2023-04,Q2,Returned,Marketplace,192.85,Belgium,Regular
ORD003165,C00898,2023-05-17,2023-05,Q2,Completed,Marketplace,992.89,Netherlands,Regular
ORD003166,C01123,2023-12-14,2023-12,Q4,Returned,Marketplace,660.56,Switzerland,Regular
ORD003167,C00145,2023-12-25,2023-12,Q4,Completed,Marketplace,21.84,Germany,Regular
ORD003168,C00585,2023-08-21,2023-08,Q3,Returned,Website,32.82,Switzerland,VIP
ORD003169,C00917,2023-05-08,2023-05,Q2,Completed,Phone,150.56,Austria,VIP
ORD003170,C01175,2023-05-12,2023-05,Q2,Completed,Mobile App,123.98,Switzerland,Regular
ORD003171,C01613,2023-12-18,2023-12,Q4,Completed,Phone,100.86,France,Regular
ORD003172,C01276,2023-12-14,2023-12,Q4,Cancelled,Phone,341.26,Belgium,Regular
ORD003173,C01260,2023-02-02,2023-02,Q1,Completed,Phone,1110.46,Germany,Regular
ORD003174,C01997,2023-11-27,2023-11,Q4,Completed,Mobile App,556.37,France,New
ORD003175,C01489,2023-05-18,2023-05,Q2,Completed,Mobile App,227.85,France,Regular
ORD003176,C01262,2023-05-05,2023-05,Q2,Completed,Website,733.95,Germany,New
ORD003177,C01850,2023-02-03,2023-02,Q1,Completed,Mobile App,406.16,Germany,New
ORD003178,C01952,2023-12-20,2023-12,Q4,Completed,Marketplace,56.41,France,VIP
ORD003179,C01458,2023-05-19,2023-05,Q2,Completed,Marketplace,854.07,Belgium,New
ORD003180,C01536,2023-10-04,2023-10,Q4,Completed,Marketplace,296.6,Germany,VIP
ORD003181,C00043,2023-12-09,2023-12,Q4,Completed,Marketplace,227.06,Germany,Regular
ORD003182,C00109,2023-12-14,2023-12,Q4,Completed,Marketplace,354.23,Austria,VIP
ORD003183,C00247,2023-10-20,2023-10,Q4,Completed,Mobile App,2705.45,Germany,Regular
ORD003184,C00783,2023-01-28,2023-01,Q1,Completed,Website,269.76,Germany,Regular
ORD003185,C01546,2023-05-11,2023-05,Q2,Cancelled,Website,253.33,Germany,VIP
ORD003186,C01132,2023-05-02,2023-05,Q2,Completed,Mobile App,55.8,Germany,VIP
ORD003187,C00361,2023-01-01,2023-01,Q1,Completed,Phone,169.03,Germany,Regular
ORD003188,C00464,2023-05-17,2023-05,Q2,Completed,Marketplace,878.88,Germany,New
ORD003189,C01989,2023-05-27,2023-05,Q2,Completed,Website,1156.1,Netherlands,New
ORD003190,C01192,2023-01-04,2023-01,Q1,Completed,Phone,353.52,Germany,Regular
ORD003191,C00682,2023-12-08,2023-12,Q4,Completed,Marketplace,38.91,Germany,VIP
ORD003192,C00907,2023-06-23,2023-06,Q2,Completed,Mobile App,436.03,Germany,New
ORD003193,C00045,2023-11-21,2023-11,Q4,Completed,Mobile App,603.01,Germany,Regular
ORD003194,C00541,2023-04-29,2023-04,Q2,Completed,Mobile App,2363.94,Austria,New
ORD003195,C01993,2023-02-12,2023-02,Q1,Completed,Website,180.57,France,Regular
ORD003196,C01663,2023-06-05,2023-06,Q2,Completed,Phone,328.89,Austria,New
ORD003197,C01523,2023-05-29,2023-05,Q2,Completed,Phone,493.47,Switzerland,Regular
ORD003198,C01488,2023-03-12,2023-03,Q1,Completed,Marketplace,37.54,Germany,Regular
ORD003199,C01731,2023-07-30,2023-07,Q3,Completed,Website,344.85,Netherlands,VIP
ORD003200,C00463,2023-03-29,2023-03,Q1,Completed,Phone,1121.75,Switzerland,VIP
ORD003201,C01088,2023-12-01,2023-12,Q4,Completed,Mobile App,117.44,Belgium,Regular
ORD003202,C00727,2023-05-02,2023-05,Q2,Completed,Marketplace,1913.42,Germany,Regular
ORD003203,C01586,2023-01-04,2023-01,Q1,Completed,Phone,313.6,France,Regular
ORD003204,C00807,2023-01-20,2023-01,Q1,Returned,Website,55.8,Austria,VIP
ORD003205,C01939,2023-05-13,2023-05,Q2,Completed,Phone,340.57,Germany,Regular
ORD003206,C00348,2023-10-12,2023-10,Q4,Completed,Phone,1858.03,Netherlands,Churned
ORD003207,C00803,2023-05-06,2023-05,Q2,Returned,Mobile App,1329.76,Austria,VIP
ORD003208,C01025,2023-07-05,2023-07,Q3,Completed,Website,215.5,Switzerland,VIP
ORD003209,C01474,2023-03-02,2023-03,Q1,Completed,Phone,85.69,Germany,VIP
ORD003210,C01603,2023-04-20,2023-04,Q2,Completed,Phone,55.47,Belgium,New
ORD003211,C00264,2023-09-10,2023-09,Q3,Completed,Website,195.43,Switzerland,VIP
ORD003212,C00786,2023-04-04,2023-04,Q2,Completed,Website,237.82,Austria,VIP
ORD003213,C01074,2023-05-08,2023-05,Q2,Completed,Mobile App,21.84,Switzerland,Regular
ORD003214,C01758,2023-06-09,2023-06,Q2,Completed,Marketplace,62.19,Germany,VIP
ORD003215,C00844,2023-10-14,2023-10,Q4,Completed,Phone,469.68,Switzerland,VIP
ORD003216,C01933,2023-10-18,2023-10,Q4,Completed,Marketplace,75.08,Austria,Regular
ORD003217,C01882,2023-06-22,2023-06,Q2,Completed,Marketplace,337.17,Austria,Regular
ORD003218,C00270,2023-12-22,2023-12,Q4,Cancelled,Mobile App,36.41,Switzerland,VIP
ORD003219,C00163,2023-03-30,2023-03,Q1,Returned,Mobile App,59.56,France,VIP
ORD003220,C00463,2023-01-03,2023-01,Q1,Completed,Website,34.55,Switzerland,VIP
ORD003221,C00490,2023-07-03,2023-07,Q3,Completed,Website,381.62,Germany,Regular
ORD003222,C01257,2023-01-19,2023-01,Q1,Completed,Phone,296.3,Germany,Regular
ORD003223,C01712,2023-10-19,2023-10,Q4,Completed,Phone,67.5,Germany,New
ORD003224,C01922,2023-09-07,2023-09,Q3,Completed,Phone,162.95,Germany,Regular
ORD003225,C00574,2023-11-10,2023-11,Q4,Completed,Mobile App,271.84,Switzerland,VIP
ORD003226,C00785,2023-07-28,2023-07,Q3,Completed,Phone,34.87,Switzerland,VIP
ORD003227,C01363,2023-02-09,2023-02,Q1,Completed,Mobile App,31.66,Belgium,Regular
ORD003228,C00859,2023-10-03,2023-10,Q4,Completed,Website,2381.16,Germany,Regular
ORD003229,C01314,2023-05-15,2023-05,Q2,Completed,Marketplace,58.74,Netherlands,Regular
ORD003230,C01478,2023-08-26,2023-08,Q3,Completed,Marketplace,250.24,Germany,Regular
ORD003231,C00754,2023-07-01,2023-07,Q3,Completed,Phone,279.32,Germany,Regular
ORD003232,C00180,2023-02-03,2023-02,Q1,Cancelled,Mobile App,58.37,Germany,VIP
ORD003233,C00882,2023-11-23,2023-11,Q4,Completed,Mobile App,711.29,Switzerland,New
ORD003234,C00610,2023-07-19,2023-07,Q3,Completed,Phone,735.06,Germany,Regular
ORD003235,C01481,2023-02-09,2023-02,Q1,Completed,Website,69.5,Germany,VIP
ORD003236,C00975,2023-06-22,2023-06,Q2,Completed,Marketplace,422.71,Germany,VIP
ORD003237,C00461,2023-06-16,2023-06,Q2,Completed,Mobile App,411.84,France,Regular
ORD003238,C00363,2023-01-20,2023-01,Q1,Completed,Marketplace,282.77,France,New
ORD003239,C01938,2023-08-17,2023-08,Q3,Completed,Website,272.96,Germany,Regular
ORD003240,C00977,2023-11-21,2023-11,Q4,Completed,Mobile App,816.29,Switzerland,Regular
ORD003241,C00869,2023-09-22,2023-09,Q3,Completed,Marketplace,348.73,Netherlands,Regular
ORD003242,C00261,2023-12-15,2023-12,Q4,Completed,Mobile App,95.09,Austria,New
ORD003243,C00385,2023-01-17,2023-01,Q1,Completed,Mobile App,413.86,Belgium,Regular
ORD003244,C01369,2023-05-26,2023-05,Q2,Completed,Phone,198.86,Netherlands,VIP
ORD003245,C01268,2023-01-22,2023-01,Q1,Completed,Marketplace,20.15,Belgium,Regular
ORD003246,C01348,2023-01-18,2023-01,Q1,Completed,Marketplace,329.92,Germany,Regular
ORD003247,C00471,2023-04-30,2023-04,Q2,Completed,Mobile App,811.43,Germany,VIP
ORD003248,C01421,2023-05-25,2023-05,Q2,Completed,Phone,523.83,Austria,New
ORD003249,C01029,2023-01-30,2023-01,Q1,Completed,Website,233.83,Belgium,VIP
ORD003250,C01834,2023-05-07,2023-05,Q2,Completed,Phone,1556.64,Belgium,Regular
ORD003251,C01743,2023-03-13,2023-03,Q1,Cancelled,Mobile App,81.59,France,VIP
ORD003252,C00574,2023-08-11,2023-08,Q3,Completed,Marketplace,107.24,Switzerland,VIP
ORD003253,C00311,2023-08-26,2023-08,Q3,Completed,Mobile App,298.45,Belgium,VIP
ORD003254,C01040,2023-06-26,2023-06,Q2,Completed,Website,1168.78,Switzerland,Regular
ORD003255,C01484,2023-11-18,2023-11,Q4,Completed,Mobile App,169.51,Germany,VIP
ORD003256,C00172,2023-02-13,2023-02,Q1,Completed,Phone,394.0,Austria,VIP
ORD003257,C00708,2023-03-08,2023-03,Q1,Completed,Phone,139.5,Germany,VIP
ORD003258,C00188,2023-01-16,2023-01,Q1,Completed,Website,1772.34,Netherlands,VIP
ORD003259,C01423,2023-04-16,2023-04,Q2,Returned,Mobile App,12.17,Germany,Churned
ORD003260,C01463,2023-06-30,2023-06,Q2,Completed,Marketplace,34.55,Netherlands,VIP
ORD003261,C01136,2023-10-26,2023-10,Q4,Completed,Mobile App,1552.17,Netherlands,Regular
ORD003262,C00616,2023-02-07,2023-02,Q1,Completed,Phone,993.73,Germany,Regular
ORD003263,C01998,2023-03-01,2023-03,Q1,Completed,Phone,675.0,Netherlands,Regular
ORD003264,C01044,2023-11-20,2023-11,Q4,Completed,Phone,388.01,Austria,Regular
ORD003265,C00789,2023-12-04,2023-12,Q4,Completed,Mobile App,37.85,Germany,Regular
ORD003266,C01391,2023-05-13,2023-05,Q2,Completed,Mobile App,941.56,Germany,Regular
ORD003267,C00964,2023-12-17,2023-12,Q4,Completed,Website,387.25,Germany,VIP
ORD003268,C01126,2023-01-06,2023-01,Q1,Completed,Marketplace,223.96,Netherlands,New
ORD003269,C01563,2023-03-09,2023-03,Q1,Completed,Marketplace,36.8,Belgium,VIP
ORD003270,C00428,2023-01-22,2023-01,Q1,Cancelled,Website,56.41,Germany,Regular
ORD003271,C01943,2023-02-27,2023-02,Q1,Completed,Website,56.42,Austria,Regular
ORD003272,C01111,2023-12-16,2023-12,Q4,Completed,Mobile App,393.3,Germany,VIP
ORD003273,C00540,2023-03-29,2023-03,Q1,Completed,Website,109.09,France,VIP
ORD003274,C01336,2023-10-19,2023-10,Q4,Completed,Mobile App,33.75,Germany,VIP
ORD003275,C00556,2023-12-07,2023-12,Q4,Completed,Marketplace,978.8,France,Regular
ORD003276,C01975,2023-07-24,2023-07,Q3,Completed,Marketplace,156.79,Austria,New
ORD003277,C00835,2023-03-27,2023-03,Q1,Returned,Mobile App,197.06,Austria,New
ORD003278,C00205,2023-01-24,2023-01,Q1,Completed,Website,146.73,Germany,New
ORD003279,C01001,2023-11-30,2023-11,Q4,Completed,Website,255.66,Austria,New
ORD003280,C01582,2023-02-16,2023-02,Q1,Completed,Marketplace,193.0,Germany,New
ORD003281,C00642,2023-04-18,2023-04,Q2,Completed,Website,2078.91,Switzerland,New
ORD003282,C01388,2023-10-18,2023-10,Q4,Completed,Marketplace,29.76,Netherlands,Regular
ORD003283,C00788,2023-02-10,2023-02,Q1,Completed,Marketplace,911.4,Austria,New
ORD003284,C00423,2023-08-22,2023-08,Q3,Completed,Marketplace,340.18,Belgium,Regular
ORD003285,C01999,2023-04-28,2023-04,Q2,Completed,Marketplace,150.59,Switzerland,VIP
ORD003286,C00319,2023-10-24,2023-10,Q4,Completed,Mobile App,42.72,Germany,Regular
ORD003287,C00732,2023-05-21,2023-05,Q2,Completed,Marketplace,557.71,France,VIP
ORD003288,C00965,2023-04-25,2023-04,Q2,Completed,Mobile App,231.75,France,Regular
ORD003289,C01355,2023-01-21,2023-01,Q1,Completed,Website,601.4,Austria,Regular
ORD003290,C01203,2023-07-03,2023-07,Q3,Completed,Phone,35.62,Germany,Regular
ORD003291,C01448,2023-05-10,2023-05,Q2,Completed,Phone,1036.0,Germany,Regular
ORD003292,C01248,2023-12-09,2023-12,Q4,Completed,Marketplace,333.68,Germany,Regular
ORD003293,C00478,2023-11-14,2023-11,Q4,Cancelled,Phone,255.66,Germany,Regular
ORD003294,C01957,2023-03-31,2023-03,Q1,Completed,Website,495.08,Belgium,Regular
ORD003295,C00944,2023-12-23,2023-12,Q4,Completed,Marketplace,64.58,Germany,VIP
ORD003296,C00385,2023-12-13,2023-12,Q4,Completed,Mobile App,59.56,Belgium,Regular
ORD003297,C00530,2023-11-06,2023-11,Q4,Completed,Mobile App,201.77,Switzerland,Regular
ORD003298,C00115,2023-11-17,2023-11,Q4,Completed,Phone,338.21,Germany,New
ORD003299,C01391,2023-04-09,2023-04,Q2,Completed,Marketplace,197.64,Germany,Regular
ORD003300,C01072,2023-12-07,2023-12,Q4,Completed,Marketplace,1623.45,France,Regular
ORD003301,C00948,2023-12-14,2023-12,Q4,Completed,Phone,352.21,Austria,VIP
ORD003302,C01110,2023-09-15,2023-09,Q3,Completed,Mobile App,517.56,France,Regular
ORD003303,C00098,2023-03-18,2023-03,Q1,Completed,Mobile App,16.03,Germany,Regular
ORD003304,C00319,2023-04-02,2023-04,Q2,Completed,Phone,146.73,Germany,Regular
ORD003305,C01542,2023-11-11,2023-11,Q4,Completed,Phone,145.88,Germany,New
ORD003306,C00831,2023-05-07,2023-05,Q2,Completed,Mobile App,1125.77,Belgium,Regular
ORD003307,C00374,2023-10-05,2023-10,Q4,Cancelled,Phone,30.92,Austria,Regular
ORD003308,C01167,2023-03-08,2023-03,Q1,Completed,Mobile App,93.65,Belgium,Regular
ORD003309,C01486,2023-06-15,2023-06,Q2,Completed,Phone,47.76,Belgium,New
ORD003310,C00334,2023-10-22,2023-10,Q4,Completed,Mobile App,270.83,Germany,Regular
ORD003311,C01276,2023-09-24,2023-09,Q3,Completed,Website,71.32,Belgium,Regular
ORD003312,C01748,2023-03-25,2023-03,Q1,Completed,Website,220.98,Germany,Regular
ORD003313,C01684,2023-10-23,2023-10,Q4,Completed,Phone,153.48,Netherlands,New
ORD003314,C00436,2023-03-27,2023-03,Q1,Completed,Marketplace,1008.46,Austria,Regular
ORD003315,C01884,2023-04-05,2023-04,Q2,Completed,Phone,352.21,Germany,Regular
ORD003316,C00270,2023-02-16,2023-02,Q1,Completed,Website,67.57,Switzerland,VIP
ORD003317,C00440,2023-09-18,2023-09,Q3,Returned,Phone,137.89,Belgium,Regular
ORD003318,C01105,2023-10-04,2023-10,Q4,Completed,Marketplace,370.75,France,Regular
ORD003319,C00029,2023-01-11,2023-01,Q1,Returned,Marketplace,50.73,Austria,VIP
ORD003320,C00471,2023-05-07,2023-05,Q2,Completed,Phone,63.32,Germany,VIP
ORD003321,C00755,2023-07-06,2023-07,Q3,Cancelled,Mobile App,143.5,Austria,Regular
ORD003322,C00363,2023-10-20,2023-10,Q4,Completed,Website,169.03,France,New
ORD003323,C00557,2023-05-21,2023-05,Q2,Completed,Mobile App,56.43,Belgium,Regular
ORD003324,C01099,2023-01-11,2023-01,Q1,Completed,Phone,98.82,Switzerland,VIP
ORD003325,C00264,2023-06-05,2023-06,Q2,Completed,Website,758.71,Switzerland,VIP
ORD003326,C01283,2023-09-29,2023-09,Q3,Completed,Website,189.58,France,VIP
ORD003327,C01549,2023-05-13,2023-05,Q2,Completed,Marketplace,94.76,Netherlands,New
ORD003328,C01672,2023-12-05,2023-12,Q4,Completed,Website,629.41,Germany,Regular
ORD003329,C00291,2023-10-08,2023-10,Q4,Completed,Marketplace,310.58,Germany,Regular
ORD003330,C00451,2023-03-13,2023-03,Q1,Cancelled,Phone,31.15,Germany,VIP
ORD003331,C00084,2023-09-27,2023-09,Q3,Completed,Marketplace,82.68,France,Regular
ORD003332,C00706,2023-04-24,2023-04,Q2,Completed,Website,75.7,Germany,New
ORD003333,C00157,2023-08-09,2023-08,Q3,Completed,Website,68.83,Germany,New
ORD003334,C01514,2023-07-26,2023-07,Q3,Completed,Mobile App,118.49,France,Churned
ORD003335,C00716,2023-11-18,2023-11,Q4,Completed,Marketplace,979.66,Belgium,Regular
ORD003336,C00434,2023-10-19,2023-10,Q4,Completed,Marketplace,1193.91,France,VIP
ORD003337,C01529,2023-12-26,2023-12,Q4,Completed,Mobile App,742.67,Germany,Regular
ORD003338,C01210,2023-11-27,2023-11,Q4,Completed,Website,176.33,Switzerland,VIP
ORD003339,C00218,2023-03-24,2023-03,Q1,Completed,Phone,162.94,Germany,Churned
ORD003340,C00152,2023-12-08,2023-12,Q4,Completed,Mobile App,1106.23,Austria,VIP
ORD003341,C00550,2023-01-18,2023-01,Q1,Completed,Mobile App,92.6,Germany,VIP
ORD003342,C02000,2023-10-10,2023-10,Q4,Returned,Phone,682.13,Austria,Regular
ORD003343,C00373,2023-10-17,2023-10,Q4,Completed,Website,472.33,Germany,New
ORD003344,C00872,2023-05-19,2023-05,Q2,Cancelled,Website,95.57,France,Regular
ORD003345,C01218,2023-03-06,2023-03,Q1,Completed,Marketplace,164.39,Germany,Regular
ORD003346,C00154,2023-10-27,2023-10,Q4,Completed,Mobile App,372.61,Germany,New
ORD003347,C01444,2023-11-26,2023-11,Q4,Completed,Mobile App,178.47,Netherlands,VIP
ORD003348,C00163,2023-04-29,2023-04,Q2,Completed,Website,334.58,France,VIP
ORD003349,C01185,2023-03-17,2023-03,Q1,Completed,Phone,441.78,Germany,New
ORD003350,C00946,2023-08-16,2023-08,Q3,Returned,Phone,73.85,Switzerland,New
ORD003351,C00270,2023-05-16,2023-05,Q2,Completed,Mobile App,2023.68,Switzerland,VIP
ORD003352,C01865,2023-12-28,2023-12,Q4,Completed,Phone,33.75,Austria,VIP
ORD003353,C01669,2023-11-17,2023-11,Q4,Completed,Marketplace,77.25,Germany,New
ORD003354,C00269,2023-05-15,2023-05,Q2,Completed,Phone,1000.04,Belgium,Regular
ORD003355,C01685,2023-07-02,2023-07,Q3,Completed,Marketplace,1746.03,Germany,Regular
ORD003356,C01596,2023-04-29,2023-04,Q2,Completed,Phone,175.4,Netherlands,VIP
ORD003357,C00489,2023-05-01,2023-05,Q2,Completed,Marketplace,1818.34,Netherlands,Regular
ORD003358,C00403,2023-05-14,2023-05,Q2,Completed,Mobile App,848.31,Germany,Regular
ORD003359,C00471,2023-06-04,2023-06,Q2,Completed,Website,94.08,Germany,VIP
ORD003360,C01297,2023-12-04,2023-12,Q4,Completed,Phone,277.92,Austria,New
ORD003361,C01133,2023-03-13,2023-03,Q1,Completed,Mobile App,337.9,Netherlands,VIP
ORD003362,C00632,2023-11-15,2023-11,Q4,Completed,Phone,112.35,France,Regular
ORD003363,C00260,2023-04-08,2023-04,Q2,Returned,Phone,62.69,Austria,Regular
ORD003364,C01236,2023-11-13,2023-11,Q4,Completed,Marketplace,277.17,Belgium,New
ORD003365,C00958,2023-09-28,2023-09,Q3,Completed,Phone,1563.36,Austria,New
ORD003366,C00435,2023-05-05,2023-05,Q2,Completed,Phone,129.07,Switzerland,Regular
ORD003367,C01694,2023-04-27,2023-04,Q2,Completed,Phone,504.79,Germany,Regular
ORD003368,C00449,2023-04-12,2023-04,Q2,Completed,Website,90.78,France,VIP
ORD003369,C01555,2023-12-24,2023-12,Q4,Cancelled,Mobile App,908.62,France,New
ORD003370,C00214,2023-03-26,2023-03,Q1,Completed,Mobile App,157.24,France,Regular
ORD003371,C00782,2023-10-07,2023-10,Q4,Completed,Phone,105.13,Belgium,Regular
ORD003372,C01252,2023-10-14,2023-10,Q4,Completed,Phone,245.23,Germany,VIP
ORD003373,C00955,2023-05-14,2023-05,Q2,Completed,Marketplace,766.3,Switzerland,VIP
ORD003374,C00776,2023-12-17,2023-12,Q4,Cancelled,Mobile App,159.06,Germany,Regular
ORD003375,C01066,2023-01-11,2023-01,Q1,Completed,Mobile App,550.32,Germany,Regular
ORD003376,C01598,2023-12-31,2023-12,Q4,Completed,Mobile App,2711.07,Germany,VIP
ORD003377,C00463,2023-07-27,2023-07,Q3,Completed,Mobile App,254.96,Switzerland,VIP
ORD003378,C01055,2023-05-12,2023-05,Q2,Completed,Marketplace,184.94,Netherlands,New
ORD003379,C01041,2023-03-05,2023-03,Q1,Completed,Website,37.85,Germany,VIP
ORD003380,C00422,2023-01-23,2023-01,Q1,Completed,Phone,121.39,France,Regular
ORD003381,C00845,2023-03-15,2023-03,Q1,Completed,Phone,455.12,Netherlands,VIP
ORD003382,C01305,2023-01-28,2023-01,Q1,Completed,Phone,556.1,Germany,Regular
ORD003383,C01948,2023-04-21,2023-04,Q2,Completed,Mobile App,30.74,Belgium,New
ORD003384,C01536,2023-12-11,2023-12,Q4,Completed,Website,75.08,Germany,VIP
ORD003385,C00053,2023-05-26,2023-05,Q2,Completed,Phone,511.89,France,Regular
ORD003386,C01613,2023-03-23,2023-03,Q1,Completed,Phone,211.98,France,Regular
ORD003387,C01232,2023-04-29,2023-04,Q2,Completed,Phone,652.13,Germany,Regular
ORD003388,C01926,2023-06-25,2023-06,Q2,Completed,Phone,100.03,Netherlands,Regular
ORD003389,C01346,2023-04-01,2023-04,Q2,Completed,Phone,31.59,Austria,Regular
ORD003390,C00260,2023-11-16,2023-11,Q4,Completed,Phone,24.94,Austria,Regular
ORD003391,C01316,2023-05-17,2023-05,Q2,Completed,Phone,520.41,Netherlands,New
ORD003392,C00153,2023-02-16,2023-02,Q1,Completed,Mobile App,548.16,Germany,VIP
ORD003393,C00681,2023-12-29,2023-12,Q4,Completed,Mobile App,95.97,Germany,VIP
ORD003394,C01719,2023-12-25,2023-12,Q4,Completed,Mobile App,113.53,Germany,Regular
ORD003395,C01940,2023-02-21,2023-02,Q1,Completed,Phone,150.46,Netherlands,Churned
ORD003396,C00815,2023-12-23,2023-12,Q4,Completed,Mobile App,506.26,Germany,VIP
ORD003397,C00733,2023-10-03,2023-10,Q4,Completed,Marketplace,830.86,Germany,Regular
ORD003398,C01787,2023-12-13,2023-12,Q4,Completed,Phone,636.27,Germany,Regular
ORD003399,C00481,2023-01-02,2023-01,Q1,Returned,Website,82.91,Germany,VIP
ORD003400,C00840,2023-06-08,2023-06,Q2,Completed,Website,175.39,Netherlands,VIP
ORD003401,C01779,2023-07-11,2023-07,Q3,Completed,Marketplace,202.78,Belgium,VIP
ORD003402,C00711,2023-06-04,2023-06,Q2,Completed,Mobile App,2390.09,Germany,New
ORD003403,C01872,2023-08-27,2023-08,Q3,Completed,Marketplace,551.88,Belgium,Regular
ORD003404,C01430,2023-10-09,2023-10,Q4,Returned,Phone,57.52,Belgium,Regular
ORD003405,C00129,2023-11-16,2023-11,Q4,Completed,Website,3069.67,Belgium,Regular
ORD003406,C01646,2023-02-11,2023-02,Q1,Completed,Website,1253.1,Germany,Regular
ORD003407,C01724,2023-01-04,2023-01,Q1,Returned,Website,1412.05,Netherlands,New
ORD003408,C00490,2023-03-05,2023-03,Q1,Completed,Website,101.9,Germany,Regular
ORD003409,C01124,2023-09-09,2023-09,Q3,Completed,Mobile App,102.38,Switzerland,New
ORD003410,C00591,2023-08-13,2023-08,Q3,Completed,Website,403.03,France,Regular
ORD003411,C00381,2023-12-02,2023-12,Q4,Completed,Mobile App,234.84,France,VIP
ORD003412,C00388,2023-07-13,2023-07,Q3,Completed,Phone,116.82,Netherlands,New
ORD003413,C01006,2023-07-04,2023-07,Q3,Completed,Marketplace,2025.0,Austria,Regular
ORD003414,C00705,2023-08-10,2023-08,Q3,Completed,Phone,400.54,Germany,Regular
ORD003415,C00534,2023-12-20,2023-12,Q4,Completed,Website,879.12,France,VIP
ORD003416,C01683,2023-01-22,2023-01,Q1,Completed,Website,597.5,Germany,New
ORD003417,C01320,2023-04-29,2023-04,Q2,Completed,Mobile App,99.46,Belgium,VIP
ORD003418,C01530,2023-10-03,2023-10,Q4,Completed,Mobile App,175.37,Netherlands,VIP
ORD003419,C00701,2023-01-30,2023-01,Q1,Returned,Website,99.33,Belgium,VIP
ORD003420,C00754,2023-07-09,2023-07,Q3,Completed,Website,398.19,Germany,Regular
ORD003421,C01521,2023-05-06,2023-05,Q2,Completed,Website,512.33,Switzerland,Regular
ORD003422,C00877,2023-04-13,2023-04,Q2,Completed,Marketplace,721.66,Germany,Regular
ORD003423,C01174,2023-04-18,2023-04,Q2,Completed,Phone,112.35,France,Regular
ORD003424,C01677,2023-06-18,2023-06,Q2,Completed,Marketplace,622.73,Switzerland,Regular
ORD003425,C01502,2023-06-18,2023-06,Q2,Completed,Mobile App,31.1,Germany,Regular
ORD003426,C01393,2023-06-11,2023-06,Q2,Completed,Phone,24.94,Netherlands,Regular
ORD003427,C01081,2023-03-22,2023-03,Q1,Completed,Marketplace,789.68,Austria,VIP
ORD003428,C01280,2023-08-26,2023-08,Q3,Completed,Mobile App,504.79,Germany,Regular
ORD003429,C01953,2023-03-08,2023-03,Q1,Completed,Phone,2496.24,Belgium,Regular
ORD003430,C01440,2023-10-06,2023-10,Q4,Completed,Marketplace,34.55,France,New
ORD003431,C00208,2023-10-18,2023-10,Q4,Completed,Marketplace,718.97,Austria,VIP
ORD003432,C00822,2023-06-29,2023-06,Q2,Completed,Mobile App,185.43,Germany,New
ORD003433,C00327,2023-11-26,2023-11,Q4,Completed,Mobile App,304.9,Belgium,VIP
ORD003434,C00300,2023-03-28,2023-03,Q1,Completed,Mobile App,52.84,Belgium,VIP
ORD003435,C01309,2023-07-02,2023-07,Q3,Completed,Mobile App,803.17,Switzerland,New
ORD003436,C00474,2023-09-29,2023-09,Q3,Completed,Phone,217.31,Switzerland,Regular
ORD003437,C00062,2023-11-01,2023-11,Q4,Completed,Phone,146.1,Switzerland,VIP
ORD003438,C00862,2023-10-24,2023-10,Q4,Completed,Website,146.73,Netherlands,New
ORD003439,C00040,2023-04-04,2023-04,Q2,Completed,Marketplace,849.93,Germany,Regular
ORD003440,C00364,2023-11-15,2023-11,Q4,Completed,Website,478.07,Netherlands,New
ORD003441,C01222,2023-08-13,2023-08,Q3,Completed,Marketplace,370.75,Austria,Regular
ORD003442,C01795,2023-12-07,2023-12,Q4,Completed,Phone,206.85,Austria,VIP
ORD003443,C00925,2023-12-23,2023-12,Q4,Completed,Marketplace,595.55,Germany,VIP
ORD003444,C01372,2023-08-31,2023-08,Q3,Completed,Phone,236.37,Germany,Regular
ORD003445,C01006,2023-12-31,2023-12,Q4,Completed,Website,262.92,Austria,Regular
ORD003446,C00025,2023-02-09,2023-02,Q1,Completed,Phone,110.83,Germany,Regular
ORD003447,C01637,2023-10-11,2023-10,Q4,Completed,Mobile App,401.99,Germany,Regular
ORD003448,C01905,2023-11-03,2023-11,Q4,Returned,Website,338.48,Germany,Churned
ORD003449,C00276,2023-05-10,2023-05,Q2,Completed,Marketplace,117.01,Belgium,Regular
ORD003450,C00966,2023-12-01,2023-12,Q4,Completed,Website,236.37,Germany,VIP
ORD003451,C00792,2023-01-11,2023-01,Q1,Completed,Phone,278.05,Germany,New
ORD003452,C01960,2023-03-02,2023-03,Q1,Completed,Mobile App,101.99,Germany,Regular
ORD003453,C01697,2023-07-13,2023-07,Q3,Completed,Mobile App,1426.6,Germany,Regular
ORD003454,C00153,2023-10-04,2023-10,Q4,Completed,Marketplace,369.26,Germany,VIP
ORD003455,C00961,2023-02-21,2023-02,Q1,Completed,Marketplace,1049.93,Germany,Regular
ORD003456,C01122,2023-10-22,2023-10,Q4,Completed,Website,398.55,Netherlands,Regular
ORD003457,C00043,2023-05-17,2023-05,Q2,Completed,Phone,68.83,Germany,Regular
ORD003458,C01861,2023-01-22,2023-01,Q1,Completed,Marketplace,127.83,Belgium,New
ORD003459,C01464,2023-02-20,2023-02,Q1,Completed,Marketplace,310.35,France,Regular
ORD003460,C00460,2023-07-28,2023-07,Q3,Completed,Website,218.42,Netherlands,Regular
ORD003461,C00812,2023-03-17,2023-03,Q1,Completed,Website,638.23,Germany,Regular
ORD003462,C00845,2023-07-04,2023-07,Q3,Completed,Website,77.25,Netherlands,VIP
ORD003463,C00702,2023-01-11,2023-01,Q1,Completed,Phone,588.33,Germany,VIP
ORD003464,C00314,2023-04-27,2023-04,Q2,Completed,Website,71.56,Switzerland,Regular
ORD003465,C00598,2023-08-29,2023-08,Q3,Completed,Marketplace,662.85,Germany,Regular
ORD003466,C01540,2023-08-27,2023-08,Q3,Completed,Marketplace,145.88,Netherlands,New
ORD003467,C00916,2023-05-10,2023-05,Q2,Cancelled,Marketplace,871.47,Germany,Regular
ORD003468,C01573,2023-12-08,2023-12,Q4,Completed,Phone,89.13,Switzerland,VIP
ORD003469,C00896,2023-01-20,2023-01,Q1,Completed,Phone,788.49,Germany,Regular
ORD003470,C00134,2023-01-22,2023-01,Q1,Completed,Phone,553.73,Belgium,VIP
ORD003471,C00052,2023-03-28,2023-03,Q1,Completed,Website,29.98,Switzerland,Regular
ORD003472,C01007,2023-06-05,2023-06,Q2,Completed,Phone,291.76,Netherlands,Regular
ORD003473,C00682,2023-10-27,2023-10,Q4,Completed,Mobile App,239.84,Germany,VIP
ORD003474,C00317,2023-05-24,2023-05,Q2,Returned,Mobile App,203.25,Austria,Regular
ORD003475,C01869,2023-06-26,2023-06,Q2,Completed,Marketplace,613.87,Belgium,VIP
ORD003476,C00249,2023-12-31,2023-12,Q4,Returned,Marketplace,48.86,France,Regular
ORD003477,C00767,2023-08-04,2023-08,Q3,Returned,Website,95.09,Germany,VIP
ORD003478,C00999,2023-09-09,2023-09,Q3,Completed,Website,397.67,Germany,VIP
ORD003479,C00928,2023-12-10,2023-12,Q4,Completed,Mobile App,882.76,Germany,Regular
ORD003480,C01952,2023-10-26,2023-10,Q4,Completed,Phone,122.7,France,VIP
ORD003481,C00945,2023-04-26,2023-04,Q2,Completed,Phone,525.21,Germany,Regular
ORD003482,C00554,2023-10-28,2023-10,Q4,Completed,Website,193.09,Netherlands,Regular
ORD003483,C01850,2023-06-06,2023-06,Q2,Completed,Mobile App,229.92,Germany,New
ORD003484,C00535,2023-09-24,2023-09,Q3,Completed,Marketplace,299.3,Germany,VIP
ORD003485,C01284,2023-09-25,2023-09,Q3,Completed,Website,2640.59,Netherlands,Regular
ORD003486,C00476,2023-10-29,2023-10,Q4,Completed,Website,208.58,Germany,Regular
ORD003487,C01152,2023-06-28,2023-06,Q2,Cancelled,Mobile App,2465.37,France,VIP
ORD003488,C00176,2023-11-11,2023-11,Q4,Completed,Marketplace,997.34,Switzerland,Regular
ORD003489,C00047,2023-11-04,2023-11,Q4,Completed,Phone,161.71,France,VIP
ORD003490,C01560,2023-01-09,2023-01,Q1,Cancelled,Phone,465.74,Belgium,VIP
ORD003491,C00110,2023-02-18,2023-02,Q1,Completed,Mobile App,1621.43,Belgium,Regular
ORD003492,C01532,2023-02-06,2023-02,Q1,Completed,Phone,2172.38,Austria,Regular
ORD003493,C00429,2023-02-27,2023-02,Q1,Completed,Mobile App,337.85,Austria,Regular
ORD003494,C00203,2023-06-23,2023-06,Q2,Completed,Marketplace,31.33,Switzerland,Regular
ORD003495,C00404,2023-09-10,2023-09,Q3,Completed,Phone,2825.02,Germany,Churned
ORD003496,C00599,2023-01-02,2023-01,Q1,Completed,Mobile App,62.98,France,Regular
ORD003497,C01734,2023-10-18,2023-10,Q4,Completed,Mobile App,1385.18,France,VIP
ORD003498,C00739,2023-10-06,2023-10,Q4,Completed,Mobile App,175.94,Belgium,Regular
ORD003499,C00605,2023-12-12,2023-12,Q4,Cancelled,Phone,744.82,Germany,Regular
ORD003500,C01081,2023-12-22,2023-12,Q4,Completed,Website,17.81,Austria,VIP
ORD003501,C01294,2023-07-25,2023-07,Q3,Returned,Phone,90.1,Belgium,VIP
ORD003502,C00716,2023-12-05,2023-12,Q4,Completed,Marketplace,1222.89,Belgium,Regular
ORD003503,C01369,2023-12-31,2023-12,Q4,Completed,Website,422.71,Netherlands,VIP
ORD003504,C01927,2023-09-28,2023-09,Q3,Completed,Mobile App,99.86,Austria,VIP
ORD003505,C00829,2023-03-17,2023-03,Q1,Completed,Mobile App,1115.44,Germany,VIP
ORD003506,C00030,2023-11-07,2023-11,Q4,Completed,Mobile App,226.22,Netherlands,Regular
ORD003507,C01239,2023-04-11,2023-04,Q2,Completed,Phone,398.45,Belgium,VIP
ORD003508,C00320,2023-12-06,2023-12,Q4,Completed,Phone,234.84,Germany,Regular
ORD003509,C00099,2023-02-03,2023-02,Q1,Completed,Website,438.24,Germany,Regular
ORD003510,C01914,2023-11-19,2023-11,Q4,Completed,Website,688.8,Germany,Regular
ORD003511,C00915,2023-02-23,2023-02,Q1,Completed,Marketplace,597.1,Germany,VIP
ORD003512,C00319,2023-10-02,2023-10,Q4,Completed,Phone,31.66,Germany,Regular
ORD003513,C01345,2023-03-02,2023-03,Q1,Completed,Website,607.5,Netherlands,VIP
ORD003514,C00713,2023-01-05,2023-01,Q1,Completed,Mobile App,193.56,Switzerland,Regular
ORD003515,C00250,2023-09-29,2023-09,Q3,Completed,Marketplace,144.77,Netherlands,New
ORD003516,C00736,2023-03-08,2023-03,Q1,Completed,Marketplace,523.0,Netherlands,Regular
ORD003517,C01798,2023-01-18,2023-01,Q1,Completed,Phone,315.44,Netherlands,New
ORD003518,C01534,2023-07-05,2023-07,Q3,Completed,Marketplace,2872.35,Germany,Regular
ORD003519,C00742,2023-05-16,2023-05,Q2,Completed,Marketplace,392.44,Netherlands,VIP
ORD003520,C01869,2023-09-06,2023-09,Q3,Completed,Website,341.35,Belgium,VIP
ORD003521,C01383,2023-06-29,2023-06,Q2,Completed,Website,19.66,Germany,Regular
ORD003522,C01613,2023-07-06,2023-07,Q3,Completed,Marketplace,20.23,France,Regular
ORD003523,C00599,2023-12-07,2023-12,Q4,Completed,Phone,962.33,France,Regular
ORD003524,C00471,2023-11-20,2023-11,Q4,Cancelled,Marketplace,70.55,Germany,VIP
ORD003525,C01743,2023-05-11,2023-05,Q2,Completed,Website,333.68,France,VIP
ORD003526,C00257,2023-09-30,2023-09,Q3,Completed,Mobile App,14.44,Germany,Regular
ORD003527,C01107,2023-10-13,2023-10,Q4,Completed,Website,220.88,Belgium,VIP
ORD003528,C00685,2023-02-18,2023-02,Q1,Completed,Website,332.04,Germany,New
ORD003529,C01266,2023-01-17,2023-01,Q1,Completed,Phone,3024.62,Germany,New
ORD003530,C01491,2023-05-26,2023-05,Q2,Completed,Website,890.58,France,Regular
ORD003531,C00165,2023-12-28,2023-12,Q4,Completed,Marketplace,1807.09,Austria,Regular
ORD003532,C00128,2023-01-26,2023-01,Q1,Completed,Website,263.38,Austria,Regular
ORD003533,C01717,2023-10-22,2023-10,Q4,Completed,Phone,1804.2,Belgium,VIP
ORD003534,C00508,2023-12-12,2023-12,Q4,Completed,Website,100.54,Netherlands,Regular
ORD003535,C00639,2023-05-28,2023-05,Q2,Completed,Phone,193.21,Germany,VIP
ORD003536,C00887,2023-02-18,2023-02,Q1,Completed,Mobile App,550.18,Netherlands,New
ORD003537,C00771,2023-10-24,2023-10,Q4,Completed,Website,237.99,Austria,Regular
ORD003538,C01643,2023-06-23,2023-06,Q2,Completed,Website,66.08,Germany,Regular
ORD003539,C00062,2023-04-22,2023-04,Q2,Completed,Website,59.56,Switzerland,VIP
ORD003540,C01488,2023-08-21,2023-08,Q3,Completed,Phone,545.64,Germany,Regular
ORD003541,C00923,2023-10-11,2023-10,Q4,Completed,Mobile App,302.86,Austria,Regular
ORD003542,C00913,2023-11-26,2023-11,Q4,Completed,Phone,162.44,Austria,VIP
ORD003543,C00259,2023-03-13,2023-03,Q1,Completed,Marketplace,277.26,France,VIP
ORD003544,C00784,2023-12-19,2023-12,Q4,Completed,Marketplace,64.33,France,New
ORD003545,C00164,2023-06-17,2023-06,Q2,Completed,Marketplace,596.15,Switzerland,Regular
ORD003546,C01397,2023-12-10,2023-12,Q4,Completed,Website,533.44,Netherlands,Regular
ORD003547,C01056,2023-08-08,2023-08,Q3,Completed,Phone,797.82,Germany,New
ORD003548,C01038,2023-10-13,2023-10,Q4,Completed,Website,1070.92,Germany,VIP
ORD003549,C01724,2023-12-13,2023-12,Q4,Completed,Marketplace,337.97,Netherlands,New
ORD003550,C01800,2023-09-26,2023-09,Q3,Completed,Phone,348.5,Germany,Regular
ORD003551,C00147,2023-05-03,2023-05,Q2,Completed,Mobile App,154.73,Netherlands,VIP
ORD003552,C01336,2023-12-10,2023-12,Q4,Completed,Website,152.55,Germany,VIP
ORD003553,C01292,2023-06-02,2023-06,Q2,Completed,Mobile App,280.06,Germany,New
ORD003554,C00961,2023-11-08,2023-11,Q4,Completed,Marketplace,765.13,Germany,Regular
ORD003555,C01472,2023-11-20,2023-11,Q4,Completed,Phone,38.74,Netherlands,Regular
ORD003556,C00538,2023-01-07,2023-01,Q1,Completed,Phone,580.0,Switzerland,VIP
ORD003557,C01679,2023-07-08,2023-07,Q3,Completed,Mobile App,2147.84,Belgium,VIP
ORD003558,C00134,2023-12-17,2023-12,Q4,Completed,Phone,77.74,Belgium,VIP
ORD003559,C01313,2023-10-08,2023-10,Q4,Completed,Website,444.36,Belgium,VIP
ORD003560,C00952,2023-09-25,2023-09,Q3,Completed,Marketplace,101.99,Austria,Regular
ORD003561,C01099,2023-11-22,2023-11,Q4,Completed,Marketplace,110.09,Switzerland,VIP
ORD003562,C00368,2023-08-02,2023-08,Q3,Cancelled,Mobile App,1233.43,Netherlands,Regular
ORD003563,C01757,2023-11-28,2023-11,Q4,Completed,Website,768.51,Switzerland,Regular
ORD003564,C01290,2023-11-30,2023-11,Q4,Completed,Website,1152.63,Austria,Regular
ORD003565,C01624,2023-01-09,2023-01,Q1,Completed,Mobile App,601.4,France,Regular
ORD003566,C01152,2023-04-24,2023-04,Q2,Completed,Marketplace,495.08,France,VIP
ORD003567,C00449,2023-12-14,2023-12,Q4,Completed,Website,170.23,France,VIP
ORD003568,C01689,2023-05-27,2023-05,Q2,Completed,Mobile App,125.82,Germany,VIP
ORD003569,C00584,2023-05-06,2023-05,Q2,Cancelled,Marketplace,21.84,Germany,Churned
ORD003570,C00839,2023-03-28,2023-03,Q1,Completed,Phone,2205.18,Germany,Regular
ORD003571,C01867,2023-09-04,2023-09,Q3,Completed,Marketplace,20.66,Germany,New
ORD003572,C00157,2023-09-21,2023-09,Q3,Completed,Mobile App,76.67,Germany,New
ORD003573,C01283,2023-01-13,2023-01,Q1,Cancelled,Phone,234.84,France,VIP
ORD003574,C00838,2023-06-04,2023-06,Q2,Completed,Website,324.94,Germany,VIP
ORD003575,C00806,2023-11-21,2023-11,Q4,Completed,Mobile App,93.88,Germany,New
ORD003576,C00568,2023-11-06,2023-11,Q4,Completed,Website,611.02,Germany,New
ORD003577,C01601,2023-12-15,2023-12,Q4,Completed,Website,33.79,Austria,Regular
ORD003578,C01789,2023-11-23,2023-11,Q4,Returned,Phone,263.49,France,Regular
ORD003579,C00286,2023-07-10,2023-07,Q3,Returned,Mobile App,37.48,Belgium,Regular
ORD003580,C01782,2023-07-25,2023-07,Q3,Completed,Phone,170.15,France,Regular
ORD003581,C01828,2023-06-19,2023-06,Q2,Completed,Mobile App,488.69,Germany,Regular
ORD003582,C00137,2023-08-13,2023-08,Q3,Completed,Marketplace,1762.69,Belgium,Regular
ORD003583,C00885,2023-05-06,2023-05,Q2,Completed,Marketplace,356.64,Germany,VIP
ORD003584,C01702,2023-07-05,2023-07,Q3,Completed,Marketplace,1373.04,Belgium,Regular
ORD003585,C01978,2023-03-14,2023-03,Q1,Completed,Mobile App,280.29,Germany,VIP
ORD003586,C00065,2023-05-06,2023-05,Q2,Completed,Website,213.53,Austria,VIP
ORD003587,C00284,2023-01-29,2023-01,Q1,Completed,Mobile App,781.45,Belgium,New
ORD003588,C01296,2023-07-23,2023-07,Q3,Completed,Marketplace,322.65,France,VIP
ORD003589,C01698,2023-06-03,2023-06,Q2,Completed,Phone,2496.2,Germany,Regular
ORD003590,C00471,2023-11-09,2023-11,Q4,Completed,Website,28.85,Germany,VIP
ORD003591,C01030,2023-01-03,2023-01,Q1,Completed,Website,628.7,Belgium,Regular
ORD003592,C01159,2023-06-22,2023-06,Q2,Completed,Phone,148.12,Belgium,Regular
ORD003593,C01575,2023-01-18,2023-01,Q1,Completed,Marketplace,456.85,Belgium,Regular
ORD003594,C00914,2023-03-10,2023-03,Q1,Completed,Marketplace,504.79,Germany,Regular
ORD003595,C01433,2023-02-27,2023-02,Q1,Completed,Phone,162.52,Germany,Regular
ORD003596,C00972,2023-02-06,2023-02,Q1,Completed,Mobile App,311.67,Austria,Churned
ORD003597,C01819,2023-07-07,2023-07,Q3,Cancelled,Website,157.83,Germany,Regular
ORD003598,C01731,2023-01-14,2023-01,Q1,Cancelled,Website,147.55,Netherlands,VIP
ORD003599,C00092,2023-04-27,2023-04,Q2,Completed,Website,89.05,Austria,Regular
ORD003600,C00767,2023-05-27,2023-05,Q2,Completed,Marketplace,325.04,Germany,VIP
ORD003601,C00547,2023-02-01,2023-02,Q1,Completed,Mobile App,819.5,Belgium,Regular
ORD003602,C01742,2023-07-30,2023-07,Q3,Completed,Phone,75.76,Germany,Regular
ORD003603,C00186,2023-11-05,2023-11,Q4,Returned,Mobile App,523.23,Germany,VIP
ORD003604,C01050,2023-09-17,2023-09,Q3,Completed,Marketplace,115.05,Germany,Regular
ORD003605,C00085,2023-08-31,2023-08,Q3,Completed,Phone,21.84,Austria,Regular
ORD003606,C01049,2023-04-05,2023-04,Q2,Completed,Marketplace,1821.06,Germany,Regular
ORD003607,C00152,2023-05-12,2023-05,Q2,Completed,Website,906.64,Austria,VIP
ORD003608,C00064,2023-04-01,2023-04,Q2,Completed,Mobile App,384.52,Austria,VIP
ORD003609,C00653,2023-02-20,2023-02,Q1,Completed,Mobile App,2388.16,Germany,Regular
ORD003610,C01711,2023-08-18,2023-08,Q3,Completed,Website,459.73,Germany,Regular
ORD003611,C00017,2023-12-17,2023-12,Q4,Completed,Website,72.36,Germany,VIP
ORD003612,C00702,2023-12-11,2023-12,Q4,Completed,Website,603.19,Germany,VIP
ORD003613,C01129,2023-11-12,2023-11,Q4,Completed,Mobile App,866.99,Belgium,VIP
ORD003614,C01193,2023-08-10,2023-08,Q3,Completed,Marketplace,26.91,Austria,New
ORD003615,C01914,2023-10-17,2023-10,Q4,Completed,Mobile App,205.64,Germany,Regular
ORD003616,C00643,2023-01-15,2023-01,Q1,Completed,Mobile App,637.84,Switzerland,Regular
ORD003617,C01386,2023-12-18,2023-12,Q4,Completed,Marketplace,283.04,Germany,Regular
ORD003618,C00450,2023-03-11,2023-03,Q1,Completed,Marketplace,638.52,Belgium,Regular
ORD003619,C01467,2023-05-15,2023-05,Q2,Completed,Phone,220.95,Switzerland,New
ORD003620,C00726,2023-08-21,2023-08,Q3,Cancelled,Marketplace,1470.47,Austria,Churned
ORD003621,C00668,2023-09-24,2023-09,Q3,Completed,Website,269.79,Germany,VIP
ORD003622,C00587,2023-12-17,2023-12,Q4,Completed,Mobile App,32.57,Netherlands,Regular
ORD003623,C01477,2023-06-23,2023-06,Q2,Completed,Marketplace,209.9,Switzerland,Regular
ORD003624,C01328,2023-06-20,2023-06,Q2,Completed,Website,40.46,France,Regular
ORD003625,C01378,2023-04-01,2023-04,Q2,Completed,Mobile App,1589.73,Austria,Regular
ORD003626,C00345,2023-03-25,2023-03,Q1,Completed,Marketplace,220.7,Germany,Regular
ORD003627,C01547,2023-02-06,2023-02,Q1,Completed,Mobile App,108.44,Germany,Regular
ORD003628,C00903,2023-10-17,2023-10,Q4,Cancelled,Mobile App,159.24,Netherlands,Regular
ORD003629,C01133,2023-08-24,2023-08,Q3,Completed,Website,355.61,Netherlands,VIP
ORD003630,C01464,2023-11-07,2023-11,Q4,Completed,Phone,154.69,France,Regular
ORD003631,C01359,2023-04-09,2023-04,Q2,Completed,Mobile App,450.27,Belgium,Regular
ORD003632,C01393,2023-10-05,2023-10,Q4,Completed,Website,1009.58,Netherlands,Regular
ORD003633,C01679,2023-12-22,2023-12,Q4,Completed,Mobile App,387.25,Belgium,VIP
ORD003634,C00534,2023-06-01,2023-06,Q2,Completed,Phone,54.85,France,VIP
ORD003635,C00934,2023-04-21,2023-04,Q2,Completed,Phone,330.01,Austria,Regular
ORD003636,C00393,2023-11-28,2023-11,Q4,Completed,Website,760.77,Belgium,VIP
ORD003637,C00371,2023-06-03,2023-06,Q2,Completed,Mobile App,171.54,Germany,Regular
ORD003638,C00703,2023-10-12,2023-10,Q4,Completed,Marketplace,313.98,Netherlands,VIP
ORD003639,C00070,2023-04-30,2023-04,Q2,Completed,Marketplace,74.23,Netherlands,Regular
ORD003640,C01149,2023-06-28,2023-06,Q2,Completed,Mobile App,56.59,Germany,Regular
ORD003641,C01492,2023-09-25,2023-09,Q3,Completed,Phone,861.66,France,New
ORD003642,C00172,2023-11-21,2023-11,Q4,Cancelled,Website,774.96,Austria,VIP
ORD003643,C01102,2023-05-27,2023-05,Q2,Completed,Marketplace,2842.21,Netherlands,New
ORD003644,C00771,2023-12-01,2023-12,Q4,Completed,Marketplace,99.95,Austria,Regular
ORD003645,C00330,2023-08-12,2023-08,Q3,Returned,Marketplace,592.51,Belgium,Regular
ORD003646,C00233,2023-11-04,2023-11,Q4,Completed,Mobile App,88.19,Belgium,VIP
ORD003647,C01269,2023-05-27,2023-05,Q2,Completed,Marketplace,209.29,Germany,New
ORD003648,C00466,2023-05-24,2023-05,Q2,Completed,Mobile App,209.9,Germany,Regular
ORD003649,C00175,2023-05-23,2023-05,Q2,Completed,Mobile App,301.28,Belgium,New
ORD003650,C00954,2023-02-19,2023-02,Q1,Completed,Mobile App,313.23,France,VIP
ORD003651,C00840,2023-02-04,2023-02,Q1,Completed,Website,106.62,Netherlands,VIP
ORD003652,C01895,2023-07-08,2023-07,Q3,Completed,Mobile App,732.52,Germany,Regular
ORD003653,C00784,2023-07-25,2023-07,Q3,Completed,Website,378.48,France,New
ORD003654,C01734,2023-12-31,2023-12,Q4,Completed,Website,529.11,France,VIP
ORD003655,C01178,2023-10-12,2023-10,Q4,Completed,Mobile App,327.19,Belgium,VIP
ORD003656,C01354,2023-09-14,2023-09,Q3,Completed,Phone,514.08,Austria,VIP
ORD003657,C00525,2023-10-12,2023-10,Q4,Completed,Phone,81.18,Belgium,New
ORD003658,C00753,2023-06-20,2023-06,Q2,Completed,Website,109.82,France,Regular
ORD003659,C01569,2023-02-17,2023-02,Q1,Cancelled,Website,268.03,Austria,Regular
ORD003660,C00807,2023-02-10,2023-02,Q1,Completed,Mobile App,33.57,Austria,VIP
ORD003661,C00742,2023-04-22,2023-04,Q2,Completed,Phone,31.66,Netherlands,VIP
ORD003662,C00044,2023-11-15,2023-11,Q4,Completed,Phone,219.1,Germany,Regular
ORD003663,C01128,2023-10-06,2023-10,Q4,Completed,Marketplace,538.83,Germany,Regular
ORD003664,C01183,2023-09-03,2023-09,Q3,Completed,Phone,462.77,Switzerland,Regular
ORD003665,C01963,2023-12-03,2023-12,Q4,Completed,Marketplace,493.17,Germany,VIP
ORD003666,C01983,2023-10-27,2023-10,Q4,Completed,Phone,694.23,Germany,Regular
ORD003667,C00049,2023-06-14,2023-06,Q2,Completed,Phone,1584.3,France,VIP
ORD003668,C01041,2023-08-07,2023-08,Q3,Completed,Website,17.2,Germany,VIP
ORD003669,C01160,2023-05-26,2023-05,Q2,Completed,Website,13.76,Austria,VIP
ORD003670,C00812,2023-05-22,2023-05,Q2,Completed,Mobile App,36.99,Germany,Regular
ORD003671,C01389,2023-11-24,2023-11,Q4,Completed,Marketplace,47.56,Belgium,New
ORD003672,C01536,2023-04-15,2023-04,Q2,Completed,Phone,979.06,Germany,VIP
ORD003673,C01563,2023-12-12,2023-12,Q4,Completed,Marketplace,592.9,Belgium,VIP
ORD003674,C00473,2023-04-01,2023-04,Q2,Completed,Mobile App,322.58,Switzerland,VIP
ORD003675,C00524,2023-04-22,2023-04,Q2,Completed,Phone,723.69,Germany,Regular
ORD003676,C00208,2023-05-20,2023-05,Q2,Completed,Website,400.87,Austria,VIP
ORD003677,C01978,2023-11-09,2023-11,Q4,Completed,Mobile App,707.38,Germany,VIP
ORD003678,C01484,2023-09-06,2023-09,Q3,Completed,Mobile App,20.66,Germany,VIP
ORD003679,C00844,2023-11-03,2023-11,Q4,Completed,Mobile App,1089.69,Switzerland,VIP
ORD003680,C01027,2023-01-31,2023-01,Q1,Completed,Phone,338.73,France,Regular
ORD003681,C01989,2023-12-06,2023-12,Q4,Completed,Mobile App,429.37,Netherlands,New
ORD003682,C00228,2023-06-20,2023-06,Q2,Completed,Mobile App,33.75,Germany,New
ORD003683,C00029,2023-08-15,2023-08,Q3,Completed,Phone,837.55,Austria,VIP
ORD003684,C01887,2023-02-17,2023-02,Q1,Completed,Phone,189.1,Germany,Regular
ORD003685,C00148,2023-02-04,2023-02,Q1,Completed,Phone,461.33,Netherlands,New
ORD003686,C00916,2023-01-30,2023-01,Q1,Completed,Website,781.45,Germany,Regular
ORD003687,C00844,2023-05-19,2023-05,Q2,Completed,Website,56.41,Switzerland,VIP
ORD003688,C01506,2023-08-25,2023-08,Q3,Completed,Mobile App,203.98,Austria,Regular
ORD003689,C01076,2023-04-16,2023-04,Q2,Completed,Website,358.94,Switzerland,VIP
ORD003690,C00299,2023-01-25,2023-01,Q1,Completed,Marketplace,601.4,Germany,Regular
ORD003691,C01919,2023-03-11,2023-03,Q1,Completed,Phone,113.53,Austria,Regular
ORD003692,C01693,2023-07-15,2023-07,Q3,Completed,Phone,246.83,Austria,Regular
ORD003693,C01508,2023-05-31,2023-05,Q2,Completed,Marketplace,99.79,Switzerland,VIP
ORD003694,C01728,2023-11-21,2023-11,Q4,Completed,Phone,1614.7,Belgium,New
ORD003695,C01703,2023-02-20,2023-02,Q1,Completed,Mobile App,293.46,Switzerland,Regular
ORD003696,C01030,2023-12-04,2023-12,Q4,Completed,Mobile App,1356.62,Belgium,Regular
ORD003697,C00947,2023-05-22,2023-05,Q2,Completed,Mobile App,1026.01,Austria,Regular
ORD003698,C00669,2023-12-01,2023-12,Q4,Completed,Mobile App,352.32,Germany,VIP
ORD003699,C01220,2023-10-09,2023-10,Q4,Completed,Mobile App,624.8,Switzerland,New
ORD003700,C01067,2023-07-06,2023-07,Q3,Completed,Mobile App,4016.23,Belgium,Regular
ORD003701,C00618,2023-11-13,2023-11,Q4,Completed,Phone,394.33,Belgium,VIP
ORD003702,C01806,2023-09-12,2023-09,Q3,Completed,Phone,92.45,Netherlands,VIP
ORD003703,C00681,2023-12-24,2023-12,Q4,Completed,Mobile App,1178.1,Germany,VIP
ORD003704,C00898,2023-11-24,2023-11,Q4,Completed,Marketplace,162.52,Netherlands,Regular
ORD003705,C00612,2023-06-28,2023-06,Q2,Completed,Marketplace,100.09,France,Regular
ORD003706,C00625,2023-11-06,2023-11,Q4,Completed,Marketplace,168.26,France,VIP
ORD003707,C01215,2023-09-25,2023-09,Q3,Completed,Marketplace,237.12,Germany,VIP
ORD003708,C01929,2023-12-13,2023-12,Q4,Completed,Mobile App,95.02,France,VIP
ORD003709,C01121,2023-07-05,2023-07,Q3,Completed,Phone,290.03,Germany,Regular
ORD003710,C00136,2023-05-22,2023-05,Q2,Completed,Website,282.77,Switzerland,New
ORD003711,C01288,2023-08-12,2023-08,Q3,Completed,Marketplace,148.87,Germany,New
ORD003712,C00818,2023-07-31,2023-07,Q3,Completed,Marketplace,1111.41,Switzerland,VIP
ORD003713,C00149,2023-03-14,2023-03,Q1,Completed,Website,65.12,Switzerland,Regular
ORD003714,C00203,2023-10-22,2023-10,Q4,Completed,Phone,132.3,Switzerland,Regular
ORD003715,C01411,2023-11-28,2023-11,Q4,Completed,Mobile App,25.64,Belgium,VIP
ORD003716,C00537,2023-06-29,2023-06,Q2,Completed,Marketplace,2275.38,Germany,VIP
ORD003717,C00955,2023-07-12,2023-07,Q3,Completed,Website,113.55,Switzerland,VIP
ORD003718,C00910,2023-11-06,2023-11,Q4,Completed,Phone,2890.85,Belgium,Regular
ORD003719,C01502,2023-01-29,2023-01,Q1,Cancelled,Phone,104.78,Germany,Regular
ORD003720,C00431,2023-01-27,2023-01,Q1,Completed,Marketplace,1514.51,Germany,Regular
ORD003721,C00459,2023-09-26,2023-09,Q3,Completed,Phone,348.42,Austria,VIP
ORD003722,C01444,2023-11-24,2023-11,Q4,Completed,Marketplace,1324.43,Netherlands,VIP
ORD003723,C01624,2023-06-24,2023-06,Q2,Completed,Mobile App,1053.88,France,Regular
ORD003724,C00764,2023-03-23,2023-03,Q1,Completed,Phone,220.76,Germany,Regular
ORD003725,C00174,2023-01-10,2023-01,Q1,Completed,Mobile App,34.55,Germany,Regular
ORD003726,C00838,2023-07-22,2023-07,Q3,Completed,Phone,469.68,Germany,VIP
ORD003727,C01784,2023-01-11,2023-01,Q1,Completed,Mobile App,919.38,Netherlands,Regular
ORD003728,C00377,2023-12-11,2023-12,Q4,Cancelled,Marketplace,79.7,Netherlands,Regular
ORD003729,C00639,2023-11-05,2023-11,Q4,Completed,Website,664.23,Germany,VIP
ORD003730,C01644,2023-12-24,2023-12,Q4,Completed,Marketplace,157.72,Austria,VIP
ORD003731,C00151,2023-06-19,2023-06,Q2,Completed,Website,242.17,Germany,Regular
ORD003732,C01545,2023-11-10,2023-11,Q4,Completed,Website,170.63,Switzerland,VIP
ORD003733,C00247,2023-01-28,2023-01,Q1,Completed,Phone,1461.75,Germany,Regular
ORD003734,C01185,2023-06-16,2023-06,Q2,Completed,Phone,295.92,Germany,New
ORD003735,C01071,2023-12-31,2023-12,Q4,Completed,Website,329.01,Switzerland,VIP
ORD003736,C01963,2023-12-29,2023-12,Q4,Completed,Website,34.55,Germany,VIP
ORD003737,C01332,2023-05-31,2023-05,Q2,Completed,Website,864.46,Germany,VIP
ORD003738,C00603,2023-07-09,2023-07,Q3,Completed,Marketplace,68.3,Austria,VIP
ORD003739,C00571,2023-02-27,2023-02,Q1,Completed,Website,276.41,Switzerland,Regular
ORD003740,C01510,2023-03-06,2023-03,Q1,Completed,Phone,236.37,France,VIP
ORD003741,C00830,2023-01-20,2023-01,Q1,Completed,Marketplace,36.9,Germany,VIP
ORD003742,C00554,2023-05-16,2023-05,Q2,Returned,Mobile App,20.66,Netherlands,Regular
ORD003743,C01718,2023-12-19,2023-12,Q4,Completed,Phone,412.5,Germany,Regular
ORD003744,C00062,2023-10-26,2023-10,Q4,Completed,Marketplace,118.26,Switzerland,VIP
ORD003745,C01648,2023-12-19,2023-12,Q4,Completed,Marketplace,378.21,Switzerland,Regular
ORD003746,C00559,2023-01-21,2023-01,Q1,Cancelled,Marketplace,108.58,Germany,VIP
ORD003747,C01203,2023-11-27,2023-11,Q4,Completed,Phone,571.56,Germany,Regular
ORD003748,C00930,2023-12-28,2023-12,Q4,Completed,Marketplace,2626.33,Switzerland,VIP
ORD003749,C00201,2023-08-04,2023-08,Q3,Completed,Marketplace,90.37,Germany,New
ORD003750,C00268,2023-03-27,2023-03,Q1,Completed,Mobile App,304.02,Belgium,New
ORD003751,C01626,2023-08-01,2023-08,Q3,Completed,Phone,941.27,Germany,Regular
ORD003752,C01207,2023-05-12,2023-05,Q2,Completed,Phone,1020.58,Switzerland,VIP
ORD003753,C00568,2023-03-07,2023-03,Q1,Completed,Mobile App,29.76,Germany,New
ORD003754,C00921,2023-07-08,2023-07,Q3,Completed,Marketplace,923.55,France,Regular
ORD003755,C01349,2023-07-12,2023-07,Q3,Completed,Mobile App,793.85,France,VIP
ORD003756,C00443,2023-03-12,2023-03,Q1,Completed,Marketplace,840.05,Belgium,VIP
ORD003757,C01903,2023-02-26,2023-02,Q1,Completed,Website,1655.35,Germany,New
ORD003758,C01574,2023-01-31,2023-01,Q1,Completed,Marketplace,322.35,Austria,Regular
ORD003759,C01356,2023-02-08,2023-02,Q1,Completed,Marketplace,52.13,Austria,Regular
ORD003760,C01640,2023-08-14,2023-08,Q3,Completed,Phone,179.61,Belgium,Churned
ORD003761,C00195,2023-03-09,2023-03,Q1,Completed,Website,1153.8,Germany,Regular
ORD003762,C00655,2023-03-20,2023-03,Q1,Completed,Website,50.15,Germany,Regular
ORD003763,C00510,2023-07-04,2023-07,Q3,Completed,Website,229.92,Netherlands,VIP
ORD003764,C00749,2023-05-04,2023-05,Q2,Completed,Marketplace,268.77,Germany,Regular
ORD003765,C00639,2023-04-28,2023-04,Q2,Completed,Website,17.56,Germany,VIP
ORD003766,C01463,2023-09-25,2023-09,Q3,Completed,Website,451.07,Netherlands,VIP
ORD003767,C01616,2023-08-02,2023-08,Q3,Completed,Phone,854.37,Switzerland,Regular
ORD003768,C01498,2023-06-22,2023-06,Q2,Completed,Phone,678.59,Belgium,Regular
ORD003769,C01837,2023-04-04,2023-04,Q2,Completed,Website,118.26,Belgium,Regular
ORD003770,C00393,2023-09-21,2023-09,Q3,Completed,Phone,873.68,Belgium,VIP
ORD003771,C00868,2023-02-10,2023-02,Q1,Completed,Marketplace,58.74,Belgium,Regular
ORD003772,C01836,2023-06-06,2023-06,Q2,Completed,Website,2531.73,Germany,Regular
ORD003773,C00406,2023-05-04,2023-05,Q2,Completed,Mobile App,268.04,Netherlands,Regular
ORD003774,C01221,2023-09-19,2023-09,Q3,Completed,Website,663.32,Belgium,New
ORD003775,C01861,2023-08-11,2023-08,Q3,Completed,Phone,799.38,Belgium,New
ORD003776,C01465,2023-01-02,2023-01,Q1,Completed,Phone,790.03,Germany,VIP
ORD003777,C01741,2023-08-25,2023-08,Q3,Completed,Marketplace,90.37,Germany,New
ORD003778,C01598,2023-01-11,2023-01,Q1,Completed,Phone,1930.18,Germany,VIP
ORD003779,C00387,2023-03-07,2023-03,Q1,Completed,Phone,366.87,France,Regular
ORD003780,C01095,2023-05-04,2023-05,Q2,Completed,Phone,973.86,Belgium,Regular
ORD003781,C01732,2023-06-14,2023-06,Q2,Completed,Mobile App,94.98,Switzerland,New
ORD003782,C01862,2023-05-04,2023-05,Q2,Cancelled,Mobile App,167.38,Germany,Regular
ORD003783,C00110,2023-06-26,2023-06,Q2,Completed,Marketplace,954.0,Belgium,Regular
ORD003784,C01988,2023-01-07,2023-01,Q1,Completed,Phone,338.06,Austria,Regular
ORD003785,C00041,2023-02-18,2023-02,Q1,Completed,Website,982.73,Belgium,Regular
ORD003786,C01203,2023-06-10,2023-06,Q2,Returned,Marketplace,162.86,Germany,Regular
ORD003787,C00750,2023-05-25,2023-05,Q2,Completed,Phone,58.37,Germany,Regular
ORD003788,C01463,2023-08-13,2023-08,Q3,Completed,Phone,1473.59,Netherlands,VIP
ORD003789,C01425,2023-11-18,2023-11,Q4,Completed,Marketplace,1960.1,Switzerland,VIP
ORD003790,C01928,2023-03-07,2023-03,Q1,Returned,Mobile App,383.47,Switzerland,VIP
ORD003791,C00598,2023-09-19,2023-09,Q3,Completed,Phone,72.38,Germany,Regular
ORD003792,C00992,2023-02-09,2023-02,Q1,Completed,Phone,68.83,Austria,Regular
ORD003793,C01931,2023-07-29,2023-07,Q3,Completed,Mobile App,62.69,Austria,Regular
ORD003794,C01201,2023-04-13,2023-04,Q2,Completed,Phone,21.84,Switzerland,Regular
ORD003795,C00680,2023-03-16,2023-03,Q1,Cancelled,Website,883.75,Germany,VIP
ORD003796,C01398,2023-07-05,2023-07,Q3,Completed,Mobile App,350.74,Netherlands,VIP
ORD003797,C00084,2023-12-04,2023-12,Q4,Completed,Mobile App,501.87,France,Regular
ORD003798,C00794,2023-12-26,2023-12,Q4,Completed,Phone,662.88,Germany,New
ORD003799,C00508,2023-08-14,2023-08,Q3,Completed,Mobile App,220.86,Netherlands,Regular
ORD003800,C00955,2023-06-06,2023-06,Q2,Completed,Marketplace,392.59,Switzerland,VIP
ORD003801,C00153,2023-12-19,2023-12,Q4,Completed,Marketplace,35.18,Germany,VIP
ORD003802,C01402,2023-06-02,2023-06,Q2,Cancelled,Mobile App,1079.82,Germany,Regular
ORD003803,C00773,2023-09-24,2023-09,Q3,Completed,Marketplace,1578.77,Switzerland,Regular
ORD003804,C00481,2023-10-08,2023-10,Q4,Completed,Mobile App,159.35,Germany,VIP
ORD003805,C00925,2023-09-19,2023-09,Q3,Completed,Marketplace,60.75,Germany,VIP
ORD003806,C00300,2023-01-27,2023-01,Q1,Completed,Mobile App,405.96,Belgium,VIP
ORD003807,C01040,2023-07-12,2023-07,Q3,Completed,Mobile App,275.94,Switzerland,Regular
ORD003808,C00888,2023-05-30,2023-05,Q2,Completed,Marketplace,167.29,Austria,Regular
ORD003809,C01718,2023-12-28,2023-12,Q4,Completed,Marketplace,792.49,Germany,Regular
ORD003810,C00373,2023-10-20,2023-10,Q4,Returned,Phone,582.56,Germany,New
ORD003811,C01823,2023-04-06,2023-04,Q2,Completed,Website,216.15,France,VIP
ORD003812,C01165,2023-04-10,2023-04,Q2,Completed,Phone,20.23,Belgium,Regular
ORD003813,C00859,2023-08-22,2023-08,Q3,Completed,Phone,1350.0,Germany,Regular
ORD003814,C00312,2023-04-09,2023-04,Q2,Completed,Mobile App,132.16,Belgium,VIP
ORD003815,C01942,2023-10-01,2023-10,Q4,Completed,Phone,686.25,Switzerland,VIP
ORD003816,C01652,2023-04-30,2023-04,Q2,Cancelled,Phone,360.49,Netherlands,Regular
ORD003817,C00398,2023-10-08,2023-10,Q4,Completed,Website,191.92,Belgium,VIP
ORD003818,C01272,2023-05-22,2023-05,Q2,Completed,Mobile App,112.91,Germany,New
ORD003819,C01320,2023-08-29,2023-08,Q3,Completed,Phone,459.71,Belgium,VIP
ORD003820,C01980,2023-03-17,2023-03,Q1,Completed,Marketplace,1099.02,Belgium,VIP
ORD003821,C01786,2023-11-28,2023-11,Q4,Completed,Mobile App,3176.68,Netherlands,VIP
ORD003822,C01918,2023-05-17,2023-05,Q2,Completed,Website,273.9,Austria,Regular
ORD003823,C00138,2023-05-23,2023-05,Q2,Completed,Marketplace,41.32,Netherlands,Regular
ORD003824,C00656,2023-04-03,2023-04,Q2,Completed,Website,670.92,Switzerland,Regular
ORD003825,C01704,2023-06-01,2023-06,Q2,Returned,Phone,479.55,Switzerland,Regular
ORD003826,C01099,2023-05-09,2023-05,Q2,Completed,Website,55.47,Switzerland,VIP
ORD003827,C01081,2023-03-01,2023-03,Q1,Completed,Phone,213.25,Austria,VIP
ORD003828,C00342,2023-02-02,2023-02,Q1,Cancelled,Website,248.56,France,New
ORD003829,C00959,2023-02-15,2023-02,Q1,Completed,Phone,124.94,Belgium,New
ORD003830,C01232,2023-11-30,2023-11,Q4,Completed,Marketplace,1071.38,Germany,Regular
ORD003831,C00344,2023-12-10,2023-12,Q4,Completed,Marketplace,137.57,Switzerland,Regular
ORD003832,C00732,2023-02-10,2023-02,Q1,Completed,Marketplace,988.11,France,VIP
ORD003833,C00047,2023-11-14,2023-11,Q4,Completed,Marketplace,1937.31,France,VIP
ORD003834,C01985,2023-10-02,2023-10,Q4,Completed,Phone,151.28,Germany,Regular
ORD003835,C01094,2023-12-24,2023-12,Q4,Returned,Marketplace,63.82,Germany,Churned
ORD003836,C00794,2023-09-11,2023-09,Q3,Cancelled,Phone,56.41,Germany,New
ORD003837,C01496,2023-05-25,2023-05,Q2,Completed,Mobile App,1143.17,Netherlands,New
ORD003838,C01360,2023-03-22,2023-03,Q1,Completed,Marketplace,73.51,Belgium,New
ORD003839,C00840,2023-11-16,2023-11,Q4,Completed,Website,341.26,Netherlands,VIP
ORD003840,C00669,2023-10-03,2023-10,Q4,Completed,Marketplace,955.07,Germany,VIP
ORD003841,C00895,2023-10-30,2023-10,Q4,Completed,Website,538.41,France,Regular
ORD003842,C00556,2023-12-05,2023-12,Q4,Completed,Marketplace,447.66,France,Regular
ORD003843,C00065,2023-04-04,2023-04,Q2,Completed,Mobile App,202.95,Austria,VIP
ORD003844,C01999,2023-07-15,2023-07,Q3,Completed,Phone,129.53,Switzerland,VIP
ORD003845,C00195,2023-11-17,2023-11,Q4,Returned,Phone,240.65,Germany,Regular
ORD003846,C01121,2023-08-19,2023-08,Q3,Completed,Phone,100.25,Germany,Regular
ORD003847,C00771,2023-05-03,2023-05,Q2,Completed,Phone,789.35,Austria,Regular
ORD003848,C00700,2023-07-18,2023-07,Q3,Completed,Marketplace,105.54,Austria,Regular
ORD003849,C00769,2023-05-02,2023-05,Q2,Completed,Website,2128.31,Germany,Regular
ORD003850,C01716,2023-02-23,2023-02,Q1,Completed,Mobile App,19.66,Germany,Regular
ORD003851,C00779,2023-09-01,2023-09,Q3,Completed,Phone,542.08,Germany,Regular
ORD003852,C01946,2023-10-05,2023-10,Q4,Completed,Phone,55.06,Germany,Churned
ORD003853,C01369,2023-05-05,2023-05,Q2,Cancelled,Mobile App,171.66,Netherlands,VIP
ORD003854,C01735,2023-01-24,2023-01,Q1,Completed,Marketplace,202.42,Germany,Regular
ORD003855,C01347,2023-09-22,2023-09,Q3,Returned,Mobile App,113.53,Belgium,Regular
ORD003856,C00402,2023-01-13,2023-01,Q1,Completed,Phone,21.84,Germany,VIP
ORD003857,C00894,2023-09-17,2023-09,Q3,Completed,Mobile App,396.77,Belgium,Regular
ORD003858,C01486,2023-09-04,2023-09,Q3,Completed,Mobile App,1514.37,Belgium,New
ORD003859,C00542,2023-12-02,2023-12,Q4,Cancelled,Marketplace,1099.84,Belgium,Regular
ORD003860,C01856,2023-03-21,2023-03,Q1,Completed,Mobile App,662.04,Switzerland,Regular
ORD003861,C00708,2023-06-03,2023-06,Q2,Completed,Website,351.51,Germany,VIP
ORD003862,C00136,2023-01-12,2023-01,Q1,Completed,Website,113.53,Switzerland,New
ORD003863,C01502,2023-03-09,2023-03,Q1,Cancelled,Phone,498.06,Germany,Regular
ORD003864,C01254,2023-01-14,2023-01,Q1,Completed,Website,807.35,France,VIP
ORD003865,C01089,2023-10-08,2023-10,Q4,Completed,Website,410.44,Austria,Regular
ORD003866,C01086,2023-06-14,2023-06,Q2,Completed,Marketplace,32.56,France,Regular
ORD003867,C00973,2023-11-14,2023-11,Q4,Cancelled,Marketplace,251.19,Germany,Regular
ORD003868,C01747,2023-12-09,2023-12,Q4,Returned,Website,509.51,France,VIP
ORD003869,C00893,2023-03-14,2023-03,Q1,Returned,Marketplace,46.14,Germany,Churned
ORD003870,C01737,2023-10-17,2023-10,Q4,Completed,Mobile App,96.89,Germany,Regular
ORD003871,C01296,2023-01-28,2023-01,Q1,Completed,Mobile App,140.3,France,VIP
ORD003872,C00973,2023-03-08,2023-03,Q1,Completed,Website,3820.73,Germany,Regular
ORD003873,C01884,2023-10-13,2023-10,Q4,Completed,Website,198.86,Germany,Regular
ORD003874,C00738,2023-12-08,2023-12,Q4,Completed,Website,441.52,Austria,VIP
ORD003875,C01942,2023-01-02,2023-01,Q1,Completed,Website,738.65,Switzerland,VIP
ORD003876,C01439,2023-03-02,2023-03,Q1,Completed,Phone,75.51,Germany,New
ORD003877,C01070,2023-07-27,2023-07,Q3,Completed,Mobile App,1311.69,Germany,VIP
ORD003878,C00560,2023-01-23,2023-01,Q1,Completed,Marketplace,83.13,France,Regular
ORD003879,C00871,2023-06-17,2023-06,Q2,Completed,Marketplace,321.3,Austria,New
ORD003880,C00471,2023-09-21,2023-09,Q3,Completed,Phone,1906.46,Germany,VIP
ORD003881,C00001,2023-04-18,2023-04,Q2,Cancelled,Marketplace,54.29,France,Regular
ORD003882,C01977,2023-02-11,2023-02,Q1,Completed,Website,203.82,Germany,VIP
ORD003883,C00749,2023-06-14,2023-06,Q2,Completed,Phone,944.16,Germany,Regular
ORD003884,C01628,2023-09-22,2023-09,Q3,Completed,Phone,180.4,Germany,Regular
ORD003885,C01195,2023-10-08,2023-10,Q4,Completed,Marketplace,30.08,France,Regular
ORD003886,C00702,2023-08-28,2023-08,Q3,Completed,Mobile App,661.96,Germany,VIP
ORD003887,C00844,2023-07-13,2023-07,Q3,Completed,Phone,167.38,Switzerland,VIP
ORD003888,C01638,2023-01-19,2023-01,Q1,Completed,Phone,101.62,Germany,Regular
ORD003889,C01177,2023-01-15,2023-01,Q1,Completed,Website,331.0,Germany,Regular
ORD003890,C00909,2023-05-17,2023-05,Q2,Completed,Mobile App,66.5,Germany,Regular
ORD003891,C00237,2023-08-31,2023-08,Q3,Completed,Mobile App,474.01,Austria,Regular
ORD003892,C01789,2023-06-03,2023-06,Q2,Completed,Phone,196.86,France,Regular
ORD003893,C00791,2023-07-20,2023-07,Q3,Cancelled,Mobile App,254.49,Austria,VIP
ORD003894,C01734,2023-11-20,2023-11,Q4,Completed,Marketplace,28.94,France,VIP
ORD003895,C00833,2023-10-17,2023-10,Q4,Completed,Marketplace,384.34,Germany,New
ORD003896,C00578,2023-12-27,2023-12,Q4,Completed,Mobile App,524.67,Germany,Regular
ORD003897,C00585,2023-01-17,2023-01,Q1,Completed,Marketplace,197.42,Switzerland,VIP
ORD003898,C00963,2023-02-09,2023-02,Q1,Completed,Phone,71.21,France,Regular
ORD003899,C00939,2023-01-30,2023-01,Q1,Completed,Mobile App,835.93,Belgium,Regular
ORD003900,C00529,2023-03-25,2023-03,Q1,Completed,Mobile App,177.88,Germany,Regular
ORD003901,C00451,2023-10-10,2023-10,Q4,Completed,Website,678.53,Germany,VIP
ORD003902,C00844,2023-05-28,2023-05,Q2,Completed,Phone,1467.9,Switzerland,VIP
ORD003903,C01421,2023-10-19,2023-10,Q4,Completed,Phone,112.62,Austria,New
ORD003904,C00728,2023-12-31,2023-12,Q4,Completed,Website,1027.38,Netherlands,Regular
ORD003905,C01573,2023-01-02,2023-01,Q1,Completed,Phone,1017.32,Switzerland,VIP
ORD003906,C01362,2023-01-06,2023-01,Q1,Returned,Phone,34.15,Switzerland,VIP
ORD003907,C01472,2023-06-01,2023-06,Q2,Completed,Mobile App,807.35,Netherlands,Regular
ORD003908,C01948,2023-02-01,2023-02,Q1,Completed,Website,366.95,Belgium,New
ORD003909,C01277,2023-01-27,2023-01,Q1,Completed,Website,1198.86,Germany,Regular
ORD003910,C00743,2023-12-28,2023-12,Q4,Completed,Phone,150.64,Germany,VIP
ORD003911,C00585,2023-01-08,2023-01,Q1,Completed,Phone,48.86,Switzerland,VIP
ORD003912,C01052,2023-07-07,2023-07,Q3,Completed,Marketplace,1159.76,Germany,Regular
ORD003913,C01999,2023-08-07,2023-08,Q3,Completed,Mobile App,320.28,Switzerland,VIP
ORD003914,C01595,2023-05-03,2023-05,Q2,Completed,Phone,1484.76,Belgium,Regular
ORD003915,C01110,2023-07-20,2023-07,Q3,Completed,Phone,259.98,France,Regular
ORD003916,C01645,2023-12-16,2023-12,Q4,Completed,Marketplace,3064.1,Germany,Regular
ORD003917,C00919,2023-10-10,2023-10,Q4,Completed,Phone,131.29,France,VIP
ORD003918,C00094,2023-09-16,2023-09,Q3,Returned,Website,200.27,Germany,Regular
ORD003919,C00560,2023-05-17,2023-05,Q2,Completed,Website,89.13,France,Regular
ORD003920,C00184,2023-01-29,2023-01,Q1,Completed,Marketplace,157.27,Switzerland,VIP
ORD003921,C00706,2023-09-11,2023-09,Q3,Returned,Phone,624.8,Germany,New
ORD003922,C01792,2023-04-22,2023-04,Q2,Completed,Mobile App,789.82,France,New
ORD003923,C00094,2023-05-08,2023-05,Q2,Completed,Phone,133.95,Germany,Regular
ORD003924,C01700,2023-12-29,2023-12,Q4,Completed,Phone,116.16,Germany,New
ORD003925,C00918,2023-08-03,2023-08,Q3,Completed,Mobile App,2036.95,Switzerland,VIP
ORD003926,C00148,2023-11-22,2023-11,Q4,Completed,Mobile App,121.1,Netherlands,New
ORD003927,C00975,2023-04-20,2023-04,Q2,Completed,Phone,275.16,Germany,VIP
ORD003928,C01687,2023-11-23,2023-11,Q4,Completed,Phone,340.1,Germany,Regular
ORD003929,C01205,2023-06-26,2023-06,Q2,Completed,Marketplace,198.72,Netherlands,New
ORD003930,C01513,2023-10-14,2023-10,Q4,Completed,Mobile App,167.38,Germany,VIP
ORD003931,C00160,2023-03-16,2023-03,Q1,Completed,Website,232.02,France,Regular
ORD003932,C01481,2023-09-10,2023-09,Q3,Completed,Mobile App,284.13,Germany,VIP
ORD003933,C00446,2023-01-02,2023-01,Q1,Completed,Marketplace,71.21,Belgium,New
ORD003934,C01884,2023-03-05,2023-03,Q1,Completed,Marketplace,35.62,Germany,Regular
ORD003935,C00677,2023-12-13,2023-12,Q4,Completed,Marketplace,1202.8,Switzerland,Regular
ORD003936,C00335,2023-12-17,2023-12,Q4,Returned,Website,313.59,France,Regular
ORD003937,C01150,2023-10-21,2023-10,Q4,Returned,Mobile App,231.96,Germany,Regular
ORD003938,C01346,2023-10-10,2023-10,Q4,Returned,Mobile App,597.65,Austria,Regular
ORD003939,C00634,2023-08-24,2023-08,Q3,Completed,Mobile App,98.14,Germany,Regular
ORD003940,C01556,2023-11-08,2023-11,Q4,Completed,Mobile App,237.75,France,Regular
ORD003941,C00336,2023-06-17,2023-06,Q2,Completed,Marketplace,31.59,Netherlands,VIP
ORD003942,C01963,2023-10-20,2023-10,Q4,Completed,Website,161.13,Germany,VIP
ORD003943,C00620,2023-10-19,2023-10,Q4,Completed,Mobile App,54.29,Belgium,VIP
ORD003944,C00737,2023-01-14,2023-01,Q1,Completed,Mobile App,170.41,Austria,Regular
ORD003945,C01528,2023-04-25,2023-04,Q2,Completed,Website,256.27,Germany,Regular
ORD003946,C00076,2023-06-13,2023-06,Q2,Completed,Marketplace,68.83,Austria,Regular
ORD003947,C01206,2023-03-23,2023-03,Q1,Completed,Website,34.15,Austria,Regular
ORD003948,C00876,2023-04-01,2023-04,Q2,Cancelled,Marketplace,630.09,Germany,Regular
ORD003949,C01120,2023-10-17,2023-10,Q4,Completed,Mobile App,736.61,Switzerland,Regular
ORD003950,C00129,2023-05-17,2023-05,Q2,Returned,Marketplace,160.2,Belgium,Regular
ORD003951,C00144,2023-08-11,2023-08,Q3,Completed,Mobile App,58.37,Switzerland,Regular
ORD003952,C00940,2023-04-09,2023-04,Q2,Completed,Mobile App,838.41,Switzerland,Churned
ORD003953,C01944,2023-11-06,2023-11,Q4,Completed,Mobile App,115.89,Netherlands,New
ORD003954,C01489,2023-04-03,2023-04,Q2,Completed,Phone,225.0,France,Regular
ORD003955,C01441,2023-10-29,2023-10,Q4,Completed,Phone,165.66,Belgium,Regular
ORD003956,C00739,2023-12-20,2023-12,Q4,Completed,Website,573.75,Belgium,Regular
ORD003957,C00624,2023-01-23,2023-01,Q1,Completed,Website,179.38,Switzerland,Regular
ORD003958,C01278,2023-10-01,2023-10,Q4,Completed,Mobile App,408.93,Belgium,Regular
ORD003959,C00434,2023-10-28,2023-10,Q4,Completed,Phone,370.75,France,VIP
ORD003960,C00402,2023-08-04,2023-08,Q3,Completed,Phone,146.73,Germany,VIP
ORD003961,C01076,2023-12-31,2023-12,Q4,Completed,Website,33.75,Switzerland,VIP
ORD003962,C00860,2023-03-07,2023-03,Q1,Completed,Marketplace,2159.05,France,Regular
ORD003963,C00822,2023-05-18,2023-05,Q2,Returned,Mobile App,122.62,Germany,New
ORD003964,C00807,2023-03-17,2023-03,Q1,Completed,Phone,938.64,Austria,VIP
ORD003965,C00283,2023-02-24,2023-02,Q1,Completed,Marketplace,496.52,Germany,New
ORD003966,C01066,2023-11-14,2023-11,Q4,Completed,Website,236.37,Germany,Regular
ORD003967,C01156,2023-10-22,2023-10,Q4,Completed,Website,920.21,Germany,VIP
ORD003968,C01927,2023-11-07,2023-11,Q4,Completed,Website,302.93,Austria,VIP
ORD003969,C00982,2023-02-28,2023-02,Q1,Completed,Website,541.26,France,Regular
ORD003970,C01368,2023-11-30,2023-11,Q4,Completed,Website,173.48,Germany,VIP
ORD003971,C00253,2023-04-06,2023-04,Q2,Completed,Mobile App,35.18,Germany,Regular
ORD003972,C01363,2023-10-03,2023-10,Q4,Completed,Mobile App,55.22,Belgium,Regular
ORD003973,C00772,2023-06-24,2023-06,Q2,Completed,Website,310.35,Switzerland,Regular
ORD003974,C00939,2023-06-07,2023-06,Q2,Completed,Mobile App,278.05,Belgium,Regular
ORD003975,C00655,2023-05-12,2023-05,Q2,Completed,Mobile App,1035.22,Germany,Regular
ORD003976,C00503,2023-03-31,2023-03,Q1,Completed,Marketplace,853.01,Austria,Churned
ORD003977,C01357,2023-11-14,2023-11,Q4,Completed,Phone,687.07,Austria,Regular
ORD003978,C01969,2023-05-22,2023-05,Q2,Completed,Marketplace,805.29,Germany,Regular
ORD003979,C00612,2023-03-30,2023-03,Q1,Completed,Mobile App,316.51,France,Regular
ORD003980,C00556,2023-03-09,2023-03,Q1,Completed,Marketplace,928.89,France,Regular
ORD003981,C01230,2023-08-26,2023-08,Q3,Completed,Marketplace,36.9,Switzerland,New
ORD003982,C00346,2023-11-28,2023-11,Q4,Completed,Phone,934.65,Germany,Churned
ORD003983,C00523,2023-11-02,2023-11,Q4,Completed,Mobile App,275.57,Switzerland,VIP
ORD003984,C00325,2023-12-09,2023-12,Q4,Cancelled,Website,218.08,Netherlands,Churned
ORD003985,C00599,2023-10-02,2023-10,Q4,Completed,Marketplace,20.23,France,Regular
ORD003986,C01374,2023-11-01,2023-11,Q4,Completed,Mobile App,396.91,Belgium,Regular
ORD003987,C00130,2023-06-25,2023-06,Q2,Completed,Mobile App,30.16,Netherlands,Regular
ORD003988,C00155,2023-03-14,2023-03,Q1,Completed,Mobile App,976.45,Austria,New
ORD003989,C00859,2023-09-13,2023-09,Q3,Completed,Mobile App,126.99,Germany,Regular
ORD003990,C01274,2023-03-05,2023-03,Q1,Completed,Mobile App,128.72,Netherlands,Regular
ORD003991,C01672,2023-11-06,2023-11,Q4,Completed,Phone,22.67,Germany,Regular
ORD003992,C00979,2023-03-09,2023-03,Q1,Completed,Phone,1965.17,Switzerland,Regular
ORD003993,C00624,2023-11-12,2023-11,Q4,Completed,Phone,20.23,Switzerland,Regular
ORD003994,C01332,2023-10-29,2023-10,Q4,Completed,Phone,73.73,Germany,VIP
ORD003995,C01760,2023-06-28,2023-06,Q2,Completed,Website,61.99,Germany,New
ORD003996,C00220,2023-04-22,2023-04,Q2,Completed,Website,164.39,Switzerland,Regular
ORD003997,C01090,2023-03-17,2023-03,Q1,Completed,Website,84.24,Germany,Regular
ORD003998,C00226,2023-01-01,2023-01,Q1,Completed,Phone,258.43,Germany,Regular
ORD003999,C00529,2023-12-28,2023-12,Q4,Completed,Phone,565.54,Germany,Regular
ORD004000,C00663,2023-02-20,2023-02,Q1,Completed,Website,1866.74,Germany,New
ORD004001,C01654,2023-05-27,2023-05,Q2,Completed,Website,1185.02,Germany,Regular
ORD004002,C00118,2023-06-15,2023-06,Q2,Completed,Mobile App,49.47,Germany,Churned
ORD004003,C01478,2023-10-08,2023-10,Q4,Completed,Marketplace,146.73,Germany,Regular
ORD004004,C01874,2023-07-03,2023-07,Q3,Completed,Marketplace,538.49,France,New
ORD004005,C01215,2023-04-03,2023-04,Q2,Cancelled,Website,179.38,Germany,VIP
ORD004006,C01990,2023-09-18,2023-09,Q3,Completed,Mobile App,533.26,Netherlands,Regular
ORD004007,C00399,2023-07-13,2023-07,Q3,Completed,Marketplace,129.07,Germany,New
ORD004008,C00586,2023-12-01,2023-12,Q4,Completed,Website,597.12,Austria,Regular
ORD004009,C00680,2023-04-24,2023-04,Q2,Completed,Marketplace,253.37,Germany,VIP
ORD004010,C00472,2023-05-12,2023-05,Q2,Completed,Website,167.29,Switzerland,VIP
ORD004011,C01718,2023-10-17,2023-10,Q4,Completed,Mobile App,33.57,Germany,Regular
ORD004012,C00664,2023-01-13,2023-01,Q1,Completed,Phone,735.79,Switzerland,VIP
ORD004013,C00455,2023-01-28,2023-01,Q1,Completed,Website,21.84,Switzerland,Regular
ORD004014,C00430,2023-12-05,2023-12,Q4,Completed,Phone,535.93,Germany,Regular
ORD004015,C01586,2023-10-30,2023-10,Q4,Completed,Website,144.08,France,Regular
ORD004016,C00409,2023-10-02,2023-10,Q4,Completed,Phone,859.86,Netherlands,Regular
ORD004017,C00844,2023-01-09,2023-01,Q1,Completed,Mobile App,1662.56,Switzerland,VIP
ORD004018,C01703,2023-03-27,2023-03,Q1,Completed,Mobile App,641.25,Switzerland,Regular
ORD004019,C00514,2023-12-28,2023-12,Q4,Completed,Website,146.73,Germany,Regular
ORD004020,C01622,2023-07-19,2023-07,Q3,Completed,Website,228.03,Netherlands,Regular
ORD004021,C00377,2023-10-07,2023-10,Q4,Completed,Website,1167.87,Netherlands,Regular
ORD004022,C00796,2023-06-22,2023-06,Q2,Completed,Marketplace,38.91,Netherlands,Regular
ORD004023,C01197,2023-04-29,2023-04,Q2,Completed,Mobile App,368.2,Austria,New
ORD004024,C01406,2023-04-22,2023-04,Q2,Completed,Marketplace,247.54,Belgium,VIP
ORD004025,C01523,2023-03-15,2023-03,Q1,Completed,Mobile App,175.37,Switzerland,Regular
ORD004026,C00392,2023-01-24,2023-01,Q1,Completed,Website,2302.86,Germany,VIP
ORD004027,C00329,2023-04-11,2023-04,Q2,Completed,Mobile App,1661.54,Switzerland,Regular
ORD004028,C00630,2023-01-09,2023-01,Q1,Completed,Phone,236.37,Switzerland,VIP
ORD004029,C01320,2023-12-19,2023-12,Q4,Completed,Marketplace,35.66,Belgium,VIP
ORD004030,C00833,2023-04-09,2023-04,Q2,Completed,Mobile App,851.87,Germany,New
ORD004031,C00936,2023-02-05,2023-02,Q1,Completed,Marketplace,66.84,Switzerland,VIP
ORD004032,C01702,2023-01-27,2023-01,Q1,Completed,Mobile App,37.85,Belgium,Regular
ORD004033,C01092,2023-12-23,2023-12,Q4,Completed,Marketplace,300.34,Germany,New
ORD004034,C01111,2023-11-26,2023-11,Q4,Completed,Phone,33.57,Germany,VIP
ORD004035,C01527,2023-05-26,2023-05,Q2,Completed,Mobile App,862.63,Netherlands,Churned
ORD004036,C01737,2023-09-17,2023-09,Q3,Completed,Phone,847.95,Germany,Regular
ORD004037,C00463,2023-12-22,2023-12,Q4,Completed,Phone,90.83,Switzerland,VIP
ORD004038,C00243,2023-12-21,2023-12,Q4,Completed,Phone,205.68,Germany,Regular
ORD004039,C00657,2023-10-30,2023-10,Q4,Completed,Website,179.61,Austria,Regular
ORD004040,C01604,2023-03-08,2023-03,Q1,Completed,Website,293.43,Belgium,Regular
ORD004041,C01679,2023-12-27,2023-12,Q4,Returned,Website,2694.95,Belgium,VIP
ORD004042,C01755,2023-02-21,2023-02,Q1,Completed,Mobile App,85.08,France,VIP
ORD004043,C00500,2023-02-16,2023-02,Q1,Returned,Phone,528.58,France,VIP
ORD004044,C01019,2023-01-25,2023-01,Q1,Completed,Phone,1645.74,Germany,VIP
ORD004045,C00532,2023-06-07,2023-06,Q2,Completed,Website,1142.66,Austria,New
ORD004046,C01563,2023-10-19,2023-10,Q4,Completed,Marketplace,1193.4,Belgium,VIP
ORD004047,C01893,2023-07-17,2023-07,Q3,Completed,Phone,64.33,Germany,Regular
ORD004048,C00777,2023-11-24,2023-11,Q4,Completed,Website,137.66,Switzerland,Regular
ORD004049,C01929,2023-03-22,2023-03,Q1,Completed,Phone,586.5,France,VIP
ORD004050,C01281,2023-05-17,2023-05,Q2,Completed,Mobile App,71.32,Germany,Regular
ORD004051,C01319,2023-11-29,2023-11,Q4,Completed,Mobile App,1911.3,France,Regular
ORD004052,C01376,2023-10-03,2023-10,Q4,Completed,Mobile App,98.82,Netherlands,Regular
ORD004053,C01560,2023-12-25,2023-12,Q4,Completed,Website,120.45,Belgium,VIP
ORD004054,C01492,2023-10-29,2023-10,Q4,Completed,Marketplace,1066.52,France,New
ORD004055,C01596,2023-05-11,2023-05,Q2,Completed,Phone,142.27,Netherlands,VIP
ORD004056,C01636,2023-10-20,2023-10,Q4,Completed,Marketplace,540.16,Switzerland,Regular
ORD004057,C01614,2023-11-13,2023-11,Q4,Completed,Phone,130.18,France,New
ORD004058,C01159,2023-08-16,2023-08,Q3,Completed,Website,621.61,Belgium,Regular
ORD004059,C00715,2023-03-29,2023-03,Q1,Completed,Phone,697.25,Austria,Regular
ORD004060,C00267,2023-04-07,2023-04,Q2,Completed,Website,342.87,Austria,VIP
ORD004061,C01654,2023-06-12,2023-06,Q2,Completed,Phone,273.9,Germany,Regular
ORD004062,C01076,2023-01-16,2023-01,Q1,Completed,Marketplace,64.58,Switzerland,VIP
ORD004063,C00701,2023-06-29,2023-06,Q2,Cancelled,Phone,265.01,Belgium,VIP
ORD004064,C00282,2023-01-10,2023-01,Q1,Completed,Mobile App,1612.06,Switzerland,Regular
ORD004065,C01212,2023-12-17,2023-12,Q4,Completed,Marketplace,613.72,France,Regular
ORD004066,C00557,2023-11-03,2023-11,Q4,Completed,Marketplace,62.69,Belgium,Regular
ORD004067,C00019,2023-01-08,2023-01,Q1,Completed,Phone,37.54,Netherlands,Regular
ORD004068,C01063,2023-07-25,2023-07,Q3,Completed,Marketplace,493.02,Belgium,New
ORD004069,C00719,2023-01-10,2023-01,Q1,Completed,Phone,1373.46,France,Regular
ORD004070,C00713,2023-05-26,2023-05,Q2,Completed,Phone,71.3,Switzerland,Regular
ORD004071,C01647,2023-01-03,2023-01,Q1,Completed,Phone,228.51,Netherlands,Regular
ORD004072,C00887,2023-12-10,2023-12,Q4,Completed,Mobile App,1879.4,Netherlands,New
ORD004073,C00961,2023-12-14,2023-12,Q4,Completed,Phone,337.04,Germany,Regular
ORD004074,C01636,2023-11-06,2023-11,Q4,Completed,Phone,91.88,Switzerland,Regular
ORD004075,C01923,2023-05-02,2023-05,Q2,Completed,Website,975.23,Germany,Regular
ORD004076,C01301,2023-06-07,2023-06,Q2,Completed,Marketplace,411.51,Germany,Regular
ORD004077,C00273,2023-01-31,2023-01,Q1,Completed,Website,1467.9,France,VIP
ORD004078,C01042,2023-10-10,2023-10,Q4,Completed,Phone,71.56,Germany,New
ORD004079,C00385,2023-03-23,2023-03,Q1,Completed,Marketplace,781.45,Belgium,Regular
ORD004080,C01954,2023-06-16,2023-06,Q2,Completed,Mobile App,480.46,Netherlands,Regular
ORD004081,C01066,2023-10-27,2023-10,Q4,Completed,Mobile App,57.78,Germany,Regular
ORD004082,C00995,2023-09-04,2023-09,Q3,Completed,Marketplace,19.63,Austria,Regular
ORD004083,C00915,2023-11-15,2023-11,Q4,Completed,Website,1881.1,Germany,VIP
ORD004084,C01405,2023-07-11,2023-07,Q3,Completed,Marketplace,12.17,France,Regular
ORD004085,C01250,2023-05-29,2023-05,Q2,Completed,Mobile App,111.14,Germany,New
ORD004086,C01999,2023-05-13,2023-05,Q2,Completed,Marketplace,200.27,Switzerland,VIP
ORD004087,C00472,2023-06-24,2023-06,Q2,Completed,Website,612.64,Switzerland,VIP
ORD004088,C01941,2023-06-20,2023-06,Q2,Completed,Marketplace,32.17,Germany,New
ORD004089,C01956,2023-09-25,2023-09,Q3,Completed,Website,2414.11,Switzerland,Regular
ORD004090,C00770,2023-02-20,2023-02,Q1,Completed,Website,133.83,Netherlands,New
ORD004091,C00596,2023-09-13,2023-09,Q3,Completed,Mobile App,176.76,Switzerland,VIP
ORD004092,C01360,2023-12-10,2023-12,Q4,Completed,Website,310.58,Belgium,New
ORD004093,C00999,2023-02-02,2023-02,Q1,Completed,Mobile App,458.14,Germany,VIP
ORD004094,C01996,2023-04-05,2023-04,Q2,Completed,Mobile App,50.2,Switzerland,VIP
ORD004095,C01515,2023-12-22,2023-12,Q4,Completed,Phone,255.66,Austria,New
ORD004096,C00095,2023-03-10,2023-03,Q1,Completed,Website,496.86,Netherlands,Regular
ORD004097,C01301,2023-09-25,2023-09,Q3,Returned,Website,240.25,Germany,Regular
ORD004098,C00115,2023-06-11,2023-06,Q2,Completed,Phone,344.83,Germany,New
ORD004099,C00603,2023-09-11,2023-09,Q3,Completed,Phone,266.81,Austria,VIP
ORD004100,C00345,2023-03-20,2023-03,Q1,Completed,Mobile App,582.04,Germany,Regular
ORD004101,C00726,2023-03-03,2023-03,Q1,Completed,Phone,1721.75,Austria,Churned
ORD004102,C01956,2023-10-24,2023-10,Q4,Completed,Mobile App,68.83,Switzerland,Regular
ORD004103,C01008,2023-04-01,2023-04,Q2,Completed,Mobile App,52.53,Germany,New
ORD004104,C01210,2023-01-16,2023-01,Q1,Completed,Website,126.93,Switzerland,VIP
ORD004105,C01345,2023-01-25,2023-01,Q1,Completed,Website,46.14,Netherlands,VIP
ORD004106,C00356,2023-03-23,2023-03,Q1,Completed,Phone,1120.57,Belgium,Regular
ORD004107,C01673,2023-11-23,2023-11,Q4,Completed,Phone,569.67,Germany,VIP
ORD004108,C00707,2023-01-23,2023-01,Q1,Completed,Marketplace,1301.14,Germany,Regular
ORD004109,C01283,2023-03-23,2023-03,Q1,Cancelled,Mobile App,2428.33,France,VIP
ORD004110,C00742,2023-12-10,2023-12,Q4,Completed,Phone,404.83,Netherlands,VIP
ORD004111,C00511,2023-06-01,2023-06,Q2,Completed,Marketplace,40.53,Belgium,Regular
ORD004112,C00834,2023-05-12,2023-05,Q2,Completed,Phone,89.13,Germany,Regular
ORD004113,C00974,2023-05-19,2023-05,Q2,Completed,Marketplace,542.91,Germany,New
ORD004114,C00335,2023-12-29,2023-12,Q4,Completed,Phone,855.09,France,Regular
ORD004115,C01368,2023-07-13,2023-07,Q3,Completed,Phone,256.56,Germany,VIP
ORD004116,C00688,2023-10-07,2023-10,Q4,Completed,Mobile App,287.7,Germany,VIP
ORD004117,C00724,2023-03-04,2023-03,Q1,Completed,Mobile App,400.65,Belgium,New
ORD004118,C01361,2023-03-12,2023-03,Q1,Completed,Phone,285.45,Germany,Regular
ORD004119,C00589,2023-07-20,2023-07,Q3,Completed,Website,675.0,Germany,VIP
ORD004120,C01814,2023-07-11,2023-07,Q3,Completed,Mobile App,107.53,Netherlands,New
ORD004121,C01349,2023-05-04,2023-05,Q2,Completed,Phone,192.84,France,VIP
ORD004122,C01973,2023-12-15,2023-12,Q4,Completed,Marketplace,382.58,Germany,Regular
ORD004123,C00208,2023-04-28,2023-04,Q2,Cancelled,Phone,1535.82,Austria,VIP
ORD004124,C00267,2023-12-17,2023-12,Q4,Completed,Website,1442.06,Austria,VIP
ORD004125,C00234,2023-02-27,2023-02,Q1,Completed,Website,180.16,Germany,New
ORD004126,C00807,2023-06-27,2023-06,Q2,Completed,Mobile App,470.03,Austria,VIP
ORD004127,C01246,2023-03-21,2023-03,Q1,Completed,Mobile App,373.13,Germany,Regular
ORD004128,C00801,2023-02-25,2023-02,Q1,Completed,Marketplace,89.59,France,VIP
ORD004129,C00778,2023-11-21,2023-11,Q4,Completed,Marketplace,30.28,France,New
ORD004130,C01963,2023-11-14,2023-11,Q4,Completed,Marketplace,943.67,Germany,VIP
ORD004131,C00953,2023-04-09,2023-04,Q2,Completed,Mobile App,166.91,Germany,New
ORD004132,C00017,2023-05-20,2023-05,Q2,Completed,Phone,344.37,Germany,VIP
ORD004133,C00333,2023-09-04,2023-09,Q3,Completed,Phone,86.97,Germany,Regular
ORD004134,C01890,2023-11-16,2023-11,Q4,Completed,Marketplace,219.64,Netherlands,VIP
ORD004135,C00278,2023-01-24,2023-01,Q1,Completed,Phone,209.56,France,VIP
ORD004136,C01598,2023-09-24,2023-09,Q3,Completed,Website,265.93,Germany,VIP
ORD004137,C00616,2023-01-02,2023-01,Q1,Completed,Mobile App,180.57,Germany,Regular
ORD004138,C00015,2023-11-29,2023-11,Q4,Cancelled,Mobile App,701.15,Netherlands,Regular
ORD004139,C01250,2023-11-01,2023-11,Q4,Cancelled,Website,633.84,Germany,New
ORD004140,C00459,2023-08-28,2023-08,Q3,Completed,Phone,507.29,Austria,VIP
ORD004141,C01469,2023-01-23,2023-01,Q1,Completed,Marketplace,34.55,Netherlands,Regular
ORD004142,C01033,2023-12-08,2023-12,Q4,Completed,Website,39.63,Germany,Regular
ORD004143,C00210,2023-06-28,2023-06,Q2,Returned,Mobile App,107.26,Germany,VIP
ORD004144,C01122,2023-01-23,2023-01,Q1,Completed,Phone,163.12,Netherlands,Regular
ORD004145,C00785,2023-08-16,2023-08,Q3,Completed,Website,162.67,Switzerland,VIP
ORD004146,C00701,2023-10-07,2023-10,Q4,Completed,Website,207.34,Belgium,VIP
ORD004147,C00830,2023-03-15,2023-03,Q1,Completed,Phone,1118.85,Germany,VIP
ORD004148,C00202,2023-10-01,2023-10,Q4,Completed,Phone,228.19,France,VIP
ORD004149,C01994,2023-02-06,2023-02,Q1,Completed,Phone,526.32,Netherlands,Regular
ORD004150,C00975,2023-04-12,2023-04,Q2,Completed,Phone,1762.35,Germany,VIP
ORD004151,C00878,2023-09-17,2023-09,Q3,Cancelled,Website,31.15,Netherlands,Regular
ORD004152,C00261,2023-04-27,2023-04,Q2,Completed,Phone,1074.86,Austria,New
ORD004153,C01739,2023-06-08,2023-06,Q2,Completed,Marketplace,504.79,Germany,Regular
ORD004154,C00931,2023-02-10,2023-02,Q1,Completed,Marketplace,684.73,Germany,VIP
ORD004155,C00904,2023-08-15,2023-08,Q3,Completed,Phone,103.11,Germany,Regular
ORD004156,C01909,2023-01-11,2023-01,Q1,Completed,Phone,236.34,France,Regular
ORD004157,C00047,2023-12-16,2023-12,Q4,Completed,Phone,897.82,France,VIP
ORD004158,C01795,2023-06-27,2023-06,Q2,Completed,Website,1289.41,Austria,VIP
ORD004159,C00153,2023-11-16,2023-11,Q4,Completed,Mobile App,767.18,Germany,VIP
ORD004160,C01902,2023-06-02,2023-06,Q2,Returned,Phone,185.2,Netherlands,New
ORD004161,C01188,2023-03-07,2023-03,Q1,Completed,Phone,160.14,France,Regular
ORD004162,C00944,2023-04-17,2023-04,Q2,Cancelled,Mobile App,434.62,Germany,VIP
ORD004163,C00365,2023-11-25,2023-11,Q4,Completed,Mobile App,465.69,Belgium,Regular
ORD004164,C01033,2023-01-30,2023-01,Q1,Cancelled,Website,90.37,Germany,Regular
ORD004165,C00761,2023-06-11,2023-06,Q2,Completed,Website,1210.09,Switzerland,Regular
ORD004166,C01202,2023-12-09,2023-12,Q4,Cancelled,Phone,535.94,Germany,VIP
ORD004167,C00648,2023-10-17,2023-10,Q4,Completed,Website,9.74,Germany,Regular
ORD004168,C00823,2023-05-13,2023-05,Q2,Completed,Mobile App,394.54,Belgium,New
ORD004169,C01229,2023-12-08,2023-12,Q4,Returned,Phone,556.86,Germany,Regular
ORD004170,C01425,2023-01-16,2023-01,Q1,Completed,Marketplace,88.91,Switzerland,VIP
ORD004171,C01500,2023-08-11,2023-08,Q3,Completed,Marketplace,357.31,Switzerland,Regular
ORD004172,C01887,2023-12-03,2023-12,Q4,Returned,Mobile App,68.56,Germany,Regular
ORD004173,C00930,2023-03-24,2023-03,Q1,Returned,Website,368.05,Switzerland,VIP
ORD004174,C01893,2023-02-14,2023-02,Q1,Completed,Phone,234.84,Germany,Regular
ORD004175,C00815,2023-12-24,2023-12,Q4,Completed,Marketplace,52.84,Germany,VIP
ORD004176,C01176,2023-09-26,2023-09,Q3,Completed,Mobile App,1391.0,Belgium,Regular
ORD004177,C00674,2023-05-17,2023-05,Q2,Returned,Website,91.79,Belgium,New
ORD004178,C00769,2023-07-28,2023-07,Q3,Returned,Website,100.03,Germany,Regular
ORD004179,C00053,2023-09-24,2023-09,Q3,Completed,Phone,35.96,France,Regular
ORD004180,C01952,2023-03-27,2023-03,Q1,Completed,Phone,1594.71,France,VIP
ORD004181,C01636,2023-12-03,2023-12,Q4,Completed,Website,35.18,Switzerland,Regular
ORD004182,C00180,2023-05-08,2023-05,Q2,Completed,Website,1010.47,Germany,VIP
ORD004183,C01135,2023-09-21,2023-09,Q3,Completed,Marketplace,737.02,Austria,VIP
ORD004184,C00243,2023-04-12,2023-04,Q2,Completed,Mobile App,1511.43,Germany,Regular
ORD004185,C01230,2023-10-07,2023-10,Q4,Completed,Mobile App,104.0,Switzerland,New
ORD004186,C00396,2023-12-18,2023-12,Q4,Completed,Mobile App,310.35,France,Regular
ORD004187,C01787,2023-08-05,2023-08,Q3,Completed,Marketplace,34.38,Germany,Regular
ORD004188,C01631,2023-03-19,2023-03,Q1,Completed,Phone,1556.32,Switzerland,New
ORD004189,C01508,2023-03-22,2023-03,Q1,Completed,Website,1507.98,Switzerland,VIP
ORD004190,C01136,2023-12-14,2023-12,Q4,Cancelled,Website,32.06,Netherlands,Regular
ORD004191,C01261,2023-10-04,2023-10,Q4,Returned,Phone,984.15,Austria,Regular
ORD004192,C00032,2023-11-19,2023-11,Q4,Completed,Mobile App,1302.15,Austria,New
ORD004193,C01297,2023-11-23,2023-11,Q4,Completed,Phone,304.27,Austria,New
ORD004194,C01128,2023-05-18,2023-05,Q2,Completed,Marketplace,177.83,Germany,Regular
ORD004195,C00880,2023-01-16,2023-01,Q1,Completed,Marketplace,348.42,Germany,Regular
ORD004196,C00942,2023-10-22,2023-10,Q4,Completed,Mobile App,806.51,Switzerland,Regular
ORD004197,C01295,2023-02-22,2023-02,Q1,Completed,Marketplace,1172.99,Switzerland,New
ORD004198,C00428,2023-08-23,2023-08,Q3,Returned,Website,667.35,Germany,Regular
ORD004199,C00664,2023-04-21,2023-04,Q2,Completed,Website,27.71,Switzerland,VIP
ORD004200,C01556,2023-07-01,2023-07,Q3,Completed,Phone,106.8,France,Regular
ORD004201,C00499,2023-07-31,2023-07,Q3,Returned,Website,54.29,Germany,Regular
ORD004202,C00845,2023-11-03,2023-11,Q4,Completed,Marketplace,90.2,Netherlands,VIP
ORD004203,C01924,2023-08-06,2023-08,Q3,Completed,Mobile App,646.94,Austria,Regular
ORD004204,C00864,2023-09-09,2023-09,Q3,Completed,Marketplace,171.54,Switzerland,VIP
ORD004205,C01697,2023-11-03,2023-11,Q4,Completed,Website,89.13,Germany,Regular
ORD004206,C01310,2023-08-03,2023-08,Q3,Completed,Website,341.58,Austria,VIP
ORD004207,C01373,2023-06-23,2023-06,Q2,Completed,Website,331.52,Germany,New
ORD004208,C01136,2023-05-20,2023-05,Q2,Completed,Website,129.07,Netherlands,Regular
ORD004209,C01076,2023-06-13,2023-06,Q2,Completed,Marketplace,55.22,Switzerland,VIP
ORD004210,C00062,2023-06-22,2023-06,Q2,Completed,Phone,272.94,Switzerland,VIP
ORD004211,C00393,2023-04-23,2023-04,Q2,Completed,Website,331.0,Belgium,VIP
ORD004212,C01571,2023-01-26,2023-01,Q1,Completed,Phone,927.07,Germany,New
ORD004213,C00697,2023-10-27,2023-10,Q4,Completed,Website,222.24,Netherlands,Regular
ORD004214,C00789,2023-04-22,2023-04,Q2,Completed,Marketplace,34.15,Germany,Regular
ORD004215,C01823,2023-10-15,2023-10,Q4,Completed,Website,61.11,France,VIP
ORD004216,C01299,2023-11-05,2023-11,Q4,Completed,Marketplace,118.36,Netherlands,Regular
ORD004217,C01906,2023-05-22,2023-05,Q2,Completed,Phone,119.11,Germany,Regular
ORD004218,C00944,2023-05-15,2023-05,Q2,Completed,Website,398.7,Germany,VIP
ORD004219,C01087,2023-12-19,2023-12,Q4,Completed,Phone,912.96,Netherlands,Regular
ORD004220,C00155,2023-10-20,2023-10,Q4,Completed,Phone,648.89,Austria,New
ORD004221,C00603,2023-11-17,2023-11,Q4,Completed,Marketplace,274.1,Austria,VIP
ORD004222,C01991,2023-02-14,2023-02,Q1,Completed,Website,200.27,France,New
ORD004223,C00757,2023-05-16,2023-05,Q2,Completed,Marketplace,307.52,Germany,Regular
ORD004224,C00267,2023-10-27,2023-10,Q4,Completed,Mobile App,316.3,Austria,VIP
ORD004225,C01784,2023-12-03,2023-12,Q4,Completed,Website,47.49,Netherlands,Regular
ORD004226,C01488,2023-11-18,2023-11,Q4,Completed,Phone,881.1,Germany,Regular
ORD004227,C00358,2023-06-21,2023-06,Q2,Completed,Marketplace,1186.82,France,New
ORD004228,C00243,2023-08-13,2023-08,Q3,Completed,Mobile App,52.87,Germany,Regular
ORD004229,C00081,2023-12-20,2023-12,Q4,Completed,Marketplace,134.63,Germany,New
ORD004230,C01758,2023-03-07,2023-03,Q1,Completed,Phone,506.17,Germany,VIP
ORD004231,C01017,2023-03-18,2023-03,Q1,Completed,Website,2109.92,France,New
ORD004232,C01743,2023-03-24,2023-03,Q1,Completed,Website,37.85,France,VIP
ORD004233,C01508,2023-04-06,2023-04,Q2,Completed,Phone,449.13,Switzerland,VIP
ORD004234,C00186,2023-10-11,2023-10,Q4,Completed,Website,862.63,Germany,VIP
ORD004235,C00936,2023-01-09,2023-01,Q1,Completed,Phone,35.05,Switzerland,VIP
ORD004236,C00180,2023-05-16,2023-05,Q2,Completed,Mobile App,211.62,Germany,VIP
ORD004237,C01753,2023-07-24,2023-07,Q3,Completed,Phone,1056.64,Germany,New
ORD004238,C00317,2023-06-22,2023-06,Q2,Completed,Marketplace,247.02,Austria,Regular
ORD004239,C01719,2023-12-30,2023-12,Q4,Completed,Website,234.84,Germany,Regular
ORD004240,C01494,2023-08-27,2023-08,Q3,Completed,Marketplace,312.21,Germany,Regular
ORD004241,C01024,2023-06-09,2023-06,Q2,Completed,Website,248.0,Switzerland,Regular
ORD004242,C01005,2023-03-09,2023-03,Q1,Completed,Marketplace,111.57,Switzerland,Regular
ORD004243,C01909,2023-05-09,2023-05,Q2,Completed,Website,135.01,France,Regular
ORD004244,C00824,2023-07-13,2023-07,Q3,Returned,Mobile App,753.21,Germany,Regular
ORD004245,C00939,2023-05-24,2023-05,Q2,Completed,Mobile App,58.74,Belgium,Regular
ORD004246,C00022,2023-01-04,2023-01,Q1,Completed,Marketplace,284.03,Germany,New
ORD004247,C01381,2023-12-23,2023-12,Q4,Completed,Mobile App,234.84,Germany,Churned
ORD004248,C01672,2023-12-04,2023-12,Q4,Completed,Marketplace,137.12,Germany,Regular
ORD004249,C01336,2023-04-28,2023-04,Q2,Completed,Phone,589.62,Germany,VIP
ORD004250,C00009,2023-03-17,2023-03,Q1,Completed,Website,602.23,Austria,Regular
ORD004251,C00004,2023-08-17,2023-08,Q3,Completed,Website,146.58,Germany,New
ORD004252,C00985,2023-07-11,2023-07,Q3,Completed,Marketplace,178.97,Austria,Regular
ORD004253,C01362,2023-10-29,2023-10,Q4,Completed,Mobile App,614.38,Switzerland,VIP
ORD004254,C01079,2023-10-05,2023-10,Q4,Completed,Marketplace,2540.52,France,New
ORD004255,C00739,2023-07-12,2023-07,Q3,Completed,Website,180.57,Belgium,Regular
ORD004256,C01462,2023-08-23,2023-08,Q3,Completed,Mobile App,248.44,Germany,New
ORD004257,C01368,2023-11-18,2023-11,Q4,Completed,Website,696.84,Germany,VIP
ORD004258,C01758,2023-11-02,2023-11,Q4,Completed,Marketplace,309.46,Germany,VIP
ORD004259,C00263,2023-03-23,2023-03,Q1,Completed,Website,10.34,Germany,New
ORD004260,C01942,2023-02-07,2023-02,Q1,Completed,Phone,279.69,Switzerland,VIP
ORD004261,C01459,2023-01-10,2023-01,Q1,Completed,Marketplace,2436.17,Belgium,VIP
ORD004262,C00242,2023-09-10,2023-09,Q3,Completed,Marketplace,1779.09,Belgium,Regular
ORD004263,C01210,2023-05-19,2023-05,Q2,Completed,Website,446.28,Switzerland,VIP
ORD004264,C01782,2023-01-29,2023-01,Q1,Completed,Website,335.85,France,Regular
ORD004265,C00931,2023-12-15,2023-12,Q4,Completed,Marketplace,1005.65,Germany,VIP
ORD004266,C00110,2023-09-15,2023-09,Q3,Completed,Phone,110.44,Belgium,Regular
ORD004267,C00036,2023-12-16,2023-12,Q4,Completed,Website,339.6,France,VIP
ORD004268,C00290,2023-06-05,2023-06,Q2,Completed,Marketplace,314.11,France,New
ORD004269,C01223,2023-02-22,2023-02,Q1,Completed,Mobile App,610.47,Netherlands,Regular
ORD004270,C00841,2023-05-13,2023-05,Q2,Cancelled,Website,212.73,Switzerland,VIP
ORD004271,C00460,2023-05-04,2023-05,Q2,Completed,Phone,133.16,Netherlands,Regular
ORD004272,C00515,2023-10-23,2023-10,Q4,Completed,Marketplace,1442.63,Germany,Regular
ORD004273,C01152,2023-03-18,2023-03,Q1,Completed,Mobile App,1116.14,France,VIP
ORD004274,C00768,2023-12-08,2023-12,Q4,Completed,Website,71.56,Germany,Regular
ORD004275,C01903,2023-01-27,2023-01,Q1,Completed,Phone,1148.74,Germany,New
ORD004276,C01502,2023-04-25,2023-04,Q2,Completed,Marketplace,24.13,Germany,Regular
ORD004277,C00494,2023-10-29,2023-10,Q4,Completed,Marketplace,113.53,Germany,Regular
ORD004278,C00776,2023-11-22,2023-11,Q4,Completed,Phone,139.11,Germany,Regular
ORD004279,C01049,2023-06-11,2023-06,Q2,Completed,Website,1917.03,Germany,Regular
ORD004280,C00648,2023-02-06,2023-02,Q1,Completed,Mobile App,203.98,Germany,Regular
ORD004281,C00108,2023-03-06,2023-03,Q1,Completed,Marketplace,2072.19,Germany,Regular
ORD004282,C00732,2023-11-27,2023-11,Q4,Cancelled,Website,962.87,France,VIP
ORD004283,C01666,2023-01-05,2023-01,Q1,Completed,Mobile App,115.05,Germany,New
ORD004284,C00361,2023-06-05,2023-06,Q2,Completed,Marketplace,167.29,Germany,Regular
ORD004285,C00356,2023-04-08,2023-04,Q2,Completed,Website,2897.94,Belgium,Regular
ORD004286,C00815,2023-12-15,2023-12,Q4,Completed,Mobile App,23.12,Germany,VIP
ORD004287,C01819,2023-10-02,2023-10,Q4,Completed,Marketplace,539.95,Germany,Regular
ORD004288,C01596,2023-12-05,2023-12,Q4,Completed,Website,1148.44,Netherlands,VIP
ORD004289,C01812,2023-12-22,2023-12,Q4,Completed,Phone,78.59,Netherlands,New
ORD004290,C00100,2023-04-12,2023-04,Q2,Completed,Marketplace,1406.61,France,Regular
ORD004291,C01979,2023-07-23,2023-07,Q3,Cancelled,Website,722.84,Germany,Regular
ORD004292,C00220,2023-04-18,2023-04,Q2,Completed,Mobile App,224.55,Switzerland,Regular
ORD004293,C00656,2023-12-14,2023-12,Q4,Completed,Marketplace,310.58,Switzerland,Regular
ORD004294,C00559,2023-06-12,2023-06,Q2,Completed,Website,337.33,Germany,VIP
ORD004295,C01177,2023-04-11,2023-04,Q2,Completed,Phone,1642.41,Germany,Regular
ORD004296,C01619,2023-12-11,2023-12,Q4,Completed,Mobile App,333.42,France,VIP
ORD004297,C01950,2023-05-14,2023-05,Q2,Cancelled,Phone,149.62,Switzerland,VIP
ORD004298,C00548,2023-10-09,2023-10,Q4,Completed,Marketplace,624.48,Austria,New
ORD004299,C01565,2023-07-24,2023-07,Q3,Completed,Marketplace,83.9,Belgium,New
ORD004300,C00876,2023-12-20,2023-12,Q4,Completed,Website,237.0,Germany,Regular
ORD004301,C00273,2023-02-20,2023-02,Q1,Completed,Marketplace,394.71,France,VIP
ORD004302,C01473,2023-02-18,2023-02,Q1,Completed,Website,407.63,Germany,Regular
ORD004303,C01928,2023-07-05,2023-07,Q3,Returned,Phone,164.39,Switzerland,VIP
ORD004304,C01894,2023-01-02,2023-01,Q1,Cancelled,Phone,3058.43,Belgium,Regular
ORD004305,C01429,2023-10-25,2023-10,Q4,Completed,Phone,2162.0,Netherlands,Regular
ORD004306,C00167,2023-04-25,2023-04,Q2,Completed,Marketplace,71.56,Switzerland,Regular
ORD004307,C00094,2023-05-22,2023-05,Q2,Completed,Phone,902.81,Germany,Regular
ORD004308,C01755,2023-12-30,2023-12,Q4,Completed,Marketplace,52.84,France,VIP
ORD004309,C00719,2023-01-01,2023-01,Q1,Returned,Mobile App,28.2,France,Regular
ORD004310,C01179,2023-03-15,2023-03,Q1,Completed,Phone,236.37,Austria,Regular
ORD004311,C01925,2023-03-26,2023-03,Q1,Cancelled,Mobile App,36.9,Belgium,Regular
ORD004312,C00767,2023-06-24,2023-06,Q2,Completed,Marketplace,856.94,Germany,VIP
ORD004313,C00489,2023-03-16,2023-03,Q1,Completed,Website,136.15,Netherlands,Regular
ORD004314,C01038,2023-11-12,2023-11,Q4,Completed,Mobile App,70.54,Germany,VIP
ORD004315,C01577,2023-07-15,2023-07,Q3,Completed,Phone,239.12,Germany,Regular
ORD004316,C00885,2023-05-01,2023-05,Q2,Completed,Website,33.25,Germany,VIP
ORD004317,C01774,2023-05-07,2023-05,Q2,Completed,Phone,822.06,Germany,Regular
ORD004318,C01343,2023-08-22,2023-08,Q3,Completed,Marketplace,210.84,France,New
ORD004319,C00224,2023-06-23,2023-06,Q2,Completed,Phone,815.26,France,New
ORD004320,C01213,2023-06-21,2023-06,Q2,Completed,Website,482.78,Germany,VIP
ORD004321,C01716,2023-05-13,2023-05,Q2,Completed,Website,20.7,Germany,Regular
ORD004322,C00148,2023-08-28,2023-08,Q3,Completed,Marketplace,518.36,Netherlands,New
ORD004323,C00398,2023-02-15,2023-02,Q1,Completed,Marketplace,715.86,Belgium,VIP
ORD004324,C01784,2023-08-26,2023-08,Q3,Completed,Phone,167.1,Netherlands,Regular
ORD004325,C01834,2023-05-12,2023-05,Q2,Completed,Mobile App,214.68,Belgium,Regular
ORD004326,C00049,2023-04-26,2023-04,Q2,Completed,Mobile App,746.27,France,VIP
ORD004327,C01726,2023-06-14,2023-06,Q2,Completed,Marketplace,839.08,Germany,Regular
ORD004328,C01150,2023-06-04,2023-06,Q2,Completed,Website,325.2,Germany,Regular
ORD004329,C01425,2023-05-24,2023-05,Q2,Completed,Phone,310.35,Switzerland,VIP
ORD004330,C01616,2023-03-28,2023-03,Q1,Completed,Mobile App,102.35,Switzerland,Regular
ORD004331,C01461,2023-06-27,2023-06,Q2,Completed,Phone,565.07,France,Regular
ORD004332,C01980,2023-05-30,2023-05,Q2,Completed,Mobile App,1045.18,Belgium,VIP
ORD004333,C00235,2023-03-12,2023-03,Q1,Completed,Website,1017.65,Switzerland,Regular
ORD004334,C01559,2023-05-09,2023-05,Q2,Completed,Phone,171.7,Belgium,New
ORD004335,C01201,2023-09-08,2023-09,Q3,Completed,Phone,464.57,Switzerland,Regular
ORD004336,C01433,2023-12-03,2023-12,Q4,Cancelled,Mobile App,164.39,Germany,Regular
ORD004337,C00408,2023-11-03,2023-11,Q4,Completed,Phone,573.65,Germany,Regular
ORD004338,C01300,2023-03-30,2023-03,Q1,Completed,Marketplace,806.61,Switzerland,New
ORD004339,C00137,2023-02-17,2023-02,Q1,Completed,Mobile App,364.32,Belgium,Regular
ORD004340,C01911,2023-12-27,2023-12,Q4,Completed,Website,537.38,Switzerland,Regular
ORD004341,C01080,2023-12-28,2023-12,Q4,Completed,Website,439.95,Belgium,VIP
ORD004342,C01911,2023-04-08,2023-04,Q2,Completed,Mobile App,610.55,Switzerland,Regular
ORD004343,C01749,2023-11-05,2023-11,Q4,Completed,Phone,1063.16,France,VIP
ORD004344,C01934,2023-06-21,2023-06,Q2,Returned,Phone,405.29,Switzerland,VIP
ORD004345,C00976,2023-02-19,2023-02,Q1,Returned,Website,53.43,Austria,Regular
ORD004346,C00091,2023-04-07,2023-04,Q2,Completed,Marketplace,617.56,Germany,New
ORD004347,C00641,2023-01-18,2023-01,Q1,Completed,Mobile App,1135.92,Belgium,VIP
ORD004348,C00484,2023-01-29,2023-01,Q1,Completed,Marketplace,24.94,Austria,Regular
ORD004349,C00949,2023-09-24,2023-09,Q3,Completed,Website,429.07,Germany,New
ORD004350,C00943,2023-08-20,2023-08,Q3,Completed,Mobile App,104.26,Germany,Regular
ORD004351,C00637,2023-04-11,2023-04,Q2,Completed,Website,19.75,Germany,Regular
ORD004352,C01609,2023-12-26,2023-12,Q4,Completed,Website,270.58,Austria,Regular
ORD004353,C00257,2023-09-19,2023-09,Q3,Completed,Mobile App,332.93,Germany,Regular
ORD004354,C01922,2023-12-08,2023-12,Q4,Completed,Mobile App,92.6,Germany,Regular
ORD004355,C01708,2023-01-05,2023-01,Q1,Completed,Website,31.33,Switzerland,Regular
ORD004356,C00951,2023-06-12,2023-06,Q2,Completed,Phone,344.51,Germany,Regular
ORD004357,C00387,2023-05-02,2023-05,Q2,Completed,Mobile App,328.78,France,Regular
ORD004358,C00612,2023-04-13,2023-04,Q2,Completed,Website,37.48,France,Regular
ORD004359,C01086,2023-08-06,2023-08,Q3,Completed,Website,325.28,France,Regular
ORD004360,C00300,2023-05-22,2023-05,Q2,Completed,Website,124.72,Belgium,VIP
ORD004361,C01743,2023-06-04,2023-06,Q2,Completed,Marketplace,157.72,France,VIP
ORD004362,C01111,2023-10-08,2023-10,Q4,Completed,Mobile App,951.94,Germany,VIP
ORD004363,C01434,2023-12-30,2023-12,Q4,Completed,Mobile App,460.25,France,Regular
ORD004364,C01014,2023-06-26,2023-06,Q2,Cancelled,Phone,805.24,Germany,Regular
ORD004365,C01563,2023-03-22,2023-03,Q1,Completed,Phone,162.52,Belgium,VIP
ORD004366,C01713,2023-01-26,2023-01,Q1,Completed,Mobile App,204.58,Germany,Regular
ORD004367,C01416,2023-11-12,2023-11,Q4,Completed,Phone,296.01,France,Regular
ORD004368,C01025,2023-08-25,2023-08,Q3,Completed,Marketplace,84.03,Switzerland,VIP
ORD004369,C00809,2023-06-19,2023-06,Q2,Completed,Mobile App,10.95,Belgium,Regular
ORD004370,C00752,2023-02-02,2023-02,Q1,Completed,Mobile App,253.94,Switzerland,New
ORD004371,C00465,2023-02-28,2023-02,Q1,Completed,Website,18.21,Austria,VIP
ORD004372,C01963,2023-06-28,2023-06,Q2,Completed,Phone,545.64,Germany,VIP
ORD004373,C01610,2023-06-16,2023-06,Q2,Completed,Mobile App,104.0,Germany,New
ORD004374,C00392,2023-10-22,2023-10,Q4,Completed,Website,799.93,Germany,VIP
ORD004375,C00172,2023-10-30,2023-10,Q4,Completed,Website,370.75,Austria,VIP
ORD004376,C00145,2023-08-06,2023-08,Q3,Completed,Marketplace,538.83,Germany,Regular
ORD004377,C00572,2023-01-11,2023-01,Q1,Cancelled,Mobile App,495.95,France,Regular
ORD004378,C00567,2023-11-14,2023-11,Q4,Completed,Marketplace,1542.23,Belgium,VIP
ORD004379,C00040,2023-02-04,2023-02,Q1,Completed,Website,647.69,Germany,Regular
ORD004380,C00971,2023-05-10,2023-05,Q2,Completed,Phone,116.27,Austria,Regular
ORD004381,C01032,2023-12-11,2023-12,Q4,Returned,Phone,31.33,Germany,New
ORD004382,C01708,2023-10-10,2023-10,Q4,Completed,Phone,117.9,Switzerland,Regular
ORD004383,C01673,2023-09-10,2023-09,Q3,Completed,Website,953.39,Germany,VIP
ORD004384,C00444,2023-01-25,2023-01,Q1,Completed,Marketplace,479.55,Germany,VIP
ORD004385,C01643,2023-01-04,2023-01,Q1,Returned,Mobile App,217.14,Germany,Regular
ORD004386,C01310,2023-06-05,2023-06,Q2,Completed,Phone,251.54,Austria,VIP
ORD004387,C00803,2023-07-18,2023-07,Q3,Completed,Phone,1008.95,Austria,VIP
ORD004388,C00429,2023-03-10,2023-03,Q1,Completed,Mobile App,602.6,Austria,Regular
ORD004389,C00944,2023-06-30,2023-06,Q2,Completed,Mobile App,892.0,Germany,VIP
ORD004390,C01082,2023-03-10,2023-03,Q1,Completed,Website,104.56,Belgium,Regular
ORD004391,C00731,2023-11-17,2023-11,Q4,Completed,Mobile App,66.5,France,Regular
ORD004392,C00149,2023-03-28,2023-03,Q1,Completed,Phone,936.78,Switzerland,Regular
ORD004393,C00109,2023-03-18,2023-03,Q1,Completed,Mobile App,94.98,Austria,VIP
ORD004394,C01483,2023-04-07,2023-04,Q2,Completed,Website,843.52,Germany,Regular
ORD004395,C00236,2023-03-07,2023-03,Q1,Completed,Mobile App,87.02,Austria,Regular
ORD004396,C00835,2023-04-15,2023-04,Q2,Completed,Mobile App,1147.68,Austria,New
ORD004397,C01418,2023-08-19,2023-08,Q3,Completed,Website,536.92,Germany,Regular
ORD004398,C00489,2023-10-04,2023-10,Q4,Returned,Website,514.43,Netherlands,Regular
ORD004399,C01862,2023-07-06,2023-07,Q3,Completed,Marketplace,2081.65,Germany,Regular
ORD004400,C00962,2023-03-19,2023-03,Q1,Completed,Mobile App,930.47,Germany,Regular
ORD004401,C01865,2023-06-26,2023-06,Q2,Completed,Phone,26.86,Austria,VIP
ORD004402,C01160,2023-12-24,2023-12,Q4,Completed,Phone,682.8,Austria,VIP
ORD004403,C01325,2023-06-09,2023-06,Q2,Returned,Mobile App,1091.93,Switzerland,Regular
ORD004404,C01578,2023-11-20,2023-11,Q4,Completed,Phone,33.75,Germany,New
ORD004405,C00533,2023-11-02,2023-11,Q4,Completed,Website,51.64,Germany,Churned
ORD004406,C01210,2023-10-21,2023-10,Q4,Completed,Marketplace,702.47,Switzerland,VIP
ORD004407,C01070,2023-03-02,2023-03,Q1,Completed,Website,592.51,Germany,VIP
ORD004408,C00014,2023-10-02,2023-10,Q4,Completed,Phone,675.0,Germany,Regular
ORD004409,C01645,2023-11-14,2023-11,Q4,Completed,Marketplace,419.8,Germany,Regular
ORD004410,C01462,2023-04-27,2023-04,Q2,Completed,Mobile App,1430.39,Germany,New
ORD004411,C01525,2023-03-09,2023-03,Q1,Completed,Phone,843.56,Netherlands,VIP
ORD004412,C00431,2023-12-28,2023-12,Q4,Completed,Marketplace,1005.07,Germany,Regular
ORD004413,C01720,2023-09-13,2023-09,Q3,Completed,Marketplace,504.79,Germany,Regular
ORD004414,C01445,2023-03-29,2023-03,Q1,Completed,Mobile App,826.58,Austria,Regular
ORD004415,C00461,2023-04-15,2023-04,Q2,Completed,Marketplace,117.82,France,Regular
ORD004416,C00605,2023-07-02,2023-07,Q3,Completed,Phone,707.12,Germany,Regular
ORD004417,C00740,2023-11-29,2023-11,Q4,Completed,Phone,29.37,Austria,VIP
ORD004418,C01467,2023-04-22,2023-04,Q2,Completed,Marketplace,1235.75,Switzerland,New
ORD004419,C00895,2023-10-29,2023-10,Q4,Completed,Phone,10.97,France,Regular
ORD004420,C01161,2023-03-30,2023-03,Q1,Completed,Phone,247.51,Germany,Churned
ORD004421,C00270,2023-02-27,2023-02,Q1,Completed,Website,291.91,Switzerland,VIP
ORD004422,C00945,2023-05-16,2023-05,Q2,Returned,Website,1276.16,Germany,Regular
ORD004423,C00716,2023-07-13,2023-07,Q3,Completed,Marketplace,115.05,Belgium,Regular
ORD004424,C01858,2023-01-13,2023-01,Q1,Completed,Marketplace,1692.73,France,Regular
ORD004425,C00543,2023-12-21,2023-12,Q4,Completed,Website,90.2,Austria,New
ORD004426,C01968,2023-05-13,2023-05,Q2,Completed,Marketplace,1116.86,France,VIP
ORD004427,C00675,2023-12-15,2023-12,Q4,Completed,Mobile App,175.37,Netherlands,Regular
ORD004428,C00078,2023-11-17,2023-11,Q4,Completed,Marketplace,644.0,Austria,Regular
ORD004429,C01425,2023-11-12,2023-11,Q4,Completed,Mobile App,852.77,Switzerland,VIP
ORD004430,C00821,2023-08-09,2023-08,Q3,Completed,Mobile App,104.78,Switzerland,New
ORD004431,C00925,2023-11-19,2023-11,Q4,Completed,Phone,38.91,Germany,VIP
ORD004432,C01310,2023-05-03,2023-05,Q2,Completed,Mobile App,664.55,Austria,VIP
ORD004433,C00754,2023-03-15,2023-03,Q1,Completed,Mobile App,36.18,Germany,Regular
ORD004434,C01167,2023-03-24,2023-03,Q1,Completed,Mobile App,1009.58,Belgium,Regular
ORD004435,C01788,2023-08-23,2023-08,Q3,Completed,Mobile App,146.73,Germany,VIP
ORD004436,C01178,2023-08-04,2023-08,Q3,Completed,Mobile App,646.7,Belgium,VIP
ORD004437,C01897,2023-06-21,2023-06,Q2,Completed,Phone,1339.26,Netherlands,Regular
ORD004438,C00574,2023-05-09,2023-05,Q2,Completed,Phone,153.48,Switzerland,VIP
ORD004439,C00077,2023-08-17,2023-08,Q3,Completed,Website,108.58,Austria,New
ORD004440,C01879,2023-07-27,2023-07,Q3,Completed,Marketplace,144.82,Germany,Regular
ORD004441,C01734,2023-06-13,2023-06,Q2,Completed,Phone,417.33,France,VIP
ORD004442,C01611,2023-05-11,2023-05,Q2,Returned,Website,400.52,Netherlands,New
ORD004443,C00702,2023-01-14,2023-01,Q1,Returned,Phone,1659.46,Germany,VIP
ORD004444,C01989,2023-08-11,2023-08,Q3,Completed,Marketplace,479.19,Netherlands,New
ORD004445,C00076,2023-02-01,2023-02,Q1,Completed,Mobile App,90.08,Austria,Regular
ORD004446,C01402,2023-05-27,2023-05,Q2,Completed,Phone,67.84,Germany,Regular
ORD004447,C01111,2023-12-08,2023-12,Q4,Completed,Website,95.09,Germany,VIP
ORD004448,C00869,2023-01-24,2023-01,Q1,Completed,Marketplace,166.02,Netherlands,Regular
ORD004449,C01652,2023-10-17,2023-10,Q4,Completed,Website,242.78,Netherlands,Regular
ORD004450,C01070,2023-06-16,2023-06,Q2,Completed,Phone,525.27,Germany,VIP
ORD004451,C00073,2023-11-09,2023-11,Q4,Completed,Website,1556.69,Switzerland,Regular
ORD004452,C00740,2023-03-13,2023-03,Q1,Completed,Marketplace,1186.78,Austria,VIP
ORD004453,C01750,2023-03-16,2023-03,Q1,Completed,Website,159.83,Germany,Churned
ORD004454,C00773,2023-10-06,2023-10,Q4,Completed,Phone,162.87,Switzerland,Regular
ORD004455,C01414,2023-04-08,2023-04,Q2,Cancelled,Phone,131.51,Belgium,Regular
ORD004456,C00167,2023-04-24,2023-04,Q2,Completed,Marketplace,86.69,Switzerland,Regular
ORD004457,C01652,2023-04-28,2023-04,Q2,Completed,Marketplace,118.26,Netherlands,Regular
ORD004458,C00537,2023-07-17,2023-07,Q3,Completed,Website,28.85,Germany,VIP
ORD004459,C01919,2023-12-31,2023-12,Q4,Completed,Mobile App,676.42,Austria,Regular
ORD004460,C00441,2023-12-17,2023-12,Q4,Completed,Marketplace,34.55,Belgium,Regular
ORD004461,C00419,2023-04-30,2023-04,Q2,Completed,Website,880.25,Switzerland,Regular
ORD004462,C00095,2023-12-10,2023-12,Q4,Completed,Mobile App,808.05,Netherlands,Regular
ORD004463,C00816,2023-02-07,2023-02,Q1,Completed,Website,109.79,Germany,Regular
ORD004464,C00144,2023-11-13,2023-11,Q4,Completed,Mobile App,209.76,Switzerland,Regular
ORD004465,C00876,2023-12-15,2023-12,Q4,Completed,Phone,213.07,Germany,Regular
ORD004466,C00472,2023-02-03,2023-02,Q1,Completed,Phone,26.91,Switzerland,VIP
ORD004467,C00669,2023-05-15,2023-05,Q2,Completed,Marketplace,173.69,Germany,VIP
ORD004468,C00359,2023-12-25,2023-12,Q4,Returned,Marketplace,180.57,Netherlands,Regular
ORD004469,C00459,2023-02-25,2023-02,Q1,Completed,Mobile App,125.11,Austria,VIP
ORD004470,C01816,2023-02-06,2023-02,Q1,Completed,Marketplace,488.61,Switzerland,New
ORD004471,C01029,2023-09-17,2023-09,Q3,Completed,Phone,101.25,Belgium,VIP
ORD004472,C01445,2023-09-14,2023-09,Q3,Completed,Phone,1041.42,Austria,Regular
ORD004473,C00698,2023-09-17,2023-09,Q3,Completed,Mobile App,700.17,Germany,Regular
ORD004474,C00522,2023-11-25,2023-11,Q4,Completed,Mobile App,100.09,Germany,VIP
ORD004475,C01871,2023-05-29,2023-05,Q2,Completed,Mobile App,875.7,Germany,New
ORD004476,C00939,2023-10-05,2023-10,Q4,Completed,Mobile App,27.14,Belgium,Regular
ORD004477,C01875,2023-07-18,2023-07,Q3,Completed,Phone,124.94,France,Regular
ORD004478,C01689,2023-11-04,2023-11,Q4,Completed,Phone,121.65,Germany,VIP
ORD004479,C00909,2023-10-19,2023-10,Q4,Cancelled,Marketplace,152.13,Germany,Regular
ORD004480,C01934,2023-05-07,2023-05,Q2,Completed,Phone,684.26,Switzerland,VIP
ORD004481,C00929,2023-01-28,2023-01,Q1,Completed,Phone,401.85,Austria,Regular
ORD004482,C00703,2023-05-09,2023-05,Q2,Completed,Phone,2306.68,Netherlands,VIP
ORD004483,C01532,2023-09-19,2023-09,Q3,Completed,Website,101.36,Austria,Regular
ORD004484,C00438,2023-05-22,2023-05,Q2,Completed,Website,338.21,Germany,VIP
ORD004485,C01412,2023-05-20,2023-05,Q2,Completed,Phone,196.45,Germany,VIP
ORD004486,C00152,2023-11-03,2023-11,Q4,Completed,Mobile App,35.18,Austria,VIP
ORD004487,C01295,2023-12-21,2023-12,Q4,Returned,Mobile App,95.09,Switzerland,New
ORD004488,C00109,2023-11-15,2023-11,Q4,Completed,Marketplace,2589.09,Austria,VIP
ORD004489,C00196,2023-08-24,2023-08,Q3,Completed,Mobile App,958.34,Germany,Regular
ORD004490,C01224,2023-12-07,2023-12,Q4,Completed,Mobile App,880.68,Germany,New
ORD004491,C00932,2023-11-27,2023-11,Q4,Completed,Website,781.45,Germany,Regular
ORD004492,C00944,2023-06-26,2023-06,Q2,Completed,Phone,349.84,Germany,VIP
ORD004493,C01409,2023-06-08,2023-06,Q2,Completed,Website,840.96,Germany,New
ORD004494,C00701,2023-06-05,2023-06,Q2,Completed,Marketplace,235.16,Belgium,VIP
ORD004495,C00129,2023-08-22,2023-08,Q3,Completed,Marketplace,2293.8,Belgium,Regular
ORD004496,C00109,2023-04-14,2023-04,Q2,Completed,Mobile App,139.39,Austria,VIP
ORD004497,C00896,2023-02-20,2023-02,Q1,Completed,Phone,626.47,Germany,Regular
ORD004498,C00587,2023-07-04,2023-07,Q3,Completed,Mobile App,314.71,Netherlands,Regular
ORD004499,C01104,2023-03-18,2023-03,Q1,Completed,Website,730.9,Germany,Regular
ORD004500,C00777,2023-07-18,2023-07,Q3,Completed,Phone,117.44,Switzerland,Regular
ORD004501,C01743,2023-08-31,2023-08,Q3,Completed,Marketplace,344.2,France,VIP
ORD004502,C01484,2023-05-06,2023-05,Q2,Returned,Website,946.59,Germany,VIP
ORD004503,C01585,2023-11-09,2023-11,Q4,Completed,Phone,766.98,France,VIP
ORD004504,C00588,2023-02-01,2023-02,Q1,Completed,Mobile App,466.75,Austria,New
ORD004505,C00065,2023-01-05,2023-01,Q1,Completed,Marketplace,109.82,Austria,VIP
ORD004506,C01943,2023-10-19,2023-10,Q4,Completed,Website,241.69,Austria,Regular
ORD004507,C01798,2023-03-03,2023-03,Q1,Completed,Phone,36.99,Netherlands,New
ORD004508,C00230,2023-03-28,2023-03,Q1,Completed,Mobile App,68.56,Austria,Regular
ORD004509,C00522,2023-10-26,2023-10,Q4,Completed,Website,62.66,Germany,VIP
ORD004510,C00828,2023-07-21,2023-07,Q3,Completed,Phone,940.8,Switzerland,VIP
ORD004511,C01234,2023-01-08,2023-01,Q1,Completed,Website,741.24,France,Regular
ORD004512,C01015,2023-05-22,2023-05,Q2,Completed,Website,141.12,France,Regular
ORD004513,C01628,2023-06-25,2023-06,Q2,Completed,Mobile App,131.28,Germany,Regular
ORD004514,C00264,2023-06-09,2023-06,Q2,Completed,Marketplace,761.43,Switzerland,VIP
ORD004515,C01329,2023-06-23,2023-06,Q2,Completed,Mobile App,122.62,France,VIP
ORD004516,C00550,2023-12-11,2023-12,Q4,Completed,Marketplace,173.34,Germany,VIP
ORD004517,C00588,2023-03-08,2023-03,Q1,Completed,Website,34.07,Austria,New
ORD004518,C00420,2023-10-10,2023-10,Q4,Completed,Phone,230.52,Germany,Regular
ORD004519,C00390,2023-09-18,2023-09,Q3,Completed,Website,64.58,France,VIP
ORD004520,C01034,2023-09-21,2023-09,Q3,Completed,Mobile App,16.05,Netherlands,New
ORD004521,C01451,2023-04-24,2023-04,Q2,Completed,Mobile App,83.9,Germany,New
ORD004522,C01316,2023-12-10,2023-12,Q4,Completed,Mobile App,1101.84,Netherlands,New
ORD004523,C00391,2023-11-30,2023-11,Q4,Completed,Website,595.42,Netherlands,Regular
ORD004524,C01264,2023-10-15,2023-10,Q4,Completed,Marketplace,247.62,Belgium,Regular
ORD004525,C01150,2023-02-01,2023-02,Q1,Completed,Marketplace,177.82,Germany,Regular
ORD004526,C00779,2023-11-25,2023-11,Q4,Completed,Marketplace,282.77,Germany,Regular
ORD004527,C00650,2023-01-10,2023-01,Q1,Completed,Website,54.29,Germany,New
ORD004528,C00371,2023-01-10,2023-01,Q1,Completed,Phone,1297.94,Germany,Regular
ORD004529,C01589,2023-05-31,2023-05,Q2,Completed,Phone,1433.38,Germany,VIP
ORD004530,C01688,2023-09-20,2023-09,Q3,Returned,Website,164.01,Germany,VIP
ORD004531,C00920,2023-09-24,2023-09,Q3,Completed,Phone,1844.62,Belgium,Regular
ORD004532,C01836,2023-06-03,2023-06,Q2,Completed,Website,111.14,Germany,Regular
ORD004533,C01007,2023-06-12,2023-06,Q2,Completed,Website,115.56,Netherlands,Regular
ORD004534,C01539,2023-11-09,2023-11,Q4,Cancelled,Marketplace,348.5,Switzerland,Regular
ORD004535,C01120,2023-04-10,2023-04,Q2,Completed,Phone,10.97,Switzerland,Regular
ORD004536,C00855,2023-02-13,2023-02,Q1,Completed,Phone,1515.39,Germany,New
ORD004537,C00066,2023-06-27,2023-06,Q2,Completed,Phone,820.68,Belgium,Regular
ORD004538,C01518,2023-05-05,2023-05,Q2,Completed,Website,285.26,Netherlands,Regular
ORD004539,C01398,2023-01-07,2023-01,Q1,Cancelled,Website,1579.17,Netherlands,VIP
ORD004540,C01746,2023-11-13,2023-11,Q4,Completed,Phone,531.7,Germany,New
ORD004541,C01391,2023-01-05,2023-01,Q1,Completed,Mobile App,34.15,Germany,Regular
ORD004542,C00822,2023-08-01,2023-08,Q3,Completed,Phone,878.98,Germany,New
ORD004543,C00264,2023-10-19,2023-10,Q4,Completed,Mobile App,1132.39,Switzerland,VIP
ORD004544,C01354,2023-07-28,2023-07,Q3,Cancelled,Phone,970.51,Austria,VIP
ORD004545,C00979,2023-05-05,2023-05,Q2,Completed,Website,776.37,Switzerland,Regular
ORD004546,C01680,2023-07-11,2023-07,Q3,Completed,Mobile App,402.54,France,VIP
ORD004547,C00259,2023-11-22,2023-11,Q4,Completed,Phone,661.02,France,VIP
ORD004548,C01831,2023-12-20,2023-12,Q4,Completed,Mobile App,99.69,Germany,Regular
ORD004549,C00657,2023-11-30,2023-11,Q4,Completed,Mobile App,117.38,Austria,Regular
ORD004550,C01472,2023-05-10,2023-05,Q2,Completed,Mobile App,162.52,Netherlands,Regular
ORD004551,C01709,2023-05-01,2023-05,Q2,Completed,Phone,413.51,France,New
ORD004552,C01345,2023-12-31,2023-12,Q4,Completed,Website,754.35,Netherlands,VIP
ORD004553,C00673,2023-11-25,2023-11,Q4,Completed,Phone,464.95,Netherlands,Regular
ORD004554,C01099,2023-01-24,2023-01,Q1,Completed,Phone,733.95,Switzerland,VIP
ORD004555,C01319,2023-09-16,2023-09,Q3,Completed,Phone,596.55,France,Regular
ORD004556,C01720,2023-10-01,2023-10,Q4,Returned,Website,1347.75,Germany,Regular
ORD004557,C00049,2023-03-23,2023-03,Q1,Completed,Mobile App,323.39,France,VIP
ORD004558,C01731,2023-11-02,2023-11,Q4,Completed,Marketplace,585.46,Netherlands,VIP
ORD004559,C00264,2023-07-30,2023-07,Q3,Completed,Marketplace,541.26,Switzerland,VIP
ORD004560,C00818,2023-01-08,2023-01,Q1,Completed,Marketplace,1440.35,Switzerland,VIP
ORD004561,C00954,2023-05-19,2023-05,Q2,Completed,Marketplace,101.45,France,VIP
ORD004562,C00860,2023-06-08,2023-06,Q2,Returned,Mobile App,404.72,France,Regular
ORD004563,C01133,2023-12-14,2023-12,Q4,Returned,Website,137.12,Netherlands,VIP
ORD004564,C00054,2023-02-12,2023-02,Q1,Completed,Phone,1604.12,Switzerland,VIP
ORD004565,C01610,2023-05-18,2023-05,Q2,Completed,Website,63.96,Germany,New
ORD004566,C00346,2023-11-10,2023-11,Q4,Completed,Marketplace,476.37,Germany,Churned
ORD004567,C01717,2023-03-12,2023-03,Q1,Completed,Marketplace,579.58,Belgium,VIP
ORD004568,C01613,2023-01-25,2023-01,Q1,Completed,Phone,111.09,France,Regular
ORD004569,C00426,2023-12-22,2023-12,Q4,Completed,Marketplace,1054.06,Netherlands,Regular
ORD004570,C01378,2023-12-02,2023-12,Q4,Completed,Phone,338.43,Austria,Regular
ORD004571,C01048,2023-01-24,2023-01,Q1,Completed,Mobile App,260.84,Netherlands,Regular
ORD004572,C00873,2023-03-11,2023-03,Q1,Completed,Mobile App,399.23,Germany,New
ORD004573,C00962,2023-07-01,2023-07,Q3,Completed,Mobile App,2227.13,Germany,Regular
ORD004574,C00835,2023-03-04,2023-03,Q1,Completed,Marketplace,769.37,Austria,New
ORD004575,C00472,2023-02-26,2023-02,Q1,Completed,Marketplace,653.05,Switzerland,VIP
ORD004576,C01077,2023-03-10,2023-03,Q1,Completed,Phone,150.64,Germany,Regular
ORD004577,C00964,2023-03-17,2023-03,Q1,Cancelled,Phone,693.21,Germany,VIP
ORD004578,C00235,2023-10-21,2023-10,Q4,Completed,Mobile App,655.22,Switzerland,Regular
ORD004579,C00684,2023-07-25,2023-07,Q3,Completed,Website,26.33,Switzerland,Regular
ORD004580,C01119,2023-04-01,2023-04,Q2,Completed,Mobile App,142.77,Germany,New
ORD004581,C01080,2023-02-18,2023-02,Q1,Completed,Phone,30.74,Belgium,VIP
ORD004582,C01763,2023-03-15,2023-03,Q1,Completed,Website,214.09,Austria,Regular
ORD004583,C00723,2023-03-01,2023-03,Q1,Completed,Mobile App,200.27,Germany,Churned
ORD004584,C01120,2023-10-04,2023-10,Q4,Completed,Website,369.47,Switzerland,Regular
ORD004585,C00589,2023-05-27,2023-05,Q2,Completed,Marketplace,1147.5,Germany,VIP
ORD004586,C01763,2023-11-14,2023-11,Q4,Completed,Phone,223.94,Austria,Regular
ORD004587,C01959,2023-10-14,2023-10,Q4,Completed,Mobile App,752.69,Germany,VIP
ORD004588,C01528,2023-02-05,2023-02,Q1,Completed,Mobile App,710.54,Germany,Regular
ORD004589,C01595,2023-03-07,2023-03,Q1,Returned,Website,1238.52,Belgium,Regular
ORD004590,C00547,2023-08-16,2023-08,Q3,Completed,Mobile App,1057.36,Belgium,Regular
ORD004591,C01485,2023-08-31,2023-08,Q3,Completed,Mobile App,759.71,France,New
ORD004592,C00955,2023-01-05,2023-01,Q1,Returned,Mobile App,895.23,Switzerland,VIP
ORD004593,C00480,2023-02-20,2023-02,Q1,Completed,Mobile App,1457.84,Switzerland,Regular
ORD004594,C00327,2023-10-21,2023-10,Q4,Completed,Phone,217.99,Belgium,VIP
ORD004595,C00463,2023-07-04,2023-07,Q3,Completed,Marketplace,937.76,Switzerland,VIP
ORD004596,C00629,2023-02-28,2023-02,Q1,Completed,Website,163.32,Belgium,Regular
ORD004597,C00406,2023-10-21,2023-10,Q4,Completed,Phone,735.06,Netherlands,Regular
ORD004598,C00713,2023-12-09,2023-12,Q4,Completed,Website,437.06,Switzerland,Regular
ORD004599,C00001,2023-04-25,2023-04,Q2,Completed,Marketplace,313.44,France,Regular
ORD004600,C00161,2023-01-12,2023-01,Q1,Completed,Marketplace,70.36,France,Regular
ORD004601,C00724,2023-01-31,2023-01,Q1,Completed,Website,269.62,Belgium,New
ORD004602,C01221,2023-10-06,2023-10,Q4,Completed,Phone,31.33,Belgium,New
ORD004603,C00109,2023-07-14,2023-07,Q3,Completed,Website,73.92,Austria,VIP
ORD004604,C01164,2023-01-01,2023-01,Q1,Completed,Marketplace,260.93,France,VIP
ORD004605,C01959,2023-12-23,2023-12,Q4,Returned,Marketplace,37.54,Germany,VIP
ORD004606,C01204,2023-07-25,2023-07,Q3,Completed,Website,127.83,France,Churned
ORD004607,C01513,2023-06-23,2023-06,Q2,Completed,Phone,101.62,Germany,VIP
ORD004608,C00698,2023-01-31,2023-01,Q1,Completed,Phone,1848.64,Germany,Regular
ORD004609,C01254,2023-09-20,2023-09,Q3,Completed,Website,37.48,France,VIP
ORD004610,C01047,2023-05-03,2023-05,Q2,Completed,Phone,1463.82,Germany,Regular
ORD004611,C01843,2023-01-06,2023-01,Q1,Completed,Website,69.97,Switzerland,Churned
ORD004612,C00393,2023-01-18,2023-01,Q1,Completed,Website,296.42,Belgium,VIP
ORD004613,C00509,2023-12-13,2023-12,Q4,Completed,Website,460.92,Germany,Regular
ORD004614,C01673,2023-02-21,2023-02,Q1,Completed,Mobile App,1470.12,Germany,VIP
ORD004615,C00045,2023-08-11,2023-08,Q3,Completed,Marketplace,55.22,Germany,Regular
ORD004616,C00092,2023-08-04,2023-08,Q3,Completed,Marketplace,60.54,Austria,Regular
ORD004617,C00839,2023-10-11,2023-10,Q4,Completed,Mobile App,498.06,Germany,Regular
ORD004618,C01232,2023-03-10,2023-03,Q1,Completed,Mobile App,1827.63,Germany,Regular
ORD004619,C00902,2023-01-01,2023-01,Q1,Completed,Phone,197.57,France,Regular
ORD004620,C00976,2023-05-30,2023-05,Q2,Completed,Phone,706.4,Austria,Regular
ORD004621,C00439,2023-05-05,2023-05,Q2,Completed,Phone,716.29,Belgium,Regular
ORD004622,C00632,2023-11-22,2023-11,Q4,Completed,Marketplace,451.22,France,Regular
ORD004623,C01493,2023-11-08,2023-11,Q4,Completed,Phone,1258.51,Germany,Regular
ORD004624,C01630,2023-06-24,2023-06,Q2,Completed,Website,68.56,Switzerland,VIP
ORD004625,C00131,2023-09-25,2023-09,Q3,Completed,Marketplace,141.12,Belgium,Regular
ORD004626,C01165,2023-10-06,2023-10,Q4,Completed,Phone,631.14,Belgium,Regular
ORD004627,C01302,2023-09-16,2023-09,Q3,Completed,Marketplace,33.21,Germany,Regular
ORD004628,C00390,2023-04-29,2023-04,Q2,Completed,Website,681.8,France,VIP
ORD004629,C01831,2023-09-27,2023-09,Q3,Completed,Website,59.85,Germany,Regular
ORD004630,C00845,2023-02-18,2023-02,Q1,Completed,Mobile App,462.27,Netherlands,VIP
ORD004631,C00008,2023-03-10,2023-03,Q1,Completed,Marketplace,178.18,Germany,Regular
ORD004632,C01264,2023-10-08,2023-10,Q4,Completed,Mobile App,49.7,Belgium,Regular
ORD004633,C00047,2023-04-28,2023-04,Q2,Completed,Marketplace,1237.64,France,VIP
ORD004634,C01608,2023-12-01,2023-12,Q4,Returned,Mobile App,698.31,Belgium,Regular
ORD004635,C01955,2023-01-27,2023-01,Q1,Completed,Mobile App,590.68,Belgium,Regular
ORD004636,C00692,2023-12-04,2023-12,Q4,Completed,Website,169.26,France,New
ORD004637,C01658,2023-07-19,2023-07,Q3,Completed,Website,415.4,France,New
ORD004638,C01639,2023-07-05,2023-07,Q3,Cancelled,Website,856.35,Germany,VIP
ORD004639,C02000,2023-11-22,2023-11,Q4,Completed,Website,668.03,Austria,Regular
ORD004640,C00790,2023-11-26,2023-11,Q4,Completed,Website,145.88,Germany,Regular
ORD004641,C01588,2023-12-02,2023-12,Q4,Cancelled,Mobile App,468.42,Switzerland,Regular
ORD004642,C01646,2023-11-17,2023-11,Q4,Completed,Mobile App,89.13,Germany,Regular
ORD004643,C01164,2023-02-22,2023-02,Q1,Completed,Website,115.05,France,VIP
ORD004644,C01254,2023-06-04,2023-06,Q2,Cancelled,Website,188.51,France,VIP
ORD004645,C01795,2023-02-21,2023-02,Q1,Completed,Marketplace,61.95,Austria,VIP
ORD004646,C00040,2023-09-19,2023-09,Q3,Completed,Phone,193.08,Germany,Regular
ORD004647,C00134,2023-09-04,2023-09,Q3,Completed,Phone,27.28,Belgium,VIP
ORD004648,C00342,2023-11-13,2023-11,Q4,Completed,Phone,862.63,France,New
ORD004649,C01968,2023-12-30,2023-12,Q4,Completed,Mobile App,66.33,France,VIP
ORD004650,C01490,2023-08-26,2023-08,Q3,Completed,Marketplace,102.45,Netherlands,New
ORD004651,C00427,2023-06-24,2023-06,Q2,Completed,Phone,1573.49,Belgium,Regular
ORD004652,C01983,2023-01-27,2023-01,Q1,Completed,Mobile App,910.31,Germany,Regular
ORD004653,C01768,2023-01-08,2023-01,Q1,Completed,Website,643.02,France,Regular
ORD004654,C01736,2023-12-17,2023-12,Q4,Completed,Phone,1201.87,Germany,Churned
ORD004655,C01424,2023-01-10,2023-01,Q1,Completed,Phone,808.12,Germany,Regular
ORD004656,C01480,2023-10-17,2023-10,Q4,Completed,Marketplace,711.22,Switzerland,New
ORD004657,C01588,2023-03-05,2023-03,Q1,Returned,Website,92.6,Switzerland,Regular
ORD004658,C01609,2023-11-05,2023-11,Q4,Completed,Marketplace,283.41,Austria,Regular
ORD004659,C01116,2023-06-21,2023-06,Q2,Completed,Phone,1045.47,Germany,Regular
ORD004660,C00621,2023-03-13,2023-03,Q1,Completed,Mobile App,152.63,Switzerland,Regular
ORD004661,C00742,2023-06-18,2023-06,Q2,Completed,Mobile App,71.3,Netherlands,VIP
ORD004662,C00909,2023-06-16,2023-06,Q2,Completed,Marketplace,143.12,Germany,Regular
ORD004663,C00481,2023-06-15,2023-06,Q2,Completed,Phone,912.56,Germany,VIP
ORD004664,C01040,2023-02-18,2023-02,Q1,Completed,Marketplace,1964.64,Switzerland,Regular
ORD004665,C00651,2023-03-22,2023-03,Q1,Completed,Website,1147.45,Switzerland,Regular
ORD004666,C01139,2023-08-28,2023-08,Q3,Completed,Mobile App,1501.6,Germany,VIP
ORD004667,C00171,2023-05-09,2023-05,Q2,Cancelled,Mobile App,65.13,Netherlands,Regular
ORD004668,C00292,2023-05-11,2023-05,Q2,Completed,Marketplace,359.9,France,Churned
ORD004669,C01774,2023-07-31,2023-07,Q3,Completed,Website,104.26,Germany,Regular
ORD004670,C00205,2023-03-13,2023-03,Q1,Cancelled,Mobile App,157.83,Germany,New
ORD004671,C00355,2023-07-31,2023-07,Q3,Completed,Marketplace,128.66,Austria,Churned
ORD004672,C01396,2023-02-13,2023-02,Q1,Completed,Marketplace,2117.38,France,New
ORD004673,C01281,2023-10-30,2023-10,Q4,Cancelled,Website,749.5,Germany,Regular
ORD004674,C00767,2023-04-16,2023-04,Q2,Completed,Website,100.09,Germany,VIP
ORD004675,C00877,2023-11-27,2023-11,Q4,Completed,Website,37.85,Germany,Regular
ORD004676,C01894,2023-08-12,2023-08,Q3,Completed,Marketplace,117.01,Belgium,Regular
ORD004677,C00088,2023-12-14,2023-12,Q4,Completed,Marketplace,116.62,Austria,Regular
ORD004678,C01777,2023-08-27,2023-08,Q3,Completed,Marketplace,108.54,Netherlands,New
ORD004679,C00955,2023-02-10,2023-02,Q1,Completed,Website,449.1,Switzerland,VIP
ORD004680,C01242,2023-04-26,2023-04,Q2,Completed,Marketplace,301.33,Germany,New
ORD004681,C00504,2023-01-20,2023-01,Q1,Completed,Phone,234.39,Germany,New
ORD004682,C01674,2023-11-09,2023-11,Q4,Cancelled,Mobile App,1473.75,Germany,VIP
ORD004683,C01996,2023-04-07,2023-04,Q2,Completed,Marketplace,323.07,Switzerland,VIP
ORD004684,C00919,2023-11-29,2023-11,Q4,Completed,Website,27.71,France,VIP
ORD004685,C00845,2023-03-19,2023-03,Q1,Completed,Phone,169.03,Netherlands,VIP
ORD004686,C00681,2023-04-11,2023-04,Q2,Completed,Phone,1730.85,Germany,VIP
ORD004687,C01996,2023-09-12,2023-09,Q3,Completed,Website,606.4,Switzerland,VIP
ORD004688,C00907,2023-08-16,2023-08,Q3,Completed,Website,732.12,Germany,New
ORD004689,C01975,2023-02-14,2023-02,Q1,Completed,Mobile App,640.8,Austria,New
ORD004690,C00844,2023-10-12,2023-10,Q4,Completed,Marketplace,293.35,Switzerland,VIP
ORD004691,C01968,2023-10-02,2023-10,Q4,Completed,Mobile App,596.64,France,VIP
ORD004692,C01487,2023-12-01,2023-12,Q4,Completed,Marketplace,781.45,Germany,Regular
ORD004693,C01977,2023-06-24,2023-06,Q2,Completed,Phone,1426.01,Germany,VIP
ORD004694,C01900,2023-01-25,2023-01,Q1,Completed,Marketplace,81.18,Austria,Regular
ORD004695,C00794,2023-11-09,2023-11,Q4,Completed,Marketplace,99.79,Germany,New
ORD004696,C01449,2023-09-25,2023-09,Q3,Completed,Marketplace,1742.04,Austria,Regular
ORD004697,C00624,2023-04-29,2023-04,Q2,Completed,Phone,637.45,Switzerland,Regular
ORD004698,C01811,2023-08-11,2023-08,Q3,Returned,Mobile App,152.25,Germany,Regular
ORD004699,C01678,2023-04-17,2023-04,Q2,Cancelled,Phone,179.38,Switzerland,Regular
ORD004700,C01236,2023-01-29,2023-01,Q1,Completed,Phone,538.26,Belgium,New
ORD004701,C01608,2023-10-12,2023-10,Q4,Completed,Mobile App,48.15,Belgium,Regular
ORD004702,C00273,2023-01-21,2023-01,Q1,Completed,Mobile App,148.04,France,VIP
ORD004703,C01536,2023-11-16,2023-11,Q4,Completed,Phone,209.9,Germany,VIP
ORD004704,C01513,2023-01-20,2023-01,Q1,Completed,Phone,160.14,Germany,VIP
ORD004705,C00170,2023-04-14,2023-04,Q2,Completed,Marketplace,38.74,France,VIP
ORD004706,C00741,2023-07-12,2023-07,Q3,Completed,Phone,495.97,Germany,Regular
ORD004707,C00573,2023-02-06,2023-02,Q1,Completed,Mobile App,155.84,Belgium,New
ORD004708,C01928,2023-10-10,2023-10,Q4,Completed,Marketplace,1185.02,Switzerland,VIP
ORD004709,C00451,2023-12-15,2023-12,Q4,Completed,Mobile App,80.22,Germany,VIP
ORD004710,C01385,2023-10-17,2023-10,Q4,Completed,Marketplace,16.92,Germany,Regular
ORD004711,C00538,2023-12-01,2023-12,Q4,Completed,Phone,714.68,Switzerland,VIP
ORD004712,C01167,2023-12-19,2023-12,Q4,Cancelled,Phone,32.91,Belgium,Regular
ORD004713,C01359,2023-01-28,2023-01,Q1,Completed,Mobile App,55.22,Belgium,Regular
ORD004714,C01421,2023-09-18,2023-09,Q3,Completed,Marketplace,534.07,Austria,New
ORD004715,C00362,2023-04-14,2023-04,Q2,Completed,Marketplace,36.19,Germany,Churned
ORD004716,C00264,2023-03-19,2023-03,Q1,Completed,Website,383.49,Switzerland,VIP
ORD004717,C01965,2023-04-24,2023-04,Q2,Completed,Website,200.27,Switzerland,Regular
ORD004718,C01934,2023-07-11,2023-07,Q3,Completed,Website,283.71,Switzerland,VIP
ORD004719,C01320,2023-07-02,2023-07,Q3,Completed,Phone,362.99,Belgium,VIP
ORD004720,C01513,2023-11-02,2023-11,Q4,Completed,Mobile App,1482.52,Germany,VIP
ORD004721,C00637,2023-09-28,2023-09,Q3,Completed,Website,95.07,Germany,Regular
ORD004722,C01200,2023-08-01,2023-08,Q3,Completed,Website,217.46,France,Regular
ORD004723,C00317,2023-10-23,2023-10,Q4,Completed,Phone,321.3,Austria,Regular
ORD004724,C00680,2023-01-20,2023-01,Q1,Completed,Website,2016.94,Germany,VIP
ORD004725,C00081,2023-03-18,2023-03,Q1,Completed,Marketplace,286.45,Germany,New
ORD004726,C01806,2023-06-12,2023-06,Q2,Returned,Website,43.43,Netherlands,VIP
ORD004727,C00641,2023-07-07,2023-07,Q3,Completed,Phone,121.44,Belgium,VIP
ORD004728,C01261,2023-09-02,2023-09,Q3,Completed,Website,471.57,Austria,Regular
ORD004729,C01174,2023-09-27,2023-09,Q3,Completed,Website,1156.53,France,Regular
ORD004730,C01676,2023-04-03,2023-04,Q2,Completed,Phone,116.82,Germany,New
ORD004731,C00631,2023-12-23,2023-12,Q4,Completed,Phone,92.6,Netherlands,Regular
ORD004732,C01388,2023-06-08,2023-06,Q2,Completed,Phone,36.8,Netherlands,Regular
ORD004733,C01412,2023-10-26,2023-10,Q4,Completed,Mobile App,412.27,Germany,VIP
ORD004734,C00658,2023-12-25,2023-12,Q4,Completed,Mobile App,1142.66,Germany,New
ORD004735,C00293,2023-11-15,2023-11,Q4,Completed,Marketplace,200.09,Netherlands,Regular
ORD004736,C00669,2023-04-05,2023-04,Q2,Completed,Mobile App,310.89,Germany,VIP
ORD004737,C00715,2023-11-05,2023-11,Q4,Completed,Website,1288.77,Austria,Regular
ORD004738,C00269,2023-11-02,2023-11,Q4,Completed,Mobile App,228.92,Belgium,Regular
ORD004739,C00681,2023-12-30,2023-12,Q4,Completed,Mobile App,30.38,Germany,VIP
ORD004740,C01338,2023-04-23,2023-04,Q2,Completed,Phone,65.13,Germany,Regular
ORD004741,C01573,2023-09-11,2023-09,Q3,Completed,Marketplace,825.3,Switzerland,VIP
ORD004742,C01670,2023-05-28,2023-05,Q2,Completed,Phone,542.56,Germany,Regular
ORD004743,C01545,2023-04-19,2023-04,Q2,Completed,Website,55.47,Switzerland,VIP
ORD004744,C00259,2023-02-03,2023-02,Q1,Completed,Website,726.62,France,VIP
ORD004745,C00540,2023-05-08,2023-05,Q2,Completed,Phone,683.46,France,VIP
ORD004746,C01865,2023-01-24,2023-01,Q1,Completed,Phone,1939.21,Austria,VIP
ORD004747,C01219,2023-04-05,2023-04,Q2,Completed,Marketplace,1188.03,France,Regular
ORD004748,C00482,2023-12-15,2023-12,Q4,Cancelled,Mobile App,733.95,Germany,VIP
ORD004749,C00883,2023-12-16,2023-12,Q4,Completed,Marketplace,124.08,Netherlands,Regular
ORD004750,C00864,2023-05-05,2023-05,Q2,Completed,Phone,236.37,Switzerland,VIP
ORD004751,C01980,2023-08-10,2023-08,Q3,Completed,Website,825.66,Belgium,VIP
ORD004752,C01073,2023-01-21,2023-01,Q1,Completed,Website,2332.41,Austria,Regular
ORD004753,C00763,2023-07-27,2023-07,Q3,Completed,Mobile App,1202.02,Netherlands,New
ORD004754,C01545,2023-11-17,2023-11,Q4,Completed,Website,504.79,Switzerland,VIP
ORD004755,C00153,2023-05-02,2023-05,Q2,Returned,Website,64.33,Germany,VIP
ORD004756,C01867,2023-07-02,2023-07,Q3,Completed,Website,223.14,Germany,New
ORD004757,C00026,2023-04-10,2023-04,Q2,Completed,Mobile App,1512.16,France,Regular
ORD004758,C01405,2023-12-20,2023-12,Q4,Completed,Mobile App,91.79,France,Regular
ORD004759,C00801,2023-08-08,2023-08,Q3,Completed,Phone,471.38,France,VIP
ORD004760,C01400,2023-10-07,2023-10,Q4,Completed,Marketplace,55.22,Germany,New
ORD004761,C00837,2023-11-03,2023-11,Q4,Completed,Mobile App,90.08,France,VIP
ORD004762,C01160,2023-02-04,2023-02,Q1,Completed,Phone,35.96,Austria,VIP
ORD004763,C01877,2023-10-29,2023-10,Q4,Completed,Marketplace,1137.04,Germany,Regular
ORD004764,C00670,2023-05-07,2023-05,Q2,Completed,Phone,950.71,Belgium,Regular
ORD004765,C00748,2023-08-31,2023-08,Q3,Completed,Mobile App,104.56,Netherlands,Regular
ORD004766,C00661,2023-06-24,2023-06,Q2,Completed,Marketplace,83.9,France,VIP
ORD004767,C01258,2023-01-03,2023-01,Q1,Completed,Mobile App,60.75,Germany,VIP
ORD004768,C01099,2023-11-13,2023-11,Q4,Completed,Website,280.81,Switzerland,VIP
ORD004769,C00002,2023-11-11,2023-11,Q4,Completed,Website,81.33,Netherlands,Regular
ORD004770,C01216,2023-04-28,2023-04,Q2,Cancelled,Website,1082.81,France,Regular
ORD004771,C01970,2023-08-18,2023-08,Q3,Completed,Website,1763.79,France,New
ORD004772,C01080,2023-11-26,2023-11,Q4,Cancelled,Phone,607.25,Belgium,VIP
ORD004773,C00596,2023-03-18,2023-03,Q1,Completed,Website,48.86,Switzerland,VIP
ORD004774,C00719,2023-05-13,2023-05,Q2,Completed,Marketplace,200.27,France,Regular
ORD004775,C01408,2023-12-07,2023-12,Q4,Completed,Mobile App,91.95,Netherlands,Regular
ORD004776,C01541,2023-10-28,2023-10,Q4,Completed,Marketplace,910.81,Germany,VIP
ORD004777,C01071,2023-12-07,2023-12,Q4,Completed,Phone,568.13,Switzerland,VIP
ORD004778,C01216,2023-12-15,2023-12,Q4,Completed,Mobile App,807.35,France,Regular
ORD004779,C01235,2023-08-20,2023-08,Q3,Completed,Marketplace,124.0,Switzerland,Regular
ORD004780,C00100,2023-09-26,2023-09,Q3,Completed,Website,285.23,France,Regular
ORD004781,C01712,2023-07-11,2023-07,Q3,Completed,Website,626.25,Germany,New
ORD004782,C01192,2023-09-10,2023-09,Q3,Completed,Mobile App,479.55,Germany,Regular
ORD004783,C00310,2023-01-12,2023-01,Q1,Completed,Phone,73.74,Belgium,Regular
ORD004784,C01399,2023-06-11,2023-06,Q2,Completed,Website,769.37,Netherlands,VIP
ORD004785,C00983,2023-12-12,2023-12,Q4,Completed,Phone,21.84,Belgium,New
ORD004786,C00983,2023-08-28,2023-08,Q3,Completed,Marketplace,1155.28,Belgium,New
ORD004787,C01201,2023-01-22,2023-01,Q1,Returned,Phone,611.59,Switzerland,Regular
ORD004788,C01080,2023-02-09,2023-02,Q1,Completed,Phone,49.47,Belgium,VIP
ORD004789,C01187,2023-05-05,2023-05,Q2,Completed,Marketplace,919.11,Germany,VIP
ORD004790,C00813,2023-03-16,2023-03,Q1,Completed,Marketplace,333.18,Germany,VIP
ORD004791,C00580,2023-12-15,2023-12,Q4,Completed,Mobile App,967.25,Austria,VIP
ORD004792,C00206,2023-02-03,2023-02,Q1,Completed,Marketplace,1981.67,Switzerland,Regular
ORD004793,C00731,2023-11-28,2023-11,Q4,Completed,Phone,81.87,France,Regular
ORD004794,C01575,2023-02-22,2023-02,Q1,Completed,Marketplace,199.61,Belgium,Regular
ORD004795,C01572,2023-06-26,2023-06,Q2,Completed,Mobile App,147.44,Austria,Regular
ORD004796,C00516,2023-06-23,2023-06,Q2,Completed,Marketplace,54.89,Germany,Regular
ORD004797,C01440,2023-03-03,2023-03,Q1,Completed,Phone,245.9,France,New
ORD004798,C01093,2023-11-21,2023-11,Q4,Completed,Marketplace,82.1,Germany,Regular
ORD004799,C00370,2023-11-09,2023-11,Q4,Completed,Phone,338.06,Netherlands,Regular
ORD004800,C00596,2023-06-08,2023-06,Q2,Completed,Marketplace,716.15,Switzerland,VIP
ORD004801,C01369,2023-03-04,2023-03,Q1,Completed,Mobile App,2478.7,Netherlands,VIP
ORD004802,C00660,2023-08-30,2023-08,Q3,Completed,Marketplace,807.35,Germany,New
ORD004803,C01246,2023-08-05,2023-08,Q3,Completed,Mobile App,90.82,Germany,Regular
ORD004804,C01485,2023-12-30,2023-12,Q4,Completed,Mobile App,367.49,France,New
ORD004805,C01064,2023-07-06,2023-07,Q3,Completed,Phone,167.8,Netherlands,Regular
ORD004806,C01156,2023-04-29,2023-04,Q2,Completed,Website,531.55,Germany,VIP
ORD004807,C01561,2023-05-14,2023-05,Q2,Completed,Marketplace,707.66,Belgium,Regular
ORD004808,C01566,2023-06-12,2023-06,Q2,Completed,Mobile App,534.34,Germany,Regular
ORD004809,C00620,2023-05-07,2023-05,Q2,Completed,Phone,1999.3,Belgium,VIP
ORD004810,C01830,2023-05-19,2023-05,Q2,Completed,Phone,224.19,Switzerland,New
ORD004811,C01328,2023-08-07,2023-08,Q3,Completed,Phone,424.92,France,Regular
ORD004812,C01125,2023-04-15,2023-04,Q2,Completed,Marketplace,136.12,Belgium,Churned
ORD004813,C00195,2023-07-18,2023-07,Q3,Completed,Phone,21.79,Germany,Regular
ORD004814,C01494,2023-01-19,2023-01,Q1,Completed,Mobile App,333.2,Germany,Regular
ORD004815,C01403,2023-05-12,2023-05,Q2,Completed,Phone,90.37,Germany,New
ORD004816,C01254,2023-08-22,2023-08,Q3,Completed,Marketplace,28.49,France,VIP
ORD004817,C01753,2023-06-07,2023-06,Q2,Completed,Marketplace,118.35,Germany,New
ORD004818,C00936,2023-11-14,2023-11,Q4,Completed,Mobile App,199.73,Switzerland,VIP
ORD004819,C01280,2023-02-15,2023-02,Q1,Completed,Phone,1395.16,Germany,Regular
ORD004820,C01652,2023-09-20,2023-09,Q3,Completed,Website,404.83,Netherlands,Regular
ORD004821,C00406,2023-11-03,2023-11,Q4,Completed,Marketplace,580.75,Netherlands,Regular
ORD004822,C00097,2023-04-10,2023-04,Q2,Completed,Phone,2211.06,Germany,Regular
ORD004823,C00250,2023-01-19,2023-01,Q1,Cancelled,Mobile App,1119.11,Netherlands,New
ORD004824,C01974,2023-12-02,2023-12,Q4,Completed,Website,298.01,Switzerland,Regular
ORD004825,C01771,2023-12-10,2023-12,Q4,Completed,Marketplace,1368.45,Germany,VIP
ORD004826,C00702,2023-05-13,2023-05,Q2,Completed,Mobile App,31.1,Germany,VIP
ORD004827,C01152,2023-04-27,2023-04,Q2,Completed,Mobile App,387.25,France,VIP
ORD004828,C01161,2023-06-19,2023-06,Q2,Completed,Marketplace,711.9,Germany,Churned
ORD004829,C01200,2023-08-21,2023-08,Q3,Completed,Marketplace,808.54,France,Regular
ORD004830,C01169,2023-04-22,2023-04,Q2,Completed,Marketplace,277.8,Switzerland,New
ORD004831,C00172,2023-06-08,2023-06,Q2,Completed,Website,20.15,Austria,VIP
ORD004832,C01924,2023-08-11,2023-08,Q3,Completed,Website,145.88,Austria,Regular
ORD004833,C00076,2023-01-12,2023-01,Q1,Completed,Phone,308.5,Austria,Regular
ORD004834,C00267,2023-12-07,2023-12,Q4,Completed,Website,743.36,Austria,VIP
ORD004835,C01450,2023-01-16,2023-01,Q1,Completed,Marketplace,56.21,France,Churned
ORD004836,C00720,2023-01-13,2023-01,Q1,Completed,Website,15.25,Netherlands,New
ORD004837,C01914,2023-08-28,2023-08,Q3,Returned,Website,292.99,Germany,Regular
ORD004838,C00530,2023-07-26,2023-07,Q3,Completed,Mobile App,2354.0,Switzerland,Regular
ORD004839,C00036,2023-11-06,2023-11,Q4,Completed,Mobile App,176.76,France,VIP
ORD004840,C01207,2023-11-23,2023-11,Q4,Completed,Mobile App,110.94,Switzerland,VIP
ORD004841,C01156,2023-09-16,2023-09,Q3,Completed,Marketplace,83.34,Germany,VIP
ORD004842,C01766,2023-02-01,2023-02,Q1,Completed,Phone,188.04,Belgium,Regular
ORD004843,C00070,2023-02-25,2023-02,Q1,Completed,Website,538.83,Netherlands,Regular
ORD004844,C00690,2023-04-05,2023-04,Q2,Returned,Mobile App,656.96,Germany,New
ORD004845,C01997,2023-02-14,2023-02,Q1,Completed,Mobile App,26.32,France,New
ORD004846,C01696,2023-07-14,2023-07,Q3,Completed,Phone,524.57,Germany,Regular
ORD004847,C00624,2023-07-18,2023-07,Q3,Completed,Marketplace,455.19,Switzerland,Regular
ORD004848,C00152,2023-03-11,2023-03,Q1,Completed,Mobile App,462.44,Austria,VIP
ORD004849,C00091,2023-09-24,2023-09,Q3,Completed,Marketplace,109.82,Germany,New
ORD004850,C00009,2023-07-03,2023-07,Q3,Completed,Mobile App,242.27,Austria,Regular
ORD004851,C00861,2023-05-31,2023-05,Q2,Completed,Marketplace,342.03,Germany,New
ORD004852,C00596,2023-11-17,2023-11,Q4,Completed,Phone,208.66,Switzerland,VIP
ORD004853,C00801,2023-10-27,2023-10,Q4,Completed,Website,1524.89,France,VIP
ORD004854,C00481,2023-02-27,2023-02,Q1,Completed,Marketplace,938.3,Germany,VIP
ORD004855,C00494,2023-12-23,2023-12,Q4,Completed,Website,670.78,Germany,Regular
ORD004856,C01391,2023-05-22,2023-05,Q2,Completed,Marketplace,169.36,Germany,Regular
ORD004857,C00791,2023-03-10,2023-03,Q1,Completed,Website,1292.17,Austria,VIP
ORD004858,C01810,2023-03-01,2023-03,Q1,Completed,Mobile App,225.25,Switzerland,Regular
ORD004859,C00143,2023-04-01,2023-04,Q2,Completed,Phone,51.46,Germany,Regular
ORD004860,C00020,2023-10-20,2023-10,Q4,Returned,Phone,36.19,Germany,Regular
ORD004861,C00994,2023-01-02,2023-01,Q1,Completed,Phone,100.09,Germany,New
ORD004862,C01829,2023-01-12,2023-01,Q1,Cancelled,Phone,277.8,Austria,Regular
ORD004863,C00230,2023-08-02,2023-08,Q3,Completed,Phone,23.55,Austria,Regular
ORD004864,C00449,2023-01-17,2023-01,Q1,Cancelled,Mobile App,409.86,France,VIP
ORD004865,C01937,2023-02-15,2023-02,Q1,Completed,Website,65.13,Switzerland,New
ORD004866,C01223,2023-09-04,2023-09,Q3,Completed,Mobile App,294.83,Netherlands,Regular
ORD004867,C01332,2023-06-17,2023-06,Q2,Completed,Marketplace,365.2,Germany,VIP
ORD004868,C01697,2023-04-27,2023-04,Q2,Completed,Website,974.52,Germany,Regular
ORD004869,C00683,2023-07-14,2023-07,Q3,Completed,Marketplace,77.74,Netherlands,Regular
ORD004870,C00063,2023-05-03,2023-05,Q2,Completed,Marketplace,352.21,Switzerland,VIP
ORD004871,C00027,2023-05-05,2023-05,Q2,Completed,Website,645.31,Austria,Regular
ORD004872,C01786,2023-07-19,2023-07,Q3,Completed,Website,150.56,Netherlands,VIP
ORD004873,C00555,2023-05-17,2023-05,Q2,Completed,Phone,99.86,Germany,Regular
ORD004874,C01793,2023-11-01,2023-11,Q4,Completed,Website,282.77,Germany,New
ORD004875,C01060,2023-10-15,2023-10,Q4,Completed,Mobile App,388.64,Germany,New
ORD004876,C01043,2023-07-19,2023-07,Q3,Completed,Marketplace,1903.43,Austria,Regular
ORD004877,C00403,2023-09-08,2023-09,Q3,Completed,Mobile App,453.26,Germany,Regular
ORD004878,C00815,2023-12-04,2023-12,Q4,Completed,Website,1028.73,Germany,VIP
ORD004879,C01338,2023-09-27,2023-09,Q3,Completed,Mobile App,64.33,Germany,Regular
ORD004880,C01783,2023-12-04,2023-12,Q4,Completed,Website,971.96,Germany,Regular
ORD004881,C01202,2023-03-26,2023-03,Q1,Completed,Website,320.4,Germany,VIP
ORD004882,C00256,2023-04-07,2023-04,Q2,Completed,Website,33.75,Austria,Regular
ORD004883,C00300,2023-10-24,2023-10,Q4,Completed,Website,32.06,Belgium,VIP
ORD004884,C01024,2023-10-17,2023-10,Q4,Completed,Marketplace,169.03,Switzerland,Regular
ORD004885,C00024,2023-05-27,2023-05,Q2,Completed,Mobile App,662.52,Germany,New
ORD004886,C01238,2023-08-14,2023-08,Q3,Completed,Mobile App,152.0,Germany,Regular
ORD004887,C00465,2023-05-16,2023-05,Q2,Completed,Phone,92.6,Austria,VIP
ORD004888,C00018,2023-06-24,2023-06,Q2,Returned,Phone,482.61,Austria,Regular
ORD004889,C00302,2023-03-02,2023-03,Q1,Completed,Mobile App,1568.95,Netherlands,Regular
ORD004890,C01535,2023-12-22,2023-12,Q4,Completed,Mobile App,1307.93,France,Regular
ORD004891,C00008,2023-05-11,2023-05,Q2,Completed,Website,988.32,Germany,Regular
ORD004892,C01970,2023-06-16,2023-06,Q2,Completed,Mobile App,137.12,France,New
ORD004893,C00732,2023-02-19,2023-02,Q1,Returned,Mobile App,58.74,France,VIP
ORD004894,C01828,2023-12-25,2023-12,Q4,Completed,Marketplace,89.13,Germany,Regular
ORD004895,C01345,2023-03-21,2023-03,Q1,Completed,Phone,441.9,Netherlands,VIP
ORD004896,C00368,2023-03-14,2023-03,Q1,Completed,Marketplace,290.67,Netherlands,Regular
ORD004897,C00460,2023-11-08,2023-11,Q4,Completed,Mobile App,965.19,Netherlands,Regular
ORD004898,C01399,2023-05-28,2023-05,Q2,Completed,Phone,321.3,Netherlands,VIP
ORD004899,C00420,2023-04-30,2023-04,Q2,Completed,Phone,47.56,Germany,Regular
ORD004900,C00654,2023-05-22,2023-05,Q2,Completed,Mobile App,116.78,Netherlands,Regular
ORD004901,C00500,2023-10-14,2023-10,Q4,Completed,Phone,407.63,France,VIP
ORD004902,C01368,2023-05-13,2023-05,Q2,Completed,Website,1189.66,Germany,VIP
ORD004903,C01086,2023-04-07,2023-04,Q2,Completed,Mobile App,24.13,France,Regular
ORD004904,C01561,2023-02-12,2023-02,Q1,Completed,Phone,54.85,Belgium,Regular
ORD004905,C00807,2023-04-20,2023-04,Q2,Completed,Website,434.64,Austria,VIP
ORD004906,C01517,2023-11-09,2023-11,Q4,Completed,Website,235.04,Germany,Regular
ORD004907,C00919,2023-05-20,2023-05,Q2,Completed,Marketplace,27.41,France,VIP
ORD004908,C00153,2023-12-30,2023-12,Q4,Completed,Mobile App,1535.06,Germany,VIP
ORD004909,C01963,2023-08-31,2023-08,Q3,Completed,Mobile App,32.06,Germany,VIP
ORD004910,C01591,2023-03-18,2023-03,Q1,Completed,Marketplace,288.9,Germany,VIP
ORD004911,C01213,2023-12-01,2023-12,Q4,Completed,Phone,765.55,Germany,VIP
ORD004912,C00999,2023-02-02,2023-02,Q1,Completed,Phone,741.5,Germany,VIP
ORD004913,C00993,2023-05-20,2023-05,Q2,Completed,Phone,672.8,Germany,Regular
ORD004914,C01608,2023-05-20,2023-05,Q2,Returned,Website,236.52,Belgium,Regular
ORD004915,C01424,2023-07-19,2023-07,Q3,Completed,Mobile App,2186.96,Germany,Regular
ORD004916,C00203,2023-10-26,2023-10,Q4,Completed,Mobile App,375.95,Switzerland,Regular
ORD004917,C00132,2023-04-14,2023-04,Q2,Completed,Marketplace,89.13,Austria,New
ORD004918,C01239,2023-11-14,2023-11,Q4,Completed,Marketplace,1361.76,Belgium,VIP
ORD004919,C01508,2023-07-28,2023-07,Q3,Completed,Website,313.68,Switzerland,VIP
ORD004920,C00931,2023-10-11,2023-10,Q4,Completed,Marketplace,472.49,Germany,VIP
ORD004921,C01459,2023-04-08,2023-04,Q2,Completed,Mobile App,129.07,Belgium,VIP
ORD004922,C00109,2023-02-18,2023-02,Q1,Completed,Phone,795.19,Austria,VIP
ORD004923,C01896,2023-04-21,2023-04,Q2,Completed,Mobile App,1562.9,Germany,Regular
ORD004924,C00412,2023-06-15,2023-06,Q2,Completed,Website,1139.17,Germany,Regular
ORD004925,C01506,2023-02-24,2023-02,Q1,Completed,Website,128.14,Austria,Regular
ORD004926,C01704,2023-12-26,2023-12,Q4,Completed,Website,59.53,Switzerland,Regular
ORD004927,C00589,2023-01-18,2023-01,Q1,Completed,Marketplace,213.07,Germany,VIP
ORD004928,C01947,2023-03-02,2023-03,Q1,Completed,Marketplace,100.09,Switzerland,Regular
ORD004929,C01758,2023-10-03,2023-10,Q4,Completed,Marketplace,62.66,Germany,VIP
ORD004930,C01654,2023-11-01,2023-11,Q4,Completed,Mobile App,4102.71,Germany,Regular
ORD004931,C00885,2023-04-26,2023-04,Q2,Completed,Marketplace,368.16,Germany,VIP
ORD004932,C01018,2023-04-17,2023-04,Q2,Completed,Phone,129.16,Netherlands,VIP
ORD004933,C00720,2023-04-09,2023-04,Q2,Completed,Website,130.77,Netherlands,New
ORD004934,C00296,2023-01-10,2023-01,Q1,Completed,Website,1051.85,Austria,Regular
ORD004935,C01477,2023-09-04,2023-09,Q3,Completed,Mobile App,338.21,Switzerland,Regular
ORD004936,C00976,2023-09-24,2023-09,Q3,Completed,Website,148.34,Austria,Regular
ORD004937,C01053,2023-04-22,2023-04,Q2,Completed,Marketplace,89.13,Netherlands,Regular
ORD004938,C00251,2023-06-22,2023-06,Q2,Completed,Website,880.6,Belgium,Churned
ORD004939,C01972,2023-11-30,2023-11,Q4,Completed,Website,1671.66,France,Regular
ORD004940,C00060,2023-08-09,2023-08,Q3,Returned,Marketplace,331.23,Austria,VIP
ORD004941,C00612,2023-08-28,2023-08,Q3,Completed,Mobile App,613.24,France,Regular
ORD004942,C00076,2023-12-08,2023-12,Q4,Cancelled,Website,510.29,Austria,Regular
ORD004943,C00725,2023-03-17,2023-03,Q1,Completed,Website,81.07,Germany,VIP
ORD004944,C01422,2023-01-03,2023-01,Q1,Completed,Marketplace,273.71,Germany,Regular
ORD004945,C01704,2023-12-30,2023-12,Q4,Returned,Mobile App,298.36,Switzerland,Regular
ORD004946,C01414,2023-08-09,2023-08,Q3,Completed,Phone,926.29,Belgium,Regular
ORD004947,C00612,2023-05-10,2023-05,Q2,Completed,Website,1057.27,France,Regular
ORD004948,C00031,2023-09-04,2023-09,Q3,Completed,Marketplace,100.09,Belgium,Regular
ORD004949,C01979,2023-09-23,2023-09,Q3,Completed,Website,345.1,Germany,Regular
ORD004950,C01465,2023-02-26,2023-02,Q1,Completed,Mobile App,136.12,Germany,VIP
ORD004951,C01541,2023-03-09,2023-03,Q1,Completed,Mobile App,310.58,Germany,VIP
ORD004952,C01453,2023-12-05,2023-12,Q4,Completed,Marketplace,810.41,France,Churned
ORD004953,C01386,2023-12-24,2023-12,Q4,Completed,Website,429.07,Germany,Regular
ORD004954,C00499,2023-10-21,2023-10,Q4,Completed,Website,411.21,Germany,Regular
ORD004955,C00975,2023-02-27,2023-02,Q1,Completed,Marketplace,85.85,Germany,VIP
ORD004956,C00065,2023-05-15,2023-05,Q2,Completed,Phone,79.54,Austria,VIP
ORD004957,C01424,2023-10-09,2023-10,Q4,Completed,Phone,96.79,Germany,Regular
ORD004958,C01095,2023-04-29,2023-04,Q2,Completed,Marketplace,332.04,Belgium,Regular
ORD004959,C00127,2023-11-12,2023-11,Q4,Returned,Website,31.13,Germany,Regular
ORD004960,C01593,2023-03-15,2023-03,Q1,Cancelled,Phone,1599.78,Germany,Regular
ORD004961,C01887,2023-05-06,2023-05,Q2,Returned,Phone,148.28,Germany,Regular
ORD004962,C01198,2023-06-10,2023-06,Q2,Completed,Website,724.82,Switzerland,VIP
ORD004963,C00243,2023-03-19,2023-03,Q1,Completed,Website,92.6,Germany,Regular
ORD004964,C00479,2023-09-21,2023-09,Q3,Completed,Website,358.76,Germany,New
ORD004965,C01671,2023-12-15,2023-12,Q4,Completed,Phone,1386.49,France,Regular
ORD004966,C01392,2023-07-12,2023-07,Q3,Completed,Mobile App,1963.86,Switzerland,Regular
ORD004967,C00432,2023-10-30,2023-10,Q4,Completed,Mobile App,524.94,Netherlands,Regular
ORD004968,C01314,2023-05-14,2023-05,Q2,Completed,Phone,617.96,Netherlands,Regular
ORD004969,C00276,2023-12-04,2023-12,Q4,Cancelled,Mobile App,807.35,Belgium,Regular
ORD004970,C00489,2023-11-20,2023-11,Q4,Returned,Mobile App,235.16,Netherlands,Regular
ORD004971,C01348,2023-06-11,2023-06,Q2,Completed,Phone,218.2,Germany,Regular
ORD004972,C01672,2023-01-06,2023-01,Q1,Completed,Website,334.58,Germany,Regular
ORD004973,C01378,2023-01-31,2023-01,Q1,Completed,Marketplace,501.01,Austria,Regular
ORD004974,C00601,2023-11-09,2023-11,Q4,Completed,Mobile App,781.45,Switzerland,New
ORD004975,C01044,2023-05-08,2023-05,Q2,Completed,Phone,117.6,Austria,Regular
ORD004976,C00969,2023-12-30,2023-12,Q4,Completed,Mobile App,1048.38,Switzerland,New
ORD004977,C01033,2023-03-20,2023-03,Q1,Completed,Phone,690.7,Germany,Regular
ORD004978,C01083,2023-02-25,2023-02,Q1,Completed,Mobile App,479.55,Germany,Regular
ORD004979,C01661,2023-03-04,2023-03,Q1,Completed,Website,478.6,Germany,Regular
ORD004980,C01474,2023-06-09,2023-06,Q2,Completed,Website,56.59,Germany,VIP
ORD004981,C00228,2023-11-02,2023-11,Q4,Completed,Mobile App,1100.91,Germany,New
ORD004982,C01577,2023-06-25,2023-06,Q2,Completed,Marketplace,693.84,Germany,Regular
ORD004983,C01981,2023-04-29,2023-04,Q2,Completed,Phone,735.06,Germany,Regular
ORD004984,C00630,2023-08-28,2023-08,Q3,Completed,Marketplace,1486.56,Switzerland,VIP
ORD004985,C00620,2023-05-25,2023-05,Q2,Completed,Phone,250.24,Belgium,VIP
ORD004986,C00757,2023-12-19,2023-12,Q4,Completed,Mobile App,239.25,Germany,Regular
ORD004987,C01801,2023-08-25,2023-08,Q3,Completed,Marketplace,592.51,Germany,Regular
ORD004988,C00524,2023-05-16,2023-05,Q2,Completed,Website,176.67,Germany,Regular
ORD004989,C01397,2023-12-08,2023-12,Q4,Completed,Phone,877.63,Netherlands,Regular
ORD004990,C01275,2023-08-29,2023-08,Q3,Completed,Phone,90.48,Switzerland,Regular
ORD004991,C00736,2023-01-12,2023-01,Q1,Completed,Phone,215.5,Netherlands,Regular
ORD004992,C01530,2023-06-02,2023-06,Q2,Completed,Marketplace,93.23,Netherlands,VIP
ORD004993,C00259,2023-10-06,2023-10,Q4,Completed,Website,1794.46,France,VIP
ORD004994,C01952,2023-12-31,2023-12,Q4,Completed,Marketplace,138.59,France,VIP
ORD004995,C01900,2023-03-22,2023-03,Q1,Completed,Marketplace,38.74,Austria,Regular
ORD004996,C00054,2023-05-22,2023-05,Q2,Completed,Phone,737.02,Switzerland,VIP
ORD004997,C01731,2023-03-04,2023-03,Q1,Completed,Phone,735.06,Netherlands,VIP
ORD004998,C01958,2023-07-06,2023-07,Q3,Completed,Phone,295.27,Germany,VIP
ORD004999,C01526,2023-05-27,2023-05,Q2,Completed,Website,901.67,France,VIP
ORD005000,C01323,2023-05-09,2023-05,Q2,Completed,Marketplace,169.03,Switzerland,New
ORD005001,C00670,2023-05-23,2023-05,Q2,Completed,Website,45.12,Belgium,Regular
ORD005002,C00480,2023-12-27,2023-12,Q4,Completed,Phone,91.1,Switzerland,Regular
ORD005003,C01511,2023-01-16,2023-01,Q1,Completed,Phone,781.32,Switzerland,New
ORD005004,C01445,2023-11-27,2023-11,Q4,Completed,Website,407.63,Austria,Regular
ORD005005,C00396,2023-11-19,2023-11,Q4,Completed,Marketplace,392.32,France,Regular
ORD005006,C01539,2023-01-11,2023-01,Q1,Completed,Phone,855.8,Switzerland,Regular
ORD005007,C00074,2023-11-25,2023-11,Q4,Completed,Phone,262.58,Germany,Regular
ORD005008,C00860,2023-02-18,2023-02,Q1,Completed,Website,348.42,France,Regular
ORD005009,C01672,2023-04-17,2023-04,Q2,Completed,Phone,551.95,Germany,Regular
ORD005010,C00818,2023-10-26,2023-10,Q4,Completed,Phone,1716.0,Switzerland,VIP
ORD005011,C00926,2023-07-24,2023-07,Q3,Cancelled,Marketplace,105.6,Germany,Regular
ORD005012,C01039,2023-10-04,2023-10,Q4,Completed,Mobile App,1472.58,Switzerland,Regular
ORD005013,C00114,2023-11-18,2023-11,Q4,Completed,Website,1573.79,Switzerland,New
ORD005014,C01386,2023-12-31,2023-12,Q4,Completed,Website,850.15,Germany,Regular
ORD005015,C00639,2023-12-22,2023-12,Q4,Completed,Website,267.51,Germany,VIP
ORD005016,C01934,2023-07-05,2023-07,Q3,Completed,Phone,142.67,Switzerland,VIP
ORD005017,C01230,2023-05-15,2023-05,Q2,Returned,Phone,1350.0,Switzerland,New
ORD005018,C00925,2023-04-15,2023-04,Q2,Completed,Phone,663.32,Germany,VIP
ORD005019,C00841,2023-02-23,2023-02,Q1,Completed,Mobile App,344.54,Switzerland,VIP
ORD005020,C01115,2023-03-28,2023-03,Q1,Completed,Phone,1478.09,Germany,Regular
ORD005021,C01609,2023-07-11,2023-07,Q3,Completed,Mobile App,117.44,Austria,Regular
ORD005022,C00018,2023-11-14,2023-11,Q4,Completed,Mobile App,529.39,Austria,Regular
ORD005023,C00403,2023-11-20,2023-11,Q4,Completed,Marketplace,54.29,Germany,Regular
ORD005024,C00786,2023-12-11,2023-12,Q4,Completed,Mobile App,238.61,Austria,VIP
ORD005025,C01526,2023-05-13,2023-05,Q2,Completed,Mobile App,90.2,France,VIP
ORD005026,C01459,2023-11-28,2023-11,Q4,Completed,Marketplace,161.93,Belgium,VIP
ORD005027,C01874,2023-07-08,2023-07,Q3,Completed,Marketplace,80.22,France,New
ORD005028,C01260,2023-08-20,2023-08,Q3,Completed,Mobile App,441.9,Germany,Regular
ORD005029,C01121,2023-06-25,2023-06,Q2,Completed,Phone,93.95,Germany,Regular
ORD005030,C00160,2023-07-24,2023-07,Q3,Completed,Website,138.14,France,Regular
ORD005031,C01300,2023-12-23,2023-12,Q4,Completed,Mobile App,1667.01,Switzerland,New
ORD005032,C00946,2023-12-11,2023-12,Q4,Completed,Website,683.85,Switzerland,New
ORD005033,C01796,2023-05-28,2023-05,Q2,Completed,Mobile App,499.71,Switzerland,Regular
ORD005034,C00547,2023-02-08,2023-02,Q1,Completed,Marketplace,65.14,Belgium,Regular
ORD005035,C00342,2023-01-19,2023-01,Q1,Completed,Marketplace,387.25,France,New
ORD005036,C00445,2023-12-15,2023-12,Q4,Completed,Website,71.56,Germany,New
ORD005037,C00947,2023-12-13,2023-12,Q4,Completed,Phone,137.66,Austria,Regular
ORD005038,C00697,2023-12-07,2023-12,Q4,Completed,Mobile App,1899.25,Netherlands,Regular
ORD005039,C01510,2023-06-03,2023-06,Q2,Completed,Mobile App,1367.48,France,VIP
ORD005040,C00896,2023-11-07,2023-11,Q4,Completed,Mobile App,170.84,Germany,Regular
ORD005041,C01198,2023-07-13,2023-07,Q3,Completed,Phone,218.42,Switzerland,VIP
ORD005042,C00477,2023-11-21,2023-11,Q4,Completed,Marketplace,58.83,Germany,New
ORD005043,C01515,2023-07-15,2023-07,Q3,Completed,Website,234.88,Austria,New
ORD005044,C01410,2023-08-07,2023-08,Q3,Completed,Phone,1367.68,Germany,New
ORD005045,C01587,2023-12-06,2023-12,Q4,Completed,Website,508.89,Germany,Regular
ORD005046,C00426,2023-02-14,2023-02,Q1,Completed,Website,116.16,Netherlands,Regular
ORD005047,C00688,2023-04-01,2023-04,Q2,Returned,Mobile App,698.72,Germany,VIP
ORD005048,C01748,2023-04-09,2023-04,Q2,Completed,Mobile App,627.17,Germany,Regular
ORD005049,C01133,2023-09-21,2023-09,Q3,Completed,Website,174.73,Netherlands,VIP
ORD005050,C00411,2023-08-02,2023-08,Q3,Completed,Website,2740.02,Switzerland,Regular
ORD005051,C01963,2023-06-07,2023-06,Q2,Completed,Phone,89.11,Germany,VIP
ORD005052,C01268,2023-04-23,2023-04,Q2,Completed,Marketplace,180.57,Belgium,Regular
ORD005053,C00368,2023-12-19,2023-12,Q4,Completed,Website,650.08,Netherlands,Regular
ORD005054,C01699,2023-12-28,2023-12,Q4,Completed,Phone,233.53,Netherlands,Regular
ORD005055,C01942,2023-05-23,2023-05,Q2,Completed,Phone,386.18,Switzerland,VIP
ORD005056,C01516,2023-07-19,2023-07,Q3,Completed,Mobile App,539.81,Germany,Regular
ORD005057,C00417,2023-03-12,2023-03,Q1,Completed,Mobile App,91.23,Belgium,Regular
ORD005058,C00518,2023-11-06,2023-11,Q4,Completed,Phone,482.57,Netherlands,Regular
ORD005059,C01448,2023-12-11,2023-12,Q4,Completed,Phone,54.29,Germany,Regular
ORD005060,C00701,2023-05-03,2023-05,Q2,Completed,Mobile App,57.59,Belgium,VIP
ORD005061,C00028,2023-04-10,2023-04,Q2,Completed,Marketplace,299.54,Germany,Regular
ORD005062,C01132,2023-02-12,2023-02,Q1,Completed,Mobile App,862.44,Germany,VIP
ORD005063,C01929,2023-02-27,2023-02,Q1,Returned,Marketplace,202.42,France,VIP
ORD005064,C01482,2023-06-25,2023-06,Q2,Completed,Marketplace,407.63,Austria,Regular
ORD005065,C01651,2023-03-07,2023-03,Q1,Completed,Website,117.65,Germany,Churned
ORD005066,C00078,2023-12-31,2023-12,Q4,Completed,Mobile App,145.88,Austria,Regular
ORD005067,C01508,2023-11-29,2023-11,Q4,Completed,Phone,126.69,Switzerland,VIP
ORD005068,C01076,2023-05-03,2023-05,Q2,Completed,Mobile App,541.33,Switzerland,VIP
ORD005069,C01541,2023-10-05,2023-10,Q4,Completed,Marketplace,180.98,Germany,VIP
ORD005070,C01787,2023-06-04,2023-06,Q2,Completed,Mobile App,26.28,Germany,Regular
ORD005071,C00621,2023-06-04,2023-06,Q2,Completed,Phone,775.7,Switzerland,Regular
ORD005072,C00285,2023-01-09,2023-01,Q1,Completed,Mobile App,1835.16,Germany,Regular
ORD005073,C00813,2023-12-23,2023-12,Q4,Completed,Mobile App,1736.77,Germany,VIP
ORD005074,C01031,2023-05-26,2023-05,Q2,Completed,Phone,116.78,France,VIP
ORD005075,C00258,2023-12-15,2023-12,Q4,Completed,Marketplace,85.08,Switzerland,Regular
ORD005076,C01247,2023-09-10,2023-09,Q3,Completed,Marketplace,143.5,Germany,VIP
ORD005077,C01618,2023-02-14,2023-02,Q1,Completed,Phone,447.06,Germany,VIP
ORD005078,C00924,2023-11-29,2023-11,Q4,Completed,Phone,21.84,Switzerland,Regular
ORD005079,C01051,2023-01-01,2023-01,Q1,Completed,Marketplace,58.39,Switzerland,New
ORD005080,C00596,2023-11-29,2023-11,Q4,Completed,Website,801.7,Switzerland,VIP
ORD005081,C00472,2023-12-21,2023-12,Q4,Completed,Mobile App,33.75,Switzerland,VIP
ORD005082,C00694,2023-08-16,2023-08,Q3,Completed,Website,113.92,Belgium,New
ORD005083,C01174,2023-03-05,2023-03,Q1,Completed,Marketplace,571.33,France,Regular
ORD005084,C00360,2023-09-23,2023-09,Q3,Completed,Mobile App,256.68,Belgium,Regular
ORD005085,C01985,2023-03-12,2023-03,Q1,Completed,Website,1011.54,Germany,Regular
ORD005086,C00845,2023-07-24,2023-07,Q3,Completed,Mobile App,331.85,Netherlands,VIP
ORD005087,C01178,2023-07-15,2023-07,Q3,Completed,Website,191.76,Belgium,VIP
ORD005088,C00918,2023-01-31,2023-01,Q1,Completed,Mobile App,812.36,Switzerland,VIP
ORD005089,C01759,2023-03-25,2023-03,Q1,Completed,Website,128.72,Germany,New
ORD005090,C01284,2023-05-10,2023-05,Q2,Completed,Phone,167.29,Netherlands,Regular
ORD005091,C01320,2023-10-12,2023-10,Q4,Completed,Website,503.63,Belgium,VIP
ORD005092,C01317,2023-10-29,2023-10,Q4,Completed,Phone,160.35,Germany,Regular
ORD005093,C00971,2023-05-02,2023-05,Q2,Completed,Marketplace,452.95,Austria,Regular
ORD005094,C01038,2023-08-08,2023-08,Q3,Cancelled,Website,559.7,Germany,VIP
ORD005095,C00284,2023-05-08,2023-05,Q2,Completed,Phone,456.7,Belgium,New
ORD005096,C01526,2023-10-02,2023-10,Q4,Completed,Phone,1669.63,France,VIP
ORD005097,C01013,2023-12-25,2023-12,Q4,Completed,Marketplace,112.82,Belgium,Regular
ORD005098,C01721,2023-07-05,2023-07,Q3,Completed,Website,162.52,France,Regular
ORD005099,C01679,2023-03-08,2023-03,Q1,Completed,Website,93.66,Belgium,VIP
ORD005100,C00981,2023-04-24,2023-04,Q2,Completed,Mobile App,37.85,Germany,Regular
ORD005101,C00925,2023-05-06,2023-05,Q2,Completed,Marketplace,624.0,Germany,VIP
ORD005102,C00408,2023-04-30,2023-04,Q2,Completed,Marketplace,40.46,Germany,Regular
ORD005103,C01868,2023-08-19,2023-08,Q3,Completed,Phone,1176.47,Belgium,Churned
ORD005104,C01693,2023-12-04,2023-12,Q4,Cancelled,Marketplace,416.52,Austria,Regular
ORD005105,C00973,2023-03-24,2023-03,Q1,Completed,Marketplace,2178.06,Germany,Regular
ORD005106,C01090,2023-02-18,2023-02,Q1,Completed,Mobile App,227.06,Germany,Regular
ORD005107,C00043,2023-05-09,2023-05,Q2,Completed,Website,296.46,Germany,Regular
ORD005108,C01784,2023-05-03,2023-05,Q2,Completed,Mobile App,772.7,Netherlands,Regular
ORD005109,C01031,2023-04-11,2023-04,Q2,Completed,Website,32.82,France,VIP
ORD005110,C01630,2023-08-05,2023-08,Q3,Completed,Phone,30.16,Switzerland,VIP
ORD005111,C01069,2023-05-07,2023-05,Q2,Cancelled,Website,14.44,Belgium,New
ORD005112,C00905,2023-02-14,2023-02,Q1,Completed,Phone,69.1,France,Regular
ORD005113,C01279,2023-11-13,2023-11,Q4,Completed,Website,31.66,Switzerland,Regular
ORD005114,C00438,2023-02-12,2023-02,Q1,Completed,Mobile App,246.51,Germany,VIP
ORD005115,C00403,2023-10-07,2023-10,Q4,Completed,Phone,31.1,Germany,Regular
ORD005116,C00065,2023-09-26,2023-09,Q3,Completed,Mobile App,63.18,Austria,VIP
ORD005117,C00174,2023-04-24,2023-04,Q2,Completed,Website,340.71,Germany,Regular
ORD005118,C00743,2023-12-24,2023-12,Q4,Completed,Mobile App,94.06,Germany,VIP
ORD005119,C01449,2023-03-13,2023-03,Q1,Completed,Website,886.11,Austria,Regular
ORD005120,C01544,2023-09-19,2023-09,Q3,Completed,Phone,348.42,Belgium,Regular
ORD005121,C01890,2023-11-08,2023-11,Q4,Cancelled,Website,918.08,Netherlands,VIP
ORD005122,C01686,2023-02-19,2023-02,Q1,Completed,Website,115.56,Germany,Regular
ORD005123,C00473,2023-09-06,2023-09,Q3,Completed,Mobile App,30.16,Switzerland,VIP
ORD005124,C01025,2023-07-13,2023-07,Q3,Completed,Website,241.65,Switzerland,VIP
ORD005125,C01958,2023-11-12,2023-11,Q4,Completed,Marketplace,612.22,Germany,VIP
ORD005126,C00824,2023-03-09,2023-03,Q1,Completed,Website,80.17,Germany,Regular
ORD005127,C00601,2023-07-28,2023-07,Q3,Completed,Marketplace,2157.73,Switzerland,New
ORD005128,C01485,2023-03-27,2023-03,Q1,Completed,Marketplace,152.19,France,New
ORD005129,C01937,2023-07-12,2023-07,Q3,Completed,Mobile App,648.15,Switzerland,New
ORD005130,C00102,2023-07-26,2023-07,Q3,Completed,Mobile App,148.38,Belgium,Regular
ORD005131,C00270,2023-07-02,2023-07,Q3,Completed,Phone,204.26,Switzerland,VIP
ORD005132,C00443,2023-12-19,2023-12,Q4,Completed,Phone,56.59,Belgium,VIP
ORD005133,C00434,2023-09-11,2023-09,Q3,Completed,Website,1255.64,France,VIP
ORD005134,C00413,2023-10-13,2023-10,Q4,Completed,Mobile App,571.33,Netherlands,New
ORD005135,C00791,2023-01-24,2023-01,Q1,Completed,Mobile App,3514.12,Austria,VIP
ORD005136,C00842,2023-01-13,2023-01,Q1,Completed,Website,737.02,Germany,Regular
ORD005137,C01091,2023-04-09,2023-04,Q2,Completed,Website,469.68,Germany,Regular
ORD005138,C00986,2023-04-28,2023-04,Q2,Completed,Mobile App,233.41,Belgium,New
ORD005139,C01889,2023-10-26,2023-10,Q4,Completed,Mobile App,106.17,Netherlands,Regular
ORD005140,C00026,2023-07-21,2023-07,Q3,Completed,Marketplace,169.23,France,Regular
ORD005141,C01573,2023-07-15,2023-07,Q3,Completed,Mobile App,294.66,Switzerland,VIP
ORD005142,C01762,2023-11-02,2023-11,Q4,Completed,Phone,47.95,Netherlands,New
ORD005143,C00930,2023-01-06,2023-01,Q1,Completed,Marketplace,134.04,Switzerland,VIP
ORD005144,C00612,2023-06-30,2023-06,Q2,Completed,Phone,28.85,France,Regular
ORD005145,C00621,2023-08-28,2023-08,Q3,Completed,Marketplace,61.99,Switzerland,Regular
ORD005146,C00409,2023-12-20,2023-12,Q4,Completed,Website,841.28,Netherlands,Regular
ORD005147,C01371,2023-05-26,2023-05,Q2,Completed,Mobile App,734.72,Germany,Regular
ORD005148,C00742,2023-10-04,2023-10,Q4,Completed,Marketplace,54.68,Netherlands,VIP
ORD005149,C01831,2023-11-15,2023-11,Q4,Completed,Mobile App,653.4,Germany,Regular
ORD005150,C00077,2023-11-23,2023-11,Q4,Completed,Mobile App,687.27,Austria,New
ORD005151,C01696,2023-11-08,2023-11,Q4,Completed,Website,606.57,Germany,Regular
ORD005152,C00333,2023-03-19,2023-03,Q1,Completed,Website,35.66,Germany,Regular
ORD005153,C00911,2023-06-15,2023-06,Q2,Completed,Marketplace,657.52,Belgium,Regular
ORD005154,C00157,2023-11-12,2023-11,Q4,Completed,Marketplace,361.49,Germany,New
ORD005155,C00664,2023-07-20,2023-07,Q3,Completed,Marketplace,38.74,Switzerland,VIP
ORD005156,C00450,2023-07-11,2023-07,Q3,Completed,Marketplace,957.6,Belgium,Regular
ORD005157,C01258,2023-07-04,2023-07,Q3,Completed,Marketplace,463.56,Germany,VIP
ORD005158,C00604,2023-12-11,2023-12,Q4,Returned,Marketplace,234.02,Belgium,Regular
ORD005159,C01563,2023-03-26,2023-03,Q1,Completed,Marketplace,765.05,Belgium,VIP
ORD005160,C00567,2023-12-08,2023-12,Q4,Completed,Phone,198.69,Belgium,VIP
ORD005161,C00918,2023-10-04,2023-10,Q4,Completed,Website,295.05,Switzerland,VIP
ORD005162,C01348,2023-03-02,2023-03,Q1,Completed,Marketplace,2091.76,Germany,Regular
ORD005163,C01258,2023-09-30,2023-09,Q3,Cancelled,Website,43.68,Germany,VIP
ORD005164,C00729,2023-04-08,2023-04,Q2,Returned,Phone,129.57,Germany,Regular
ORD005165,C01223,2023-08-09,2023-08,Q3,Returned,Phone,572.61,Netherlands,Regular
ORD005166,C00574,2023-05-21,2023-05,Q2,Completed,Website,55.22,Switzerland,VIP
ORD005167,C01542,2023-07-30,2023-07,Q3,Completed,Website,315.14,Germany,New
ORD005168,C01790,2023-03-07,2023-03,Q1,Completed,Phone,1028.88,Netherlands,Regular
ORD005169,C01760,2023-10-30,2023-10,Q4,Completed,Website,1244.55,Germany,New
ORD005170,C00147,2023-03-16,2023-03,Q1,Cancelled,Website,864.45,Netherlands,VIP
ORD005171,C01747,2023-07-18,2023-07,Q3,Completed,Mobile App,209.56,France,VIP
ORD005172,C00991,2023-06-23,2023-06,Q2,Completed,Phone,255.12,France,Regular
ORD005173,C00568,2023-06-19,2023-06,Q2,Completed,Marketplace,54.29,Germany,New
ORD005174,C00183,2023-05-30,2023-05,Q2,Completed,Mobile App,177.57,France,Regular
ORD005175,C00803,2023-10-01,2023-10,Q4,Completed,Marketplace,263.8,Austria,VIP
ORD005176,C01336,2023-12-31,2023-12,Q4,Completed,Marketplace,124.05,Germany,VIP
ORD005177,C00992,2023-12-01,2023-12,Q4,Completed,Marketplace,52.84,Austria,Regular
ORD005178,C01247,2023-02-16,2023-02,Q1,Completed,Phone,1534.38,Germany,VIP
ORD005179,C01457,2023-10-02,2023-10,Q4,Completed,Phone,21.84,Germany,VIP
ORD005180,C01045,2023-04-27,2023-04,Q2,Completed,Marketplace,30.92,Germany,VIP
ORD005181,C01164,2023-11-07,2023-11,Q4,Completed,Website,187.12,France,VIP
ORD005182,C00586,2023-01-28,2023-01,Q1,Completed,Mobile App,85.37,Austria,Regular
ORD005183,C01420,2023-02-16,2023-02,Q1,Completed,Website,387.1,Belgium,Regular
ORD005184,C01779,2023-07-03,2023-07,Q3,Completed,Marketplace,680.18,Belgium,VIP
ORD005185,C00818,2023-07-26,2023-07,Q3,Completed,Phone,12.17,Switzerland,VIP
ORD005186,C01676,2023-11-26,2023-11,Q4,Returned,Marketplace,62.72,Germany,New
ORD005187,C00596,2023-06-29,2023-06,Q2,Completed,Mobile App,1560.63,Switzerland,VIP
ORD005188,C00337,2023-09-27,2023-09,Q3,Completed,Marketplace,129.17,Germany,New
ORD005189,C01069,2023-08-08,2023-08,Q3,Completed,Marketplace,52.22,Belgium,New
ORD005190,C00206,2023-11-23,2023-11,Q4,Completed,Phone,274.37,Switzerland,Regular
ORD005191,C00923,2023-11-08,2023-11,Q4,Completed,Mobile App,85.69,Austria,Regular
ORD005192,C01656,2023-01-03,2023-01,Q1,Completed,Mobile App,346.49,Germany,Churned
ORD005193,C00947,2023-11-22,2023-11,Q4,Completed,Phone,58.37,Austria,Regular
ORD005194,C00056,2023-10-13,2023-10,Q4,Completed,Website,1321.11,Belgium,Regular
ORD005195,C01345,2023-07-09,2023-07,Q3,Completed,Phone,194.71,Netherlands,VIP
ORD005196,C00465,2023-07-12,2023-07,Q3,Completed,Phone,491.48,Austria,VIP
ORD005197,C01444,2023-06-02,2023-06,Q2,Completed,Marketplace,1528.33,Netherlands,VIP
ORD005198,C00134,2023-07-09,2023-07,Q3,Completed,Mobile App,210.76,Belgium,VIP
ORD005199,C01395,2023-07-08,2023-07,Q3,Cancelled,Phone,350.74,Switzerland,Churned
ORD005200,C01744,2023-12-25,2023-12,Q4,Completed,Website,58.37,Switzerland,Regular
ORD005201,C01499,2023-03-22,2023-03,Q1,Completed,Marketplace,70.54,France,New
ORD005202,C00962,2023-03-12,2023-03,Q1,Completed,Marketplace,184.01,Germany,Regular
ORD005203,C01067,2023-12-19,2023-12,Q4,Returned,Website,38.94,Belgium,Regular
ORD005204,C00771,2023-11-11,2023-11,Q4,Completed,Website,940.38,Austria,Regular
ORD005205,C00031,2023-04-27,2023-04,Q2,Completed,Website,642.91,Belgium,Regular
ORD005206,C00261,2023-04-13,2023-04,Q2,Completed,Website,333.68,Austria,New
ORD005207,C01834,2023-07-06,2023-07,Q3,Completed,Website,55.45,Belgium,Regular
ORD005208,C00979,2023-12-28,2023-12,Q4,Completed,Marketplace,626.47,Switzerland,Regular
ORD005209,C00328,2023-11-14,2023-11,Q4,Completed,Marketplace,504.79,Germany,Regular
ORD005210,C01679,2023-08-30,2023-08,Q3,Completed,Phone,515.37,Belgium,VIP
ORD005211,C00220,2023-12-24,2023-12,Q4,Completed,Phone,55.06,Switzerland,Regular
ORD005212,C01527,2023-11-05,2023-11,Q4,Completed,Phone,614.72,Netherlands,Churned
ORD005213,C01077,2023-06-08,2023-06,Q2,Completed,Marketplace,150.37,Germany,Regular
ORD005214,C00206,2023-08-25,2023-08,Q3,Completed,Website,1476.08,Switzerland,Regular
ORD005215,C00429,2023-06-02,2023-06,Q2,Completed,Mobile App,227.48,Austria,Regular
ORD005216,C00131,2023-07-18,2023-07,Q3,Completed,Website,211.27,Belgium,Regular
ORD005217,C01647,2023-03-25,2023-03,Q1,Completed,Website,1039.03,Netherlands,Regular
ORD005218,C01744,2023-10-14,2023-10,Q4,Completed,Marketplace,933.62,Switzerland,Regular
ORD005219,C01229,2023-02-27,2023-02,Q1,Completed,Website,281.04,Germany,Regular
ORD005220,C00606,2023-02-11,2023-02,Q1,Completed,Mobile App,1009.58,France,New
ORD005221,C00947,2023-02-13,2023-02,Q1,Completed,Marketplace,108.66,Austria,Regular
ORD005222,C00774,2023-03-05,2023-03,Q1,Completed,Mobile App,449.19,Germany,VIP
ORD005223,C01925,2023-01-04,2023-01,Q1,Completed,Marketplace,668.75,Belgium,Regular
ORD005224,C00559,2023-03-23,2023-03,Q1,Completed,Marketplace,675.0,Germany,VIP
ORD005225,C01615,2023-07-19,2023-07,Q3,Completed,Phone,1456.92,Germany,Regular
ORD005226,C00438,2023-07-16,2023-07,Q3,Completed,Marketplace,90.96,Germany,VIP
ORD005227,C00900,2023-04-17,2023-04,Q2,Completed,Phone,210.41,Germany,New
ORD005228,C00481,2023-02-01,2023-02,Q1,Completed,Mobile App,67.01,Germany,VIP
ORD005229,C00673,2023-06-17,2023-06,Q2,Completed,Website,144.15,Netherlands,Regular
ORD005230,C00249,2023-06-24,2023-06,Q2,Completed,Phone,623.12,France,Regular
ORD005231,C00695,2023-10-23,2023-10,Q4,Completed,Marketplace,83.9,Germany,Regular
ORD005232,C00702,2023-04-14,2023-04,Q2,Completed,Marketplace,250.24,Germany,VIP
ORD005233,C00013,2023-11-24,2023-11,Q4,Completed,Phone,473.85,Germany,Regular
ORD005234,C00311,2023-11-21,2023-11,Q4,Completed,Website,224.69,Belgium,VIP
ORD005235,C00567,2023-10-21,2023-10,Q4,Completed,Marketplace,584.86,Belgium,VIP
ORD005236,C00144,2023-10-01,2023-10,Q4,Completed,Phone,47.49,Switzerland,Regular
ORD005237,C00598,2023-07-18,2023-07,Q3,Completed,Marketplace,359.7,Germany,Regular
ORD005238,C01647,2023-10-05,2023-10,Q4,Cancelled,Phone,703.3,Netherlands,Regular
ORD005239,C00657,2023-11-25,2023-11,Q4,Completed,Website,113.53,Austria,Regular
ORD005240,C01836,2023-08-11,2023-08,Q3,Completed,Website,388.4,Germany,Regular
ORD005241,C00262,2023-02-26,2023-02,Q1,Completed,Marketplace,246.93,Germany,Regular
ORD005242,C01942,2023-05-02,2023-05,Q2,Completed,Phone,601.4,Switzerland,VIP
ORD005243,C01177,2023-04-26,2023-04,Q2,Completed,Mobile App,166.02,Germany,Regular
ORD005244,C01414,2023-04-12,2023-04,Q2,Completed,Phone,115.56,Belgium,Regular
ORD005245,C01907,2023-11-13,2023-11,Q4,Completed,Mobile App,2532.45,Belgium,New
ORD005246,C01629,2023-11-14,2023-11,Q4,Cancelled,Marketplace,280.04,Germany,Regular
ORD005247,C00613,2023-01-04,2023-01,Q1,Completed,Marketplace,538.14,Germany,Regular
ORD005248,C01698,2023-10-31,2023-10,Q4,Completed,Phone,193.08,Germany,Regular
ORD005249,C01974,2023-10-13,2023-10,Q4,Cancelled,Marketplace,100.03,Switzerland,Regular
ORD005250,C00334,2023-08-01,2023-08,Q3,Completed,Mobile App,279.29,Germany,Regular
ORD005251,C00203,2023-03-17,2023-03,Q1,Completed,Marketplace,118.26,Switzerland,Regular
ORD005252,C01679,2023-08-22,2023-08,Q3,Completed,Phone,127.8,Belgium,VIP
ORD005253,C00311,2023-04-23,2023-04,Q2,Returned,Mobile App,834.85,Belgium,VIP
ORD005254,C01672,2023-03-22,2023-03,Q1,Completed,Phone,179.61,Germany,Regular
ORD005255,C01184,2023-12-23,2023-12,Q4,Completed,Website,699.6,Belgium,New
ORD005256,C01569,2023-11-28,2023-11,Q4,Completed,Phone,52.84,Austria,Regular
ORD005257,C01294,2023-12-03,2023-12,Q4,Completed,Mobile App,784.04,Belgium,VIP
ORD005258,C01077,2023-02-17,2023-02,Q1,Completed,Marketplace,500.55,Germany,Regular
ORD005259,C00825,2023-02-16,2023-02,Q1,Completed,Mobile App,71.32,Austria,New
ORD005260,C00701,2023-06-27,2023-06,Q2,Completed,Website,681.56,Belgium,VIP
